2026-04-29 16:02:05 - chaos - INFO - 找到 16 个workflow文件
2026-04-29 16:02:05 - chaos - INFO - 
================================================================================
2026-04-29 16:02:05 - chaos - INFO - 执行workflow: cases/upu/upu/workflow_parallel_corrupt_upu.yaml
2026-04-29 16:02:05 - chaos - INFO - ================================================================================
2026-04-29 16:02:05 - chaos - INFO - Successfully parsed workflow: upu_parallel_network_corrupt_001
2026-04-29 16:02:05 - chaos - INFO - ============================================================
2026-04-29 16:02:05 - chaos - INFO - 开始执行工作流: UPU 并行网络数据包破坏工作流
2026-04-29 16:02:05 - chaos - INFO - 工作流 ID: upu_parallel_network_corrupt_001
2026-04-29 16:02:05 - chaos - INFO - 执行模式: parallel
2026-04-29 16:02:05 - chaos - INFO - ============================================================
2026-04-29 16:02:05 - chaos - INFO - 启动延迟 10.0s
2026-04-29 16:02:17 - chaos - INFO - 执行计划: 共 1 层
2026-04-29 16:02:17 - chaos - INFO - 
============================================================
2026-04-29 16:02:17 - chaos - INFO - 执行第 1/1 层，共 1 个任务
2026-04-29 16:02:17 - chaos - INFO - ============================================================
2026-04-29 16:02:17 - chaos - INFO - [DEBUG] 开始执行任务: UPU 网络数据包破坏 (corrupt_upu)
2026-04-29 16:02:17 - chaos - INFO - [DEBUG] 任务类型: network, 故障类型: corrupt
2026-04-29 16:02:17 - chaos - INFO - [DEBUG] 目标: Pod: upu
2026-04-29 16:02:17 - chaos - INFO - [DEBUG] Duration: 240s, Loop: 1
2026-04-29 16:02:17 - chaos - INFO - [DEBUG] 任务超时时间: 300.0s
2026-04-29 16:02:17 - chaos - INFO - [DEBUG] ========== 开始执行 Case ==========
2026-04-29 16:02:17 - chaos - INFO - [DEBUG] Case名称: upu_corrupt
2026-04-29 16:02:17 - chaos - INFO - [DEBUG] Case类型: network
2026-04-29 16:02:17 - chaos - INFO - [DEBUG] 故障类型: corrupt
2026-04-29 16:02:17 - chaos - INFO - [DEBUG] 环境: 1_ssh_remote
2026-04-29 16:02:17 - chaos - INFO - [DEBUG] 执行 Case 迭代 1/1
2026-04-29 16:02:17 - chaos - INFO - [DEBUG] 开始获取目标列表...
2026-04-29 16:02:17 - chaos.utils.remote - INFO - 后台健康检查线程已启动
2026-04-29 16:02:17 - chaos.utils.remote - INFO - 创建新连接: root@10.230.246.167:50163
2026-04-29 16:02:17 - chaos.utils.remote - INFO - SSH连接建立成功: 10.230.246.167:50163, 耗时: 0.12s
2026-04-29 16:02:17 - chaos.utils.remote - INFO - 新连接创建成功: root@10.230.246.167:50163，当前连接池大小: 1
2026-04-29 16:02:17 - chaos - INFO - 根据名称匹配规则获取 Pod，pattern: upu, namespace: ns-dupf
2026-04-29 16:02:19 - chaos - INFO - 找到包含匹配的 Pod: dupf-upu-dupf01-1-7c9b66cbbf-mnsvt
2026-04-29 16:02:19 - chaos - INFO - 找到包含匹配的 Pod: dupf-upu-dupf01-2-8bf594484-qckmd
2026-04-29 16:02:19 - chaos - INFO - 找到包含匹配的 Pod: dupf-upu-dupf01-3-5bc77f6459-thnr2
2026-04-29 16:02:19 - chaos - INFO - 找到包含匹配的 Pod: dupf-upu-dupf02-4-f694656fc-g9pcc
2026-04-29 16:02:19 - chaos - INFO - 找到包含匹配的 Pod: dupf-upu-dupf02-5-58475bdc49-wnctf
2026-04-29 16:02:19 - chaos - INFO - 找到包含匹配的 Pod: dupf-upu-dupf02-6-656bcb64c8-j2hf6
2026-04-29 16:02:19 - chaos - INFO - 找到包含匹配的 Pod: dupf-upu-dupf03-7-5d67cd95dc-m28vl
2026-04-29 16:02:19 - chaos - INFO - 找到包含匹配的 Pod: dupf-upu-dupf03-8-9695c974c-ttdqv
2026-04-29 16:02:19 - chaos - INFO - 找到包含匹配的 Pod: dupf-upu-dupf03-9-65876966d9-7n4jr
2026-04-29 16:02:19 - chaos - INFO - 找到包含匹配的 Pod: dupf-upu-dupf04-10-74f57567d9-2fnv7
2026-04-29 16:02:19 - chaos - INFO - 找到包含匹配的 Pod: dupf-upu-dupf04-11-849cf77d64-wdzsz
2026-04-29 16:02:19 - chaos - INFO - 找到包含匹配的 Pod: dupf-upu-dupf04-12-9f7c79f99-5z8p5
2026-04-29 16:02:19 - chaos - INFO - 找到 12 个匹配的 Pod
2026-04-29 16:02:19 - chaos - INFO - 随机选择 Pod: dupf-upu-dupf04-10-74f57567d9-2fnv7
2026-04-29 16:02:19 - chaos - INFO - [DEBUG] 找到 1 个目标
2026-04-29 16:02:19 - chaos - INFO - [DEBUG] ---------- 处理目标 1/1 ----------
2026-04-29 16:02:19 - chaos - INFO - [DEBUG] 目标名称: dupf-upu-dupf04-10-74f57567d9-2fnv7
2026-04-29 16:02:19 - chaos - INFO - [DEBUG] 目标节点: None
2026-04-29 16:02:19 - chaos - INFO - [DEBUG] 创建故障注入器...
2026-04-29 16:02:19 - chaos - INFO - [DEBUG] 准备注入故障...
2026-04-29 16:02:19 - chaos - INFO - [DEBUG] 注入参数: {'fault_type': 'corrupt', 'correlation': ['30%', '90%'], 'percent': ['10%', '90%']}
2026-04-29 16:02:19 - chaos - INFO - [DEBUG] ========== 开始注入网络数据包破坏 ==========
2026-04-29 16:02:19 - chaos - INFO - [DEBUG] Pod名称: dupf-upu-dupf04-10-74f57567d9-2fnv7
2026-04-29 16:02:19 - chaos - INFO - [DEBUG] 命名空间: ns-dupf
2026-04-29 16:02:19 - chaos - INFO - [DEBUG] 网卡设备: eth0
2026-04-29 16:02:19 - chaos - INFO - [DEBUG] 损坏比例: 70%, 相关性: 65%
2026-04-29 16:02:19 - chaos - INFO - [DEBUG] 获取 pause 容器 ID...
2026-04-29 16:02:19 - chaos - INFO - 获取 Pod dupf-upu-dupf04-10-74f57567d9-2fnv7 的 pause 容器 ID
2026-04-29 16:02:19 - chaos - INFO - 获取 Pod dupf-upu-dupf04-10-74f57567d9-2fnv7 所在的节点，namespace: ns-dupf
2026-04-29 16:02:19 - chaos - INFO - Pod dupf-upu-dupf04-10-74f57567d9-2fnv7 运行在节点 dupf04
2026-04-29 16:02:19 - chaos - INFO - Pod dupf-upu-dupf04-10-74f57567d9-2fnv7 运行在节点 dupf04
2026-04-29 16:02:19 - chaos - INFO - 找到节点 dupf04 对应的环境: 4_ssh_remote
2026-04-29 16:02:19 - chaos.utils.remote - INFO - 创建新连接: root@10.230.246.170:50163
2026-04-29 16:02:19 - chaos.utils.remote - INFO - SSH连接建立成功: 10.230.246.170:50163, 耗时: 0.10s
2026-04-29 16:02:19 - chaos.utils.remote - INFO - 新连接创建成功: root@10.230.246.170:50163，当前连接池大小: 2
2026-04-29 16:02:21 - chaos - INFO - 解析后的 pause 容器 ID: 6827058d7f15
2026-04-29 16:02:21 - chaos - INFO - [DEBUG] pause 容器 ID: 6827058d7f15
2026-04-29 16:02:21 - chaos - INFO - [DEBUG] 获取 pause 容器 PID...
2026-04-29 16:02:21 - chaos - INFO - 获取容器的 PID
2026-04-29 16:02:21 - chaos - INFO - 容器 ID: 6827058d7f15
2026-04-29 16:02:21 - chaos - INFO - 提取的容器 PID: 8902
2026-04-29 16:02:21 - chaos - INFO - [DEBUG] pause 容器 PID: 8902
2026-04-29 16:02:21 - chaos - INFO - [DEBUG] 为 Pod dupf-upu-dupf04-10-74f57567d9-2fnv7 注入网络数据包破坏
2026-04-29 16:02:21 - chaos - INFO - [DEBUG] 损坏比例: 70%
2026-04-29 16:02:21 - chaos - INFO - [DEBUG] 相关性: 65%
2026-04-29 16:02:21 - chaos - INFO - [DEBUG] tc 命令: tc qdisc add dev eth0 root netem corrupt 70% 65%
2026-04-29 16:02:21 - chaos - INFO - [DEBUG] 完整命令: nsenter -t 8902 -n tc qdisc add dev eth0 root netem corrupt 70% 65%
2026-04-29 16:02:21 - chaos - INFO - [DEBUG] 执行 tc 命令...
2026-04-29 16:02:21 - chaos - INFO - [DEBUG] 网络数据包破坏注入成功
2026-04-29 16:02:21 - chaos - INFO - [DEBUG] ========== 网络数据包破坏注入完成 ==========
2026-04-29 16:02:21 - chaos - INFO - [DEBUG] 故障注入成功
2026-04-29 16:02:21 - chaos - INFO - [DEBUG] 故障ID: corrupt_dupf-upu-dupf04-10-74f57567d9-2fnv7_ns-dupf_1777449739
2026-04-29 16:02:21 - chaos - INFO - 记录故障：corrupt_dupf-upu-dupf04-10-74f57567d9-2fnv7_ns-dupf_1777449739
2026-04-29 16:02:21 - chaos - INFO - [DEBUG] 开始等待 duration: 240s (240.0秒)
2026-04-29 16:06:32 - chaos - INFO - [DEBUG] duration 等待完成
2026-04-29 16:06:32 - chaos - INFO - [DEBUG] 开始清理故障: corrupt_dupf-upu-dupf04-10-74f57567d9-2fnv7_ns-dupf_1777449739
2026-04-29 16:06:32 - chaos - INFO - 获取 Pod dupf-upu-dupf04-10-74f57567d9-2fnv7 的 pause 容器 ID
2026-04-29 16:06:32 - chaos - INFO - 获取 Pod dupf-upu-dupf04-10-74f57567d9-2fnv7 所在的节点，namespace: ns-dupf
2026-04-29 16:06:32 - chaos - INFO - Pod dupf-upu-dupf04-10-74f57567d9-2fnv7 运行在节点 dupf04
2026-04-29 16:06:32 - chaos - INFO - Pod dupf-upu-dupf04-10-74f57567d9-2fnv7 运行在节点 dupf04
2026-04-29 16:06:32 - chaos - INFO - 找到节点 dupf04 对应的环境: 4_ssh_remote
2026-04-29 16:06:32 - chaos - INFO - 解析后的 pause 容器 ID: 6827058d7f15
2026-04-29 16:06:32 - chaos - INFO - 获取容器的 PID
2026-04-29 16:06:32 - chaos - INFO - 容器 ID: 6827058d7f15
2026-04-29 16:06:32 - chaos - INFO - 提取的容器 PID: 8902
2026-04-29 16:06:32 - chaos - INFO - 恢复网络故障：corrupt_dupf-upu-dupf04-10-74f57567d9-2fnv7_ns-dupf_1777449739
2026-04-29 16:06:32 - chaos - INFO - [DEBUG] 故障清理成功: corrupt_dupf-upu-dupf04-10-74f57567d9-2fnv7_ns-dupf_1777449739
2026-04-29 16:06:32 - chaos - INFO - 标记故障已恢复：corrupt_dupf-upu-dupf04-10-74f57567d9-2fnv7_ns-dupf_1777449739
2026-04-29 16:06:32 - chaos - INFO - 任务执行成功: UPU 网络数据包破坏 (耗时: 255.41s)
2026-04-29 16:06:32 - chaos - INFO - 
================================================================================
                           Workflow Execution Report                            
================================================================================
Workflow ID    : upu_parallel_network_corrupt_001
Workflow Name  : UPU 并行网络数据包破坏工作流
Status         : SUCCESS
Start Time     : 2026-04-29 16:02:05
End Time       : 2026-04-29 16:06:32
Total Duration : 267.22s
Success Rate   : 100.00%
================================================================================

Task Results:
--------------------------------------------------------------------------------
  [SUCCESS ] UPU 网络数据包破坏                    Duration: 255.41s  Group: N/A

================================================================================
Summary Statistics
================================================================================
Total Tasks    : 1
Success        : 1
Failed         : 0
Timeout        : 0
Skipped        : 0
================================================================================
2026-04-29 16:06:32 - chaos - INFO - ============================================================
2026-04-29 16:06:32 - chaos - INFO - 执行 workflow 级别的 auto_clear
2026-04-29 16:06:32 - chaos - INFO - ============================================================
2026-04-29 16:06:32 - chaos - INFO - 需要清理的环境: 1_ssh_remote
2026-04-29 16:06:32 - chaos - INFO - 清理环境 1_ssh_remote 的网络故障...
2026-04-29 16:06:32 - chaos - INFO - 获取 Pod 列表，namespace: ns-dupf, nodename: dupf01
2026-04-29 16:06:32 - chaos - INFO - 找到 19 个 Pod
2026-04-29 16:06:32 - chaos - INFO - 找到 19 个 pod
2026-04-29 16:06:32 - chaos - INFO - 清除 Pod dupf-db-operator-7c4b689ff9-8sjll 的网络故障
2026-04-29 16:06:32 - chaos - INFO - 命名空间: ns-dupf, 网络设备: eth0
2026-04-29 16:06:32 - chaos - INFO - 获取 Pod dupf-db-operator-7c4b689ff9-8sjll 的 pause 容器 ID
2026-04-29 16:06:32 - chaos - INFO - 解析后的 pause 容器 ID: a77a532556c8
2026-04-29 16:06:32 - chaos - INFO - 获取容器的 PID
2026-04-29 16:06:32 - chaos - INFO - 容器 ID: a77a532556c8
2026-04-29 16:06:33 - chaos - INFO - 提取的容器 PID: 32309
2026-04-29 16:06:33 - chaos - INFO - Pod dupf-db-operator-7c4b689ff9-8sjll 的网络故障清除成功
2026-04-29 16:06:33 - chaos - INFO - 清除 Pod dupf-ddb-shd-0-1 的网络故障
2026-04-29 16:06:33 - chaos - INFO - 命名空间: ns-dupf, 网络设备: eth0
2026-04-29 16:06:33 - chaos - INFO - 获取 Pod dupf-ddb-shd-0-1 的 pause 容器 ID
2026-04-29 16:06:33 - chaos - INFO - 解析后的 pause 容器 ID: 1f077a28fe53
2026-04-29 16:06:33 - chaos - INFO - 获取容器的 PID
2026-04-29 16:06:33 - chaos - INFO - 容器 ID: 1f077a28fe53
2026-04-29 16:06:33 - chaos - INFO - 提取的容器 PID: 17320
2026-04-29 16:06:33 - chaos - INFO - Pod dupf-ddb-shd-0-1 的网络故障清除成功
2026-04-29 16:06:33 - chaos - INFO - 清除 Pod dupf-ddb-shd-1-0 的网络故障
2026-04-29 16:06:33 - chaos - INFO - 命名空间: ns-dupf, 网络设备: eth0
2026-04-29 16:06:33 - chaos - INFO - 获取 Pod dupf-ddb-shd-1-0 的 pause 容器 ID
2026-04-29 16:06:33 - chaos - INFO - 解析后的 pause 容器 ID: d1d0fe54bc9a
2026-04-29 16:06:33 - chaos - INFO - 获取容器的 PID
2026-04-29 16:06:33 - chaos - INFO - 容器 ID: d1d0fe54bc9a
2026-04-29 16:06:33 - chaos - INFO - 提取的容器 PID: 17632
2026-04-29 16:06:33 - chaos - INFO - Pod dupf-ddb-shd-1-0 的网络故障清除成功
2026-04-29 16:06:33 - chaos - INFO - 清除 Pod dupf-ddb-shd-2-0 的网络故障
2026-04-29 16:06:33 - chaos - INFO - 命名空间: ns-dupf, 网络设备: eth0
2026-04-29 16:06:33 - chaos - INFO - 获取 Pod dupf-ddb-shd-2-0 的 pause 容器 ID
2026-04-29 16:06:33 - chaos - INFO - 解析后的 pause 容器 ID: 30f0f4bd58d1
2026-04-29 16:06:33 - chaos - INFO - 获取容器的 PID
2026-04-29 16:06:33 - chaos - INFO - 容器 ID: 30f0f4bd58d1
2026-04-29 16:06:33 - chaos - INFO - 提取的容器 PID: 17976
2026-04-29 16:06:34 - chaos - INFO - Pod dupf-ddb-shd-2-0 的网络故障清除成功
2026-04-29 16:06:34 - chaos - INFO - 清除 Pod dupf-etcd-2 的网络故障
2026-04-29 16:06:34 - chaos - INFO - 命名空间: ns-dupf, 网络设备: eth0
2026-04-29 16:06:34 - chaos - INFO - 获取 Pod dupf-etcd-2 的 pause 容器 ID
2026-04-29 16:06:34 - chaos - INFO - 解析后的 pause 容器 ID: c256bd69e3d6
2026-04-29 16:06:34 - chaos - INFO - 获取容器的 PID
2026-04-29 16:06:34 - chaos - INFO - 容器 ID: c256bd69e3d6
2026-04-29 16:06:34 - chaos - INFO - 提取的容器 PID: 13185
2026-04-29 16:06:34 - chaos - INFO - Pod dupf-etcd-2 的网络故障清除成功
2026-04-29 16:06:34 - chaos - INFO - 清除 Pod dupf-file-sync-8btfr 的网络故障
2026-04-29 16:06:34 - chaos - INFO - 命名空间: ns-dupf, 网络设备: eth0
2026-04-29 16:06:34 - chaos - INFO - 获取 Pod dupf-file-sync-8btfr 的 pause 容器 ID
2026-04-29 16:06:34 - chaos - INFO - 解析后的 pause 容器 ID: effa6e690919
2026-04-29 16:06:34 - chaos - INFO - 获取容器的 PID
2026-04-29 16:06:34 - chaos - INFO - 容器 ID: effa6e690919
2026-04-29 16:06:34 - chaos - INFO - 提取的容器 PID: 9422
2026-04-29 16:06:34 - chaos - INFO - Pod dupf-file-sync-8btfr 的网络故障清除成功
2026-04-29 16:06:34 - chaos - INFO - 清除 Pod dupf-log-monitor-65798c687f-slczc 的网络故障
2026-04-29 16:06:34 - chaos - INFO - 命名空间: ns-dupf, 网络设备: eth0
2026-04-29 16:06:34 - chaos - INFO - 获取 Pod dupf-log-monitor-65798c687f-slczc 的 pause 容器 ID
2026-04-29 16:06:34 - chaos - INFO - 解析后的 pause 容器 ID: 3674c56fec1b
2026-04-29 16:06:34 - chaos - INFO - 获取容器的 PID
2026-04-29 16:06:34 - chaos - INFO - 容器 ID: 3674c56fec1b
2026-04-29 16:06:34 - chaos - INFO - 提取的容器 PID: 44841
2026-04-29 16:06:34 - chaos - INFO - Pod dupf-log-monitor-65798c687f-slczc 的网络故障清除成功
2026-04-29 16:06:34 - chaos - INFO - 清除 Pod dupf-node-monitor-n76hh 的网络故障
2026-04-29 16:06:34 - chaos - INFO - 命名空间: ns-dupf, 网络设备: eth0
2026-04-29 16:06:34 - chaos - INFO - 获取 Pod dupf-node-monitor-n76hh 的 pause 容器 ID
2026-04-29 16:06:35 - chaos - INFO - 解析后的 pause 容器 ID: bf92c7b0747a
2026-04-29 16:06:35 - chaos - INFO - 获取容器的 PID
2026-04-29 16:06:35 - chaos - INFO - 容器 ID: bf92c7b0747a
2026-04-29 16:06:35 - chaos - INFO - 提取的容器 PID: 10841
2026-04-29 16:06:35 - chaos - INFO - Pod dupf-node-monitor-n76hh 的网络故障清除成功
2026-04-29 16:06:35 - chaos - INFO - 清除 Pod dupf-prometheus-795c67c9dc-lkhrq 的网络故障
2026-04-29 16:06:35 - chaos - INFO - 命名空间: ns-dupf, 网络设备: eth0
2026-04-29 16:06:35 - chaos - INFO - 获取 Pod dupf-prometheus-795c67c9dc-lkhrq 的 pause 容器 ID
2026-04-29 16:06:35 - chaos - INFO - 解析后的 pause 容器 ID: bde7aad54c3a
2026-04-29 16:06:35 - chaos - INFO - 获取容器的 PID
2026-04-29 16:06:35 - chaos - INFO - 容器 ID: bde7aad54c3a
2026-04-29 16:06:35 - chaos - INFO - 提取的容器 PID: 32812
2026-04-29 16:06:35 - chaos - INFO - Pod dupf-prometheus-795c67c9dc-lkhrq 的网络故障清除成功
2026-04-29 16:06:35 - chaos - INFO - 清除 Pod dupf-registry-center-1 的网络故障
2026-04-29 16:06:35 - chaos - INFO - 命名空间: ns-dupf, 网络设备: eth0
2026-04-29 16:06:35 - chaos - INFO - 获取 Pod dupf-registry-center-1 的 pause 容器 ID
2026-04-29 16:06:35 - chaos - INFO - 解析后的 pause 容器 ID: 649c663d5da2
2026-04-29 16:06:35 - chaos - INFO - 获取容器的 PID
2026-04-29 16:06:35 - chaos - INFO - 容器 ID: 649c663d5da2
2026-04-29 16:06:35 - chaos - INFO - 提取的容器 PID: 18202
2026-04-29 16:06:35 - chaos - INFO - Pod dupf-registry-center-1 的网络故障清除成功
2026-04-29 16:06:35 - chaos - INFO - 清除 Pod dupf-sdb-1 的网络故障
2026-04-29 16:06:35 - chaos - INFO - 命名空间: ns-dupf, 网络设备: eth0
2026-04-29 16:06:35 - chaos - INFO - 获取 Pod dupf-sdb-1 的 pause 容器 ID
2026-04-29 16:06:35 - chaos - INFO - 解析后的 pause 容器 ID: 12220ab7e7c1
2026-04-29 16:06:35 - chaos - INFO - 获取容器的 PID
2026-04-29 16:06:35 - chaos - INFO - 容器 ID: 12220ab7e7c1
2026-04-29 16:06:36 - chaos - INFO - 提取的容器 PID: 13278
2026-04-29 16:06:36 - chaos - INFO - Pod dupf-sdb-1 的网络故障清除成功
2026-04-29 16:06:36 - chaos - INFO - 清除 Pod dupf-sdb-sentinel-2 的网络故障
2026-04-29 16:06:36 - chaos - INFO - 命名空间: ns-dupf, 网络设备: eth0
2026-04-29 16:06:36 - chaos - INFO - 获取 Pod dupf-sdb-sentinel-2 的 pause 容器 ID
2026-04-29 16:06:36 - chaos - INFO - 解析后的 pause 容器 ID: 79305cc268c3
2026-04-29 16:06:36 - chaos - INFO - 获取容器的 PID
2026-04-29 16:06:36 - chaos - INFO - 容器 ID: 79305cc268c3
2026-04-29 16:06:36 - chaos - INFO - 提取的容器 PID: 18415
2026-04-29 16:06:36 - chaos - INFO - Pod dupf-sdb-sentinel-2 的网络故障清除成功
2026-04-29 16:06:36 - chaos - INFO - 清除 Pod dupf-sf-mq-proxy-2 的网络故障
2026-04-29 16:06:36 - chaos - INFO - 命名空间: ns-dupf, 网络设备: eth0
2026-04-29 16:06:36 - chaos - INFO - 获取 Pod dupf-sf-mq-proxy-2 的 pause 容器 ID
2026-04-29 16:06:36 - chaos - INFO - 解析后的 pause 容器 ID: fc327bacccc8
2026-04-29 16:06:36 - chaos - INFO - 获取容器的 PID
2026-04-29 16:06:36 - chaos - INFO - 容器 ID: fc327bacccc8
2026-04-29 16:06:36 - chaos - INFO - 提取的容器 PID: 17043
2026-04-29 16:06:36 - chaos - INFO - Pod dupf-sf-mq-proxy-2 的网络故障清除成功
2026-04-29 16:06:36 - chaos - INFO - 清除 Pod dupf-upc-76bbbd9fbb-2nsr2 的网络故障
2026-04-29 16:06:36 - chaos - INFO - 命名空间: ns-dupf, 网络设备: eth0
2026-04-29 16:06:36 - chaos - INFO - 获取 Pod dupf-upc-76bbbd9fbb-2nsr2 的 pause 容器 ID
2026-04-29 16:06:36 - chaos - INFO - 解析后的 pause 容器 ID: 43b3cb8acabe
2026-04-29 16:06:36 - chaos - INFO - 获取容器的 PID
2026-04-29 16:06:36 - chaos - INFO - 容器 ID: 43b3cb8acabe
2026-04-29 16:06:36 - chaos - INFO - 提取的容器 PID: 43328
2026-04-29 16:06:37 - chaos - INFO - Pod dupf-upc-76bbbd9fbb-2nsr2 的网络故障清除成功
2026-04-29 16:06:37 - chaos - INFO - 清除 Pod dupf-upc-76bbbd9fbb-rch45 的网络故障
2026-04-29 16:06:37 - chaos - INFO - 命名空间: ns-dupf, 网络设备: eth0
2026-04-29 16:06:37 - chaos - INFO - 获取 Pod dupf-upc-76bbbd9fbb-rch45 的 pause 容器 ID
2026-04-29 16:06:37 - chaos - INFO - 解析后的 pause 容器 ID: bdca3f3b803a
2026-04-29 16:06:37 - chaos - INFO - 获取容器的 PID
2026-04-29 16:06:37 - chaos - INFO - 容器 ID: bdca3f3b803a
2026-04-29 16:06:37 - chaos - INFO - 提取的容器 PID: 43277
2026-04-29 16:06:37 - chaos - INFO - Pod dupf-upc-76bbbd9fbb-rch45 的网络故障清除成功
2026-04-29 16:06:37 - chaos - INFO - 清除 Pod dupf-upc-lb-2-7cc697d97-6jtgx 的网络故障
2026-04-29 16:06:37 - chaos - INFO - 命名空间: ns-dupf, 网络设备: eth0
2026-04-29 16:06:37 - chaos - INFO - 获取 Pod dupf-upc-lb-2-7cc697d97-6jtgx 的 pause 容器 ID
2026-04-29 16:06:37 - chaos - INFO - 解析后的 pause 容器 ID: 32ccf53e8346
2026-04-29 16:06:37 - chaos - INFO - 获取容器的 PID
2026-04-29 16:06:37 - chaos - INFO - 容器 ID: 32ccf53e8346
2026-04-29 16:06:37 - chaos - INFO - 提取的容器 PID: 2404
2026-04-29 16:06:37 - chaos - INFO - Pod dupf-upc-lb-2-7cc697d97-6jtgx 的网络故障清除成功
2026-04-29 16:06:37 - chaos - INFO - 清除 Pod dupf-upu-dupf01-1-7c9b66cbbf-mnsvt 的网络故障
2026-04-29 16:06:37 - chaos - INFO - 命名空间: ns-dupf, 网络设备: eth0
2026-04-29 16:06:37 - chaos - INFO - 获取 Pod dupf-upu-dupf01-1-7c9b66cbbf-mnsvt 的 pause 容器 ID
2026-04-29 16:06:37 - chaos - INFO - 解析后的 pause 容器 ID: 4d63814c8878
2026-04-29 16:06:37 - chaos - INFO - 获取容器的 PID
2026-04-29 16:06:37 - chaos - INFO - 容器 ID: 4d63814c8878
2026-04-29 16:06:37 - chaos - INFO - 提取的容器 PID: 12635
2026-04-29 16:06:37 - chaos - INFO - Pod dupf-upu-dupf01-1-7c9b66cbbf-mnsvt 的网络故障清除成功
2026-04-29 16:06:37 - chaos - INFO - 清除 Pod dupf-upu-dupf01-2-8bf594484-qckmd 的网络故障
2026-04-29 16:06:37 - chaos - INFO - 命名空间: ns-dupf, 网络设备: eth0
2026-04-29 16:06:37 - chaos - INFO - 获取 Pod dupf-upu-dupf01-2-8bf594484-qckmd 的 pause 容器 ID
2026-04-29 16:06:38 - chaos - INFO - 解析后的 pause 容器 ID: b0322d2e3241
2026-04-29 16:06:38 - chaos - INFO - 获取容器的 PID
2026-04-29 16:06:38 - chaos - INFO - 容器 ID: b0322d2e3241
2026-04-29 16:06:38 - chaos - INFO - 提取的容器 PID: 12649
2026-04-29 16:06:38 - chaos - INFO - Pod dupf-upu-dupf01-2-8bf594484-qckmd 的网络故障清除成功
2026-04-29 16:06:38 - chaos - INFO - 清除 Pod dupf-upu-dupf01-3-5bc77f6459-thnr2 的网络故障
2026-04-29 16:06:38 - chaos - INFO - 命名空间: ns-dupf, 网络设备: eth0
2026-04-29 16:06:38 - chaos - INFO - 获取 Pod dupf-upu-dupf01-3-5bc77f6459-thnr2 的 pause 容器 ID
2026-04-29 16:06:38 - chaos - INFO - 解析后的 pause 容器 ID: 92e012c3f123
2026-04-29 16:06:38 - chaos - INFO - 获取容器的 PID
2026-04-29 16:06:38 - chaos - INFO - 容器 ID: 92e012c3f123
2026-04-29 16:06:38 - chaos - INFO - 提取的容器 PID: 12643
2026-04-29 16:06:38 - chaos - INFO - Pod dupf-upu-dupf01-3-5bc77f6459-thnr2 的网络故障清除成功
2026-04-29 16:06:38 - chaos - INFO - 环境 1_ssh_remote 网络故障清除完成：成功 19, 失败 0
2026-04-29 16:06:38 - chaos - INFO - ============================================================
2026-04-29 16:06:38 - chaos - INFO - workflow 级别的 auto_clear 完成
2026-04-29 16:06:38 - chaos - INFO - ============================================================
2026-04-29 16:06:38 - chaos - INFO - 
================================================================================
2026-04-29 16:06:38 - chaos - INFO - 执行workflow: cases/upu/upu/workflow_parallel_delay_upu.yaml
2026-04-29 16:06:38 - chaos - INFO - ================================================================================
2026-04-29 16:06:38 - chaos - INFO - Successfully parsed workflow: upu_parallel_network_delay_001
2026-04-29 16:06:38 - chaos - INFO - ============================================================
2026-04-29 16:06:38 - chaos - INFO - 开始执行工作流: UPU 并行网络延迟工作流
2026-04-29 16:06:38 - chaos - INFO - 工作流 ID: upu_parallel_network_delay_001
2026-04-29 16:06:38 - chaos - INFO - 执行模式: parallel
2026-04-29 16:06:38 - chaos - INFO - ============================================================
2026-04-29 16:06:38 - chaos - INFO - 启动延迟 10.0s
2026-04-29 16:06:48 - chaos - INFO - 执行计划: 共 1 层
2026-04-29 16:06:48 - chaos - INFO - 
============================================================
2026-04-29 16:06:48 - chaos - INFO - 执行第 1/1 层，共 1 个任务
2026-04-29 16:06:48 - chaos - INFO - ============================================================
2026-04-29 16:06:48 - chaos - INFO - [DEBUG] 开始执行任务: UPU 网络延迟 (delay_upu)
2026-04-29 16:06:48 - chaos - INFO - [DEBUG] 任务类型: network, 故障类型: delay
2026-04-29 16:06:48 - chaos - INFO - [DEBUG] 目标: Pod: upu
2026-04-29 16:06:48 - chaos - INFO - [DEBUG] Duration: 240s, Loop: 1
2026-04-29 16:06:48 - chaos - INFO - [DEBUG] 任务超时时间: 300.0s
2026-04-29 16:06:48 - chaos - INFO - [DEBUG] ========== 开始执行 Case ==========
2026-04-29 16:06:48 - chaos - INFO - [DEBUG] Case名称: upu_delay
2026-04-29 16:06:48 - chaos - INFO - [DEBUG] Case类型: network
2026-04-29 16:06:48 - chaos - INFO - [DEBUG] 故障类型: delay
2026-04-29 16:06:48 - chaos - INFO - [DEBUG] 环境: 1_ssh_remote
2026-04-29 16:06:48 - chaos - INFO - [DEBUG] 执行 Case 迭代 1/1
2026-04-29 16:06:48 - chaos - INFO - [DEBUG] 开始获取目标列表...
2026-04-29 16:06:48 - chaos.utils.remote - INFO - 连接 root@10.230.246.167:50163 不可用，需要重连
2026-04-29 16:06:48 - chaos.utils.remote - INFO - 尝试重连: root@10.230.246.167:50163
2026-04-29 16:06:48 - chaos.utils.remote - INFO - SSH连接建立成功: 10.230.246.167:50163, 耗时: 0.09s
2026-04-29 16:06:48 - chaos.utils.remote - INFO - 重连成功: root@10.230.246.167:50163
2026-04-29 16:06:48 - chaos - INFO - 根据名称匹配规则获取 Pod，pattern: upu, namespace: ns-dupf
2026-04-29 16:06:50 - chaos - INFO - 找到包含匹配的 Pod: dupf-upu-dupf01-1-7c9b66cbbf-mnsvt
2026-04-29 16:06:50 - chaos - INFO - 找到包含匹配的 Pod: dupf-upu-dupf01-2-8bf594484-qckmd
2026-04-29 16:06:50 - chaos - INFO - 找到包含匹配的 Pod: dupf-upu-dupf01-3-5bc77f6459-thnr2
2026-04-29 16:06:50 - chaos - INFO - 找到包含匹配的 Pod: dupf-upu-dupf02-4-f694656fc-g9pcc
2026-04-29 16:06:50 - chaos - INFO - 找到包含匹配的 Pod: dupf-upu-dupf02-5-58475bdc49-wnctf
2026-04-29 16:06:50 - chaos - INFO - 找到包含匹配的 Pod: dupf-upu-dupf02-6-656bcb64c8-j2hf6
2026-04-29 16:06:50 - chaos - INFO - 找到包含匹配的 Pod: dupf-upu-dupf03-7-5d67cd95dc-m28vl
2026-04-29 16:06:50 - chaos - INFO - 找到包含匹配的 Pod: dupf-upu-dupf03-8-9695c974c-ttdqv
2026-04-29 16:06:50 - chaos - INFO - 找到包含匹配的 Pod: dupf-upu-dupf03-9-65876966d9-7n4jr
2026-04-29 16:06:50 - chaos - INFO - 找到包含匹配的 Pod: dupf-upu-dupf04-10-74f57567d9-2fnv7
2026-04-29 16:06:50 - chaos - INFO - 找到包含匹配的 Pod: dupf-upu-dupf04-11-849cf77d64-wdzsz
2026-04-29 16:06:50 - chaos - INFO - 找到包含匹配的 Pod: dupf-upu-dupf04-12-9f7c79f99-5z8p5
2026-04-29 16:06:50 - chaos - INFO - 找到 12 个匹配的 Pod
2026-04-29 16:06:50 - chaos - INFO - 随机选择 Pod: dupf-upu-dupf04-11-849cf77d64-wdzsz
2026-04-29 16:06:50 - chaos - INFO - [DEBUG] 找到 1 个目标
2026-04-29 16:06:50 - chaos - INFO - [DEBUG] ---------- 处理目标 1/1 ----------
2026-04-29 16:06:50 - chaos - INFO - [DEBUG] 目标名称: dupf-upu-dupf04-11-849cf77d64-wdzsz
2026-04-29 16:06:50 - chaos - INFO - [DEBUG] 目标节点: None
2026-04-29 16:06:50 - chaos - INFO - [DEBUG] 创建故障注入器...
2026-04-29 16:06:50 - chaos - INFO - [DEBUG] 准备注入故障...
2026-04-29 16:06:50 - chaos - INFO - [DEBUG] 注入参数: {'fault_type': 'delay', 'correlation': ['20%', '90%'], 'distribution': ['normal', 'pareto', 'paretonormal'], 'jitter': ['10ms', '100ms'], 'time': ['100ms', '1000ms']}
2026-04-29 16:06:50 - chaos - WARNING - 无效的分布模型: ['normal', 'pareto', 'paretonormal'], 随机选择
2026-04-29 16:06:50 - chaos - INFO - 获取 Pod dupf-upu-dupf04-11-849cf77d64-wdzsz 的 pause 容器 ID
2026-04-29 16:06:50 - chaos - INFO - 获取 Pod dupf-upu-dupf04-11-849cf77d64-wdzsz 所在的节点，namespace: ns-dupf
2026-04-29 16:06:50 - chaos - INFO - Pod dupf-upu-dupf04-11-849cf77d64-wdzsz 运行在节点 dupf04
2026-04-29 16:06:50 - chaos - INFO - Pod dupf-upu-dupf04-11-849cf77d64-wdzsz 运行在节点 dupf04
2026-04-29 16:06:50 - chaos - INFO - 找到节点 dupf04 对应的环境: 4_ssh_remote
2026-04-29 16:06:50 - chaos - INFO - 解析后的 pause 容器 ID: 6e3779f6afbe
2026-04-29 16:06:50 - chaos - INFO - 获取容器的 PID
2026-04-29 16:06:50 - chaos - INFO - 容器 ID: 6e3779f6afbe
2026-04-29 16:06:50 - chaos - INFO - 提取的容器 PID: 7151
2026-04-29 16:06:50 - chaos - INFO - 为 Pod dupf-upu-dupf04-11-849cf77d64-wdzsz 注入网络延迟
2026-04-29 16:06:50 - chaos - INFO - 延迟参数: {'time': '219ms', 'jitter': '52ms', 'correlation': '21%', 'distribution': 'normal'}
2026-04-29 16:06:50 - chaos - INFO - tc 命令: tc qdisc add dev eth0 root netem delay 219ms 52ms 21% distribution normal
2026-04-29 16:06:50 - chaos - INFO - 网络延迟注入成功
2026-04-29 16:06:50 - chaos - INFO - [DEBUG] 故障注入成功
2026-04-29 16:06:50 - chaos - INFO - [DEBUG] 故障ID: delay_dupf-upu-dupf04-11-849cf77d64-wdzsz_ns-dupf_1777450010
2026-04-29 16:06:51 - chaos - INFO - 记录故障：delay_dupf-upu-dupf04-11-849cf77d64-wdzsz_ns-dupf_1777450010
2026-04-29 16:06:51 - chaos - INFO - [DEBUG] 开始等待 duration: 240s (240.0秒)
2026-04-29 16:11:01 - chaos - INFO - [DEBUG] duration 等待完成
2026-04-29 16:11:01 - chaos - INFO - [DEBUG] 开始清理故障: delay_dupf-upu-dupf04-11-849cf77d64-wdzsz_ns-dupf_1777450010
2026-04-29 16:11:01 - chaos - INFO - 获取 Pod dupf-upu-dupf04-11-849cf77d64-wdzsz 的 pause 容器 ID
2026-04-29 16:11:01 - chaos - INFO - 获取 Pod dupf-upu-dupf04-11-849cf77d64-wdzsz 所在的节点，namespace: ns-dupf
2026-04-29 16:11:01 - chaos - INFO - Pod dupf-upu-dupf04-11-849cf77d64-wdzsz 运行在节点 dupf04
2026-04-29 16:11:01 - chaos - INFO - Pod dupf-upu-dupf04-11-849cf77d64-wdzsz 运行在节点 dupf04
2026-04-29 16:11:01 - chaos - INFO - 找到节点 dupf04 对应的环境: 4_ssh_remote
2026-04-29 16:11:02 - chaos - INFO - 解析后的 pause 容器 ID: 6e3779f6afbe
2026-04-29 16:11:02 - chaos - INFO - 获取容器的 PID
2026-04-29 16:11:02 - chaos - INFO - 容器 ID: 6e3779f6afbe
2026-04-29 16:11:02 - chaos - INFO - 提取的容器 PID: 7151
2026-04-29 16:11:02 - chaos - INFO - 恢复网络故障：delay_dupf-upu-dupf04-11-849cf77d64-wdzsz_ns-dupf_1777450010
2026-04-29 16:11:02 - chaos - INFO - [DEBUG] 故障清理成功: delay_dupf-upu-dupf04-11-849cf77d64-wdzsz_ns-dupf_1777450010
2026-04-29 16:11:02 - chaos - INFO - 标记故障已恢复：delay_dupf-upu-dupf04-11-849cf77d64-wdzsz_ns-dupf_1777450010
2026-04-29 16:11:02 - chaos - INFO - 任务执行成功: UPU 网络延迟 (耗时: 253.59s)
2026-04-29 16:11:02 - chaos - INFO - 
================================================================================
                           Workflow Execution Report                            
================================================================================
Workflow ID    : upu_parallel_network_delay_001
Workflow Name  : UPU 并行网络延迟工作流
Status         : SUCCESS
Start Time     : 2026-04-29 16:06:38
End Time       : 2026-04-29 16:11:02
Total Duration : 263.61s
Success Rate   : 100.00%
================================================================================

Task Results:
--------------------------------------------------------------------------------
  [SUCCESS ] UPU 网络延迟                       Duration: 253.59s  Group: N/A

================================================================================
Summary Statistics
================================================================================
Total Tasks    : 1
Success        : 1
Failed         : 0
Timeout        : 0
Skipped        : 0
================================================================================
2026-04-29 16:11:02 - chaos - INFO - ============================================================
2026-04-29 16:11:02 - chaos - INFO - 执行 workflow 级别的 auto_clear
2026-04-29 16:11:02 - chaos - INFO - ============================================================
2026-04-29 16:11:02 - chaos - INFO - 需要清理的环境: 1_ssh_remote
2026-04-29 16:11:02 - chaos - INFO - 清理环境 1_ssh_remote 的网络故障...
2026-04-29 16:11:02 - chaos - INFO - 获取 Pod 列表，namespace: ns-dupf, nodename: dupf01
2026-04-29 16:11:02 - chaos - INFO - 找到 19 个 Pod
2026-04-29 16:11:02 - chaos - INFO - 找到 19 个 pod
2026-04-29 16:11:02 - chaos - INFO - 清除 Pod dupf-db-operator-7c4b689ff9-8sjll 的网络故障
2026-04-29 16:11:02 - chaos - INFO - 命名空间: ns-dupf, 网络设备: eth0
2026-04-29 16:11:02 - chaos - INFO - 获取 Pod dupf-db-operator-7c4b689ff9-8sjll 的 pause 容器 ID
2026-04-29 16:11:02 - chaos - INFO - 解析后的 pause 容器 ID: a77a532556c8
2026-04-29 16:11:02 - chaos - INFO - 获取容器的 PID
2026-04-29 16:11:02 - chaos - INFO - 容器 ID: a77a532556c8
2026-04-29 16:11:02 - chaos - INFO - 提取的容器 PID: 32309
2026-04-29 16:11:02 - chaos - INFO - Pod dupf-db-operator-7c4b689ff9-8sjll 的网络故障清除成功
2026-04-29 16:11:02 - chaos - INFO - 清除 Pod dupf-ddb-shd-0-1 的网络故障
2026-04-29 16:11:02 - chaos - INFO - 命名空间: ns-dupf, 网络设备: eth0
2026-04-29 16:11:02 - chaos - INFO - 获取 Pod dupf-ddb-shd-0-1 的 pause 容器 ID
2026-04-29 16:11:03 - chaos - INFO - 解析后的 pause 容器 ID: 1f077a28fe53
2026-04-29 16:11:03 - chaos - INFO - 获取容器的 PID
2026-04-29 16:11:03 - chaos - INFO - 容器 ID: 1f077a28fe53
2026-04-29 16:11:03 - chaos - INFO - 提取的容器 PID: 17320
2026-04-29 16:11:03 - chaos - INFO - Pod dupf-ddb-shd-0-1 的网络故障清除成功
2026-04-29 16:11:03 - chaos - INFO - 清除 Pod dupf-ddb-shd-1-0 的网络故障
2026-04-29 16:11:03 - chaos - INFO - 命名空间: ns-dupf, 网络设备: eth0
2026-04-29 16:11:03 - chaos - INFO - 获取 Pod dupf-ddb-shd-1-0 的 pause 容器 ID
2026-04-29 16:11:03 - chaos - INFO - 解析后的 pause 容器 ID: d1d0fe54bc9a
2026-04-29 16:11:03 - chaos - INFO - 获取容器的 PID
2026-04-29 16:11:03 - chaos - INFO - 容器 ID: d1d0fe54bc9a
2026-04-29 16:11:03 - chaos - INFO - 提取的容器 PID: 17632
2026-04-29 16:11:03 - chaos - INFO - Pod dupf-ddb-shd-1-0 的网络故障清除成功
2026-04-29 16:11:03 - chaos - INFO - 清除 Pod dupf-ddb-shd-2-0 的网络故障
2026-04-29 16:11:03 - chaos - INFO - 命名空间: ns-dupf, 网络设备: eth0
2026-04-29 16:11:03 - chaos - INFO - 获取 Pod dupf-ddb-shd-2-0 的 pause 容器 ID
2026-04-29 16:11:03 - chaos - INFO - 解析后的 pause 容器 ID: 30f0f4bd58d1
2026-04-29 16:11:03 - chaos - INFO - 获取容器的 PID
2026-04-29 16:11:03 - chaos - INFO - 容器 ID: 30f0f4bd58d1
2026-04-29 16:11:03 - chaos - INFO - 提取的容器 PID: 17976
2026-04-29 16:11:03 - chaos - INFO - Pod dupf-ddb-shd-2-0 的网络故障清除成功
2026-04-29 16:11:03 - chaos - INFO - 清除 Pod dupf-etcd-2 的网络故障
2026-04-29 16:11:03 - chaos - INFO - 命名空间: ns-dupf, 网络设备: eth0
2026-04-29 16:11:03 - chaos - INFO - 获取 Pod dupf-etcd-2 的 pause 容器 ID
2026-04-29 16:11:03 - chaos - INFO - 解析后的 pause 容器 ID: c256bd69e3d6
2026-04-29 16:11:03 - chaos - INFO - 获取容器的 PID
2026-04-29 16:11:03 - chaos - INFO - 容器 ID: c256bd69e3d6
2026-04-29 16:11:03 - chaos - INFO - 提取的容器 PID: 13185
2026-04-29 16:11:04 - chaos - INFO - Pod dupf-etcd-2 的网络故障清除成功
2026-04-29 16:11:04 - chaos - INFO - 清除 Pod dupf-file-sync-8btfr 的网络故障
2026-04-29 16:11:04 - chaos - INFO - 命名空间: ns-dupf, 网络设备: eth0
2026-04-29 16:11:04 - chaos - INFO - 获取 Pod dupf-file-sync-8btfr 的 pause 容器 ID
2026-04-29 16:11:04 - chaos - INFO - 解析后的 pause 容器 ID: effa6e690919
2026-04-29 16:11:04 - chaos - INFO - 获取容器的 PID
2026-04-29 16:11:04 - chaos - INFO - 容器 ID: effa6e690919
2026-04-29 16:11:04 - chaos - INFO - 提取的容器 PID: 9422
2026-04-29 16:11:04 - chaos - INFO - Pod dupf-file-sync-8btfr 的网络故障清除成功
2026-04-29 16:11:04 - chaos - INFO - 清除 Pod dupf-log-monitor-65798c687f-slczc 的网络故障
2026-04-29 16:11:04 - chaos - INFO - 命名空间: ns-dupf, 网络设备: eth0
2026-04-29 16:11:04 - chaos - INFO - 获取 Pod dupf-log-monitor-65798c687f-slczc 的 pause 容器 ID
2026-04-29 16:11:04 - chaos - INFO - 解析后的 pause 容器 ID: 3674c56fec1b
2026-04-29 16:11:04 - chaos - INFO - 获取容器的 PID
2026-04-29 16:11:04 - chaos - INFO - 容器 ID: 3674c56fec1b
2026-04-29 16:11:04 - chaos - INFO - 提取的容器 PID: 44841
2026-04-29 16:11:04 - chaos - INFO - Pod dupf-log-monitor-65798c687f-slczc 的网络故障清除成功
2026-04-29 16:11:04 - chaos - INFO - 清除 Pod dupf-node-monitor-n76hh 的网络故障
2026-04-29 16:11:04 - chaos - INFO - 命名空间: ns-dupf, 网络设备: eth0
2026-04-29 16:11:04 - chaos - INFO - 获取 Pod dupf-node-monitor-n76hh 的 pause 容器 ID
2026-04-29 16:11:04 - chaos - INFO - 解析后的 pause 容器 ID: bf92c7b0747a
2026-04-29 16:11:04 - chaos - INFO - 获取容器的 PID
2026-04-29 16:11:04 - chaos - INFO - 容器 ID: bf92c7b0747a
2026-04-29 16:11:04 - chaos - INFO - 提取的容器 PID: 10841
2026-04-29 16:11:04 - chaos - INFO - Pod dupf-node-monitor-n76hh 的网络故障清除成功
2026-04-29 16:11:04 - chaos - INFO - 清除 Pod dupf-prometheus-795c67c9dc-lkhrq 的网络故障
2026-04-29 16:11:04 - chaos - INFO - 命名空间: ns-dupf, 网络设备: eth0
2026-04-29 16:11:04 - chaos - INFO - 获取 Pod dupf-prometheus-795c67c9dc-lkhrq 的 pause 容器 ID
2026-04-29 16:11:05 - chaos - INFO - 解析后的 pause 容器 ID: bde7aad54c3a
2026-04-29 16:11:05 - chaos - INFO - 获取容器的 PID
2026-04-29 16:11:05 - chaos - INFO - 容器 ID: bde7aad54c3a
2026-04-29 16:11:05 - chaos - INFO - 提取的容器 PID: 32812
2026-04-29 16:11:05 - chaos - INFO - Pod dupf-prometheus-795c67c9dc-lkhrq 的网络故障清除成功
2026-04-29 16:11:05 - chaos - INFO - 清除 Pod dupf-registry-center-1 的网络故障
2026-04-29 16:11:05 - chaos - INFO - 命名空间: ns-dupf, 网络设备: eth0
2026-04-29 16:11:05 - chaos - INFO - 获取 Pod dupf-registry-center-1 的 pause 容器 ID
2026-04-29 16:11:05 - chaos - INFO - 解析后的 pause 容器 ID: 649c663d5da2
2026-04-29 16:11:05 - chaos - INFO - 获取容器的 PID
2026-04-29 16:11:05 - chaos - INFO - 容器 ID: 649c663d5da2
2026-04-29 16:11:05 - chaos - INFO - 提取的容器 PID: 18202
2026-04-29 16:11:05 - chaos - INFO - Pod dupf-registry-center-1 的网络故障清除成功
2026-04-29 16:11:05 - chaos - INFO - 清除 Pod dupf-sdb-1 的网络故障
2026-04-29 16:11:05 - chaos - INFO - 命名空间: ns-dupf, 网络设备: eth0
2026-04-29 16:11:05 - chaos - INFO - 获取 Pod dupf-sdb-1 的 pause 容器 ID
2026-04-29 16:11:05 - chaos - INFO - 解析后的 pause 容器 ID: 12220ab7e7c1
2026-04-29 16:11:05 - chaos - INFO - 获取容器的 PID
2026-04-29 16:11:05 - chaos - INFO - 容器 ID: 12220ab7e7c1
2026-04-29 16:11:05 - chaos - INFO - 提取的容器 PID: 13278
2026-04-29 16:11:05 - chaos - INFO - Pod dupf-sdb-1 的网络故障清除成功
2026-04-29 16:11:05 - chaos - INFO - 清除 Pod dupf-sdb-sentinel-2 的网络故障
2026-04-29 16:11:05 - chaos - INFO - 命名空间: ns-dupf, 网络设备: eth0
2026-04-29 16:11:05 - chaos - INFO - 获取 Pod dupf-sdb-sentinel-2 的 pause 容器 ID
2026-04-29 16:11:06 - chaos - INFO - 解析后的 pause 容器 ID: 79305cc268c3
2026-04-29 16:11:06 - chaos - INFO - 获取容器的 PID
2026-04-29 16:11:06 - chaos - INFO - 容器 ID: 79305cc268c3
2026-04-29 16:11:06 - chaos - INFO - 提取的容器 PID: 18415
2026-04-29 16:11:06 - chaos - INFO - Pod dupf-sdb-sentinel-2 的网络故障清除成功
2026-04-29 16:11:06 - chaos - INFO - 清除 Pod dupf-sf-mq-proxy-2 的网络故障
2026-04-29 16:11:06 - chaos - INFO - 命名空间: ns-dupf, 网络设备: eth0
2026-04-29 16:11:06 - chaos - INFO - 获取 Pod dupf-sf-mq-proxy-2 的 pause 容器 ID
2026-04-29 16:11:06 - chaos - INFO - 解析后的 pause 容器 ID: fc327bacccc8
2026-04-29 16:11:06 - chaos - INFO - 获取容器的 PID
2026-04-29 16:11:06 - chaos - INFO - 容器 ID: fc327bacccc8
2026-04-29 16:11:06 - chaos - INFO - 提取的容器 PID: 17043
2026-04-29 16:11:06 - chaos - INFO - Pod dupf-sf-mq-proxy-2 的网络故障清除成功
2026-04-29 16:11:06 - chaos - INFO - 清除 Pod dupf-upc-76bbbd9fbb-2nsr2 的网络故障
2026-04-29 16:11:06 - chaos - INFO - 命名空间: ns-dupf, 网络设备: eth0
2026-04-29 16:11:06 - chaos - INFO - 获取 Pod dupf-upc-76bbbd9fbb-2nsr2 的 pause 容器 ID
2026-04-29 16:11:06 - chaos - INFO - 解析后的 pause 容器 ID: 43b3cb8acabe
2026-04-29 16:11:06 - chaos - INFO - 获取容器的 PID
2026-04-29 16:11:06 - chaos - INFO - 容器 ID: 43b3cb8acabe
2026-04-29 16:11:06 - chaos - INFO - 提取的容器 PID: 43328
2026-04-29 16:11:06 - chaos - INFO - Pod dupf-upc-76bbbd9fbb-2nsr2 的网络故障清除成功
2026-04-29 16:11:06 - chaos - INFO - 清除 Pod dupf-upc-76bbbd9fbb-rch45 的网络故障
2026-04-29 16:11:06 - chaos - INFO - 命名空间: ns-dupf, 网络设备: eth0
2026-04-29 16:11:06 - chaos - INFO - 获取 Pod dupf-upc-76bbbd9fbb-rch45 的 pause 容器 ID
2026-04-29 16:11:06 - chaos - INFO - 解析后的 pause 容器 ID: bdca3f3b803a
2026-04-29 16:11:06 - chaos - INFO - 获取容器的 PID
2026-04-29 16:11:06 - chaos - INFO - 容器 ID: bdca3f3b803a
2026-04-29 16:11:06 - chaos - INFO - 提取的容器 PID: 43277
2026-04-29 16:11:07 - chaos - INFO - Pod dupf-upc-76bbbd9fbb-rch45 的网络故障清除成功
2026-04-29 16:11:07 - chaos - INFO - 清除 Pod dupf-upc-lb-2-7cc697d97-6jtgx 的网络故障
2026-04-29 16:11:07 - chaos - INFO - 命名空间: ns-dupf, 网络设备: eth0
2026-04-29 16:11:07 - chaos - INFO - 获取 Pod dupf-upc-lb-2-7cc697d97-6jtgx 的 pause 容器 ID
2026-04-29 16:11:07 - chaos - INFO - 解析后的 pause 容器 ID: 32ccf53e8346
2026-04-29 16:11:07 - chaos - INFO - 获取容器的 PID
2026-04-29 16:11:07 - chaos - INFO - 容器 ID: 32ccf53e8346
2026-04-29 16:11:07 - chaos - INFO - 提取的容器 PID: 2404
2026-04-29 16:11:07 - chaos - INFO - Pod dupf-upc-lb-2-7cc697d97-6jtgx 的网络故障清除成功
2026-04-29 16:11:07 - chaos - INFO - 清除 Pod dupf-upu-dupf01-1-7c9b66cbbf-mnsvt 的网络故障
2026-04-29 16:11:07 - chaos - INFO - 命名空间: ns-dupf, 网络设备: eth0
2026-04-29 16:11:07 - chaos - INFO - 获取 Pod dupf-upu-dupf01-1-7c9b66cbbf-mnsvt 的 pause 容器 ID
2026-04-29 16:11:07 - chaos - INFO - 解析后的 pause 容器 ID: 4d63814c8878
2026-04-29 16:11:07 - chaos - INFO - 获取容器的 PID
2026-04-29 16:11:07 - chaos - INFO - 容器 ID: 4d63814c8878
2026-04-29 16:11:07 - chaos - INFO - 提取的容器 PID: 12635
2026-04-29 16:11:07 - chaos - INFO - Pod dupf-upu-dupf01-1-7c9b66cbbf-mnsvt 的网络故障清除成功
2026-04-29 16:11:07 - chaos - INFO - 清除 Pod dupf-upu-dupf01-2-8bf594484-qckmd 的网络故障
2026-04-29 16:11:07 - chaos - INFO - 命名空间: ns-dupf, 网络设备: eth0
2026-04-29 16:11:07 - chaos - INFO - 获取 Pod dupf-upu-dupf01-2-8bf594484-qckmd 的 pause 容器 ID
2026-04-29 16:11:07 - chaos - INFO - 解析后的 pause 容器 ID: b0322d2e3241
2026-04-29 16:11:07 - chaos - INFO - 获取容器的 PID
2026-04-29 16:11:07 - chaos - INFO - 容器 ID: b0322d2e3241
2026-04-29 16:11:07 - chaos - INFO - 提取的容器 PID: 12649
2026-04-29 16:11:07 - chaos - INFO - Pod dupf-upu-dupf01-2-8bf594484-qckmd 的网络故障清除成功
2026-04-29 16:11:07 - chaos - INFO - 清除 Pod dupf-upu-dupf01-3-5bc77f6459-thnr2 的网络故障
2026-04-29 16:11:07 - chaos - INFO - 命名空间: ns-dupf, 网络设备: eth0
2026-04-29 16:11:07 - chaos - INFO - 获取 Pod dupf-upu-dupf01-3-5bc77f6459-thnr2 的 pause 容器 ID
2026-04-29 16:11:08 - chaos - INFO - 解析后的 pause 容器 ID: 92e012c3f123
2026-04-29 16:11:08 - chaos - INFO - 获取容器的 PID
2026-04-29 16:11:08 - chaos - INFO - 容器 ID: 92e012c3f123
2026-04-29 16:11:08 - chaos - INFO - 提取的容器 PID: 12643
2026-04-29 16:11:08 - chaos - INFO - Pod dupf-upu-dupf01-3-5bc77f6459-thnr2 的网络故障清除成功
2026-04-29 16:11:08 - chaos - INFO - 环境 1_ssh_remote 网络故障清除完成：成功 19, 失败 0
2026-04-29 16:11:08 - chaos - INFO - ============================================================
2026-04-29 16:11:08 - chaos - INFO - workflow 级别的 auto_clear 完成
2026-04-29 16:11:08 - chaos - INFO - ============================================================
2026-04-29 16:11:08 - chaos - INFO - 
================================================================================
2026-04-29 16:11:08 - chaos - INFO - 执行workflow: cases/upu/upu/workflow_parallel_delete_upu.yaml
2026-04-29 16:11:08 - chaos - INFO - ================================================================================
2026-04-29 16:11:08 - chaos - INFO - Successfully parsed workflow: upu_parallel_pod_delete_001
2026-04-29 16:11:08 - chaos - INFO - ============================================================
2026-04-29 16:11:08 - chaos - INFO - 开始执行工作流: UPU 并行 Pod 删除工作流
2026-04-29 16:11:08 - chaos - INFO - 工作流 ID: upu_parallel_pod_delete_001
2026-04-29 16:11:08 - chaos - INFO - 执行模式: parallel
2026-04-29 16:11:08 - chaos - INFO - ============================================================
2026-04-29 16:11:08 - chaos - INFO - 启动延迟 10.0s
2026-04-29 16:11:18 - chaos - INFO - 执行计划: 共 1 层
2026-04-29 16:11:18 - chaos - INFO - 
============================================================
2026-04-29 16:11:18 - chaos - INFO - 执行第 1/1 层，共 1 个任务
2026-04-29 16:11:18 - chaos - INFO - ============================================================
2026-04-29 16:11:18 - chaos - INFO - [DEBUG] 开始执行任务: UPU Pod 删除 (delete_upu)
2026-04-29 16:11:18 - chaos - INFO - [DEBUG] 任务类型: pod, 故障类型: delete
2026-04-29 16:11:18 - chaos - INFO - [DEBUG] 目标: Pod: upu
2026-04-29 16:11:18 - chaos - INFO - [DEBUG] Duration: 240s, Loop: 1
2026-04-29 16:11:18 - chaos - INFO - [DEBUG] 任务超时时间: 300.0s
2026-04-29 16:11:18 - chaos - INFO - [DEBUG] ========== 开始执行 Case ==========
2026-04-29 16:11:18 - chaos - INFO - [DEBUG] Case名称: upu_delete
2026-04-29 16:11:18 - chaos - INFO - [DEBUG] Case类型: pod
2026-04-29 16:11:18 - chaos - INFO - [DEBUG] 故障类型: delete
2026-04-29 16:11:18 - chaos - INFO - [DEBUG] 环境: 1_ssh_remote
2026-04-29 16:11:18 - chaos - INFO - [DEBUG] 执行 Case 迭代 1/1
2026-04-29 16:11:18 - chaos - INFO - [DEBUG] 开始获取目标列表...
2026-04-29 16:11:18 - chaos.utils.remote - INFO - 连接 root@10.230.246.167:50163 不可用，需要重连
2026-04-29 16:11:18 - chaos.utils.remote - INFO - 尝试重连: root@10.230.246.167:50163
2026-04-29 16:11:18 - chaos.utils.remote - INFO - SSH连接建立成功: 10.230.246.167:50163, 耗时: 0.10s
2026-04-29 16:11:18 - chaos.utils.remote - INFO - 重连成功: root@10.230.246.167:50163
2026-04-29 16:11:18 - chaos - INFO - 根据名称匹配规则获取 Pod，pattern: upu, namespace: ns-dupf
2026-04-29 16:11:20 - chaos - INFO - 找到包含匹配的 Pod: dupf-upu-dupf01-1-7c9b66cbbf-mnsvt
2026-04-29 16:11:20 - chaos - INFO - 找到包含匹配的 Pod: dupf-upu-dupf01-2-8bf594484-qckmd
2026-04-29 16:11:20 - chaos - INFO - 找到包含匹配的 Pod: dupf-upu-dupf01-3-5bc77f6459-thnr2
2026-04-29 16:11:20 - chaos - INFO - 找到包含匹配的 Pod: dupf-upu-dupf02-4-f694656fc-g9pcc
2026-04-29 16:11:20 - chaos - INFO - 找到包含匹配的 Pod: dupf-upu-dupf02-5-58475bdc49-wnctf
2026-04-29 16:11:20 - chaos - INFO - 找到包含匹配的 Pod: dupf-upu-dupf02-6-656bcb64c8-j2hf6
2026-04-29 16:11:20 - chaos - INFO - 找到包含匹配的 Pod: dupf-upu-dupf03-7-5d67cd95dc-m28vl
2026-04-29 16:11:20 - chaos - INFO - 找到包含匹配的 Pod: dupf-upu-dupf03-8-9695c974c-ttdqv
2026-04-29 16:11:20 - chaos - INFO - 找到包含匹配的 Pod: dupf-upu-dupf03-9-65876966d9-7n4jr
2026-04-29 16:11:20 - chaos - INFO - 找到包含匹配的 Pod: dupf-upu-dupf04-10-74f57567d9-2fnv7
2026-04-29 16:11:20 - chaos - INFO - 找到包含匹配的 Pod: dupf-upu-dupf04-11-849cf77d64-wdzsz
2026-04-29 16:11:20 - chaos - INFO - 找到包含匹配的 Pod: dupf-upu-dupf04-12-9f7c79f99-5z8p5
2026-04-29 16:11:20 - chaos - INFO - 找到 12 个匹配的 Pod
2026-04-29 16:11:20 - chaos - INFO - 随机选择 Pod: dupf-upu-dupf01-2-8bf594484-qckmd
2026-04-29 16:11:20 - chaos - INFO - [DEBUG] 找到 1 个目标
2026-04-29 16:11:20 - chaos - INFO - [DEBUG] ---------- 处理目标 1/1 ----------
2026-04-29 16:11:20 - chaos - INFO - [DEBUG] 目标名称: dupf-upu-dupf01-2-8bf594484-qckmd
2026-04-29 16:11:20 - chaos - INFO - [DEBUG] 目标节点: None
2026-04-29 16:11:20 - chaos - INFO - [DEBUG] 创建故障注入器...
2026-04-29 16:11:20 - chaos - INFO - [DEBUG] 准备注入故障...
2026-04-29 16:11:20 - chaos - INFO - [DEBUG] 注入参数: {'fault_type': 'delete'}
2026-04-29 16:11:20 - chaos - INFO - 删除 Pod: dupf-upu-dupf01-2-8bf594484-qckmd (namespace: ns-dupf)
2026-04-29 16:11:20 - chaos - INFO - Pod dupf-upu-dupf01-2-8bf594484-qckmd 删除成功
2026-04-29 16:11:20 - chaos - INFO - [DEBUG] 故障注入成功
2026-04-29 16:11:20 - chaos - INFO - [DEBUG] 故障ID: delete_dupf-upu-dupf01-2-8bf594484-qckmd_ns-dupf_1777450280
2026-04-29 16:11:20 - chaos - INFO - 记录故障：delete_dupf-upu-dupf01-2-8bf594484-qckmd_ns-dupf_1777450280
2026-04-29 16:11:20 - chaos - INFO - [DEBUG] 开始等待 duration: 240s (240.0秒)
2026-04-29 16:15:32 - chaos - INFO - [DEBUG] duration 等待完成
2026-04-29 16:15:32 - chaos - INFO - [DEBUG] 开始清理故障: delete_dupf-upu-dupf01-2-8bf594484-qckmd_ns-dupf_1777450280
2026-04-29 16:15:32 - chaos - INFO - Pod 故障自动恢复：delete_dupf-upu-dupf01-2-8bf594484-qckmd_ns-dupf_1777450280
2026-04-29 16:15:32 - chaos - INFO - [DEBUG] 故障清理成功: delete_dupf-upu-dupf01-2-8bf594484-qckmd_ns-dupf_1777450280
2026-04-29 16:15:32 - chaos - INFO - 标记故障已恢复：delete_dupf-upu-dupf01-2-8bf594484-qckmd_ns-dupf_1777450280
2026-04-29 16:15:32 - chaos - INFO - 任务执行成功: UPU Pod 删除 (耗时: 253.88s)
2026-04-29 16:15:32 - chaos - INFO - 
================================================================================
                           Workflow Execution Report                            
================================================================================
Workflow ID    : upu_parallel_pod_delete_001
Workflow Name  : UPU 并行 Pod 删除工作流
Status         : SUCCESS
Start Time     : 2026-04-29 16:11:08
End Time       : 2026-04-29 16:15:32
Total Duration : 263.90s
Success Rate   : 100.00%
================================================================================

Task Results:
--------------------------------------------------------------------------------
  [SUCCESS ] UPU Pod 删除                     Duration: 253.88s  Group: N/A

================================================================================
Summary Statistics
================================================================================
Total Tasks    : 1
Success        : 1
Failed         : 0
Timeout        : 0
Skipped        : 0
================================================================================
2026-04-29 16:15:32 - chaos - INFO - 
================================================================================
2026-04-29 16:15:32 - chaos - INFO - 执行workflow: cases/upu/upu/workflow_parallel_duplicate_upu.yaml
2026-04-29 16:15:32 - chaos - INFO - ================================================================================
2026-04-29 16:15:32 - chaos - INFO - Successfully parsed workflow: upu_parallel_network_duplicate_001
2026-04-29 16:15:32 - chaos - INFO - ============================================================
2026-04-29 16:15:32 - chaos - INFO - 开始执行工作流: UPU 并行数据包重复工作流
2026-04-29 16:15:32 - chaos - INFO - 工作流 ID: upu_parallel_network_duplicate_001
2026-04-29 16:15:32 - chaos - INFO - 执行模式: parallel
2026-04-29 16:15:32 - chaos - INFO - ============================================================
2026-04-29 16:15:32 - chaos - INFO - 启动延迟 10.0s
2026-04-29 16:15:42 - chaos - INFO - 执行计划: 共 1 层
2026-04-29 16:15:42 - chaos - INFO - 
============================================================
2026-04-29 16:15:42 - chaos - INFO - 执行第 1/1 层，共 1 个任务
2026-04-29 16:15:42 - chaos - INFO - ============================================================
2026-04-29 16:15:42 - chaos - INFO - [DEBUG] 开始执行任务: UPU 数据包重复 (duplicate_upu)
2026-04-29 16:15:42 - chaos - INFO - [DEBUG] 任务类型: network, 故障类型: duplicate
2026-04-29 16:15:42 - chaos - INFO - [DEBUG] 目标: Pod: upu
2026-04-29 16:15:42 - chaos - INFO - [DEBUG] Duration: 240s, Loop: 1
2026-04-29 16:15:42 - chaos - INFO - [DEBUG] 任务超时时间: 300.0s
2026-04-29 16:15:42 - chaos - INFO - [DEBUG] ========== 开始执行 Case ==========
2026-04-29 16:15:42 - chaos - INFO - [DEBUG] Case名称: upu_duplicate
2026-04-29 16:15:42 - chaos - INFO - [DEBUG] Case类型: network
2026-04-29 16:15:42 - chaos - INFO - [DEBUG] 故障类型: duplicate
2026-04-29 16:15:42 - chaos - INFO - [DEBUG] 环境: 1_ssh_remote
2026-04-29 16:15:42 - chaos - INFO - [DEBUG] 执行 Case 迭代 1/1
2026-04-29 16:15:42 - chaos - INFO - [DEBUG] 开始获取目标列表...
2026-04-29 16:15:42 - chaos - INFO - 根据名称匹配规则获取 Pod，pattern: upu, namespace: ns-dupf
2026-04-29 16:15:42 - chaos - INFO - 找到包含匹配的 Pod: dupf-upu-dupf01-1-7c9b66cbbf-mnsvt
2026-04-29 16:15:42 - chaos - INFO - 找到包含匹配的 Pod: dupf-upu-dupf01-2-8bf594484-nbrtv
2026-04-29 16:15:42 - chaos - INFO - 找到包含匹配的 Pod: dupf-upu-dupf01-3-5bc77f6459-thnr2
2026-04-29 16:15:42 - chaos - INFO - 找到包含匹配的 Pod: dupf-upu-dupf02-4-f694656fc-g9pcc
2026-04-29 16:15:42 - chaos - INFO - 找到包含匹配的 Pod: dupf-upu-dupf02-5-58475bdc49-wnctf
2026-04-29 16:15:42 - chaos - INFO - 找到包含匹配的 Pod: dupf-upu-dupf02-6-656bcb64c8-j2hf6
2026-04-29 16:15:42 - chaos - INFO - 找到包含匹配的 Pod: dupf-upu-dupf03-7-5d67cd95dc-m28vl
2026-04-29 16:15:42 - chaos - INFO - 找到包含匹配的 Pod: dupf-upu-dupf03-8-9695c974c-ttdqv
2026-04-29 16:15:42 - chaos - INFO - 找到包含匹配的 Pod: dupf-upu-dupf03-9-65876966d9-7n4jr
2026-04-29 16:15:42 - chaos - INFO - 找到包含匹配的 Pod: dupf-upu-dupf04-10-74f57567d9-2fnv7
2026-04-29 16:15:42 - chaos - INFO - 找到包含匹配的 Pod: dupf-upu-dupf04-11-849cf77d64-wdzsz
2026-04-29 16:15:42 - chaos - INFO - 找到包含匹配的 Pod: dupf-upu-dupf04-12-9f7c79f99-5z8p5
2026-04-29 16:15:42 - chaos - INFO - 找到 12 个匹配的 Pod
2026-04-29 16:15:42 - chaos - INFO - 随机选择 Pod: dupf-upu-dupf01-1-7c9b66cbbf-mnsvt
2026-04-29 16:15:42 - chaos - INFO - [DEBUG] 找到 1 个目标
2026-04-29 16:15:42 - chaos - INFO - [DEBUG] ---------- 处理目标 1/1 ----------
2026-04-29 16:15:42 - chaos - INFO - [DEBUG] 目标名称: dupf-upu-dupf01-1-7c9b66cbbf-mnsvt
2026-04-29 16:15:42 - chaos - INFO - [DEBUG] 目标节点: None
2026-04-29 16:15:42 - chaos - INFO - [DEBUG] 创建故障注入器...
2026-04-29 16:15:42 - chaos - INFO - [DEBUG] 准备注入故障...
2026-04-29 16:15:42 - chaos - INFO - [DEBUG] 注入参数: {'fault_type': 'duplicate', 'correlation': ['30%', '90%'], 'percent': ['10%', '90%']}
2026-04-29 16:15:42 - chaos - INFO - 获取 Pod dupf-upu-dupf01-1-7c9b66cbbf-mnsvt 的 pause 容器 ID
2026-04-29 16:15:42 - chaos - INFO - 获取 Pod dupf-upu-dupf01-1-7c9b66cbbf-mnsvt 所在的节点，namespace: ns-dupf
2026-04-29 16:15:42 - chaos - INFO - Pod dupf-upu-dupf01-1-7c9b66cbbf-mnsvt 运行在节点 dupf01
2026-04-29 16:15:42 - chaos - INFO - Pod dupf-upu-dupf01-1-7c9b66cbbf-mnsvt 运行在节点 dupf01
2026-04-29 16:15:42 - chaos - INFO - 找到节点 dupf01 对应的环境: 1_ssh_remote
2026-04-29 16:15:42 - chaos - INFO - 解析后的 pause 容器 ID: 4d63814c8878
2026-04-29 16:15:42 - chaos - INFO - 获取容器的 PID
2026-04-29 16:15:42 - chaos - INFO - 容器 ID: 4d63814c8878
2026-04-29 16:15:42 - chaos - INFO - 提取的容器 PID: 12635
2026-04-29 16:15:42 - chaos - INFO - 为 Pod dupf-upu-dupf01-1-7c9b66cbbf-mnsvt 注入网络数据包重复
2026-04-29 16:15:42 - chaos - INFO - 重复比例: 76%
2026-04-29 16:15:42 - chaos - INFO - 相关性: 44%
2026-04-29 16:15:42 - chaos - INFO - tc 命令: tc qdisc add dev eth0 root netem duplicate 76% 44%
2026-04-29 16:15:42 - chaos - INFO - 网络数据包重复注入成功
2026-04-29 16:15:42 - chaos - INFO - [DEBUG] 故障注入成功
2026-04-29 16:15:42 - chaos - INFO - [DEBUG] 故障ID: duplicate_dupf-upu-dupf01-1-7c9b66cbbf-mnsvt_ns-dupf_1777450542
2026-04-29 16:15:42 - chaos - INFO - 记录故障：duplicate_dupf-upu-dupf01-1-7c9b66cbbf-mnsvt_ns-dupf_1777450542
2026-04-29 16:15:42 - chaos - INFO - [DEBUG] 开始等待 duration: 240s (240.0秒)
2026-04-29 16:19:55 - chaos - INFO - [DEBUG] duration 等待完成
2026-04-29 16:19:55 - chaos - INFO - [DEBUG] 开始清理故障: duplicate_dupf-upu-dupf01-1-7c9b66cbbf-mnsvt_ns-dupf_1777450542
2026-04-29 16:19:55 - chaos - INFO - 获取 Pod dupf-upu-dupf01-1-7c9b66cbbf-mnsvt 的 pause 容器 ID
2026-04-29 16:19:55 - chaos - INFO - 获取 Pod dupf-upu-dupf01-1-7c9b66cbbf-mnsvt 所在的节点，namespace: ns-dupf
2026-04-29 16:19:55 - chaos - INFO - Pod dupf-upu-dupf01-1-7c9b66cbbf-mnsvt 运行在节点 dupf01
2026-04-29 16:19:55 - chaos - INFO - Pod dupf-upu-dupf01-1-7c9b66cbbf-mnsvt 运行在节点 dupf01
2026-04-29 16:19:55 - chaos - INFO - 找到节点 dupf01 对应的环境: 1_ssh_remote
2026-04-29 16:19:56 - chaos - INFO - 解析后的 pause 容器 ID: 4d63814c8878
2026-04-29 16:19:56 - chaos - INFO - 获取容器的 PID
2026-04-29 16:19:56 - chaos - INFO - 容器 ID: 4d63814c8878
2026-04-29 16:19:56 - chaos - INFO - 提取的容器 PID: 12635
2026-04-29 16:19:56 - chaos - INFO - 恢复网络故障：duplicate_dupf-upu-dupf01-1-7c9b66cbbf-mnsvt_ns-dupf_1777450542
2026-04-29 16:19:56 - chaos - INFO - [DEBUG] 故障清理成功: duplicate_dupf-upu-dupf01-1-7c9b66cbbf-mnsvt_ns-dupf_1777450542
2026-04-29 16:19:56 - chaos - INFO - 标记故障已恢复：duplicate_dupf-upu-dupf01-1-7c9b66cbbf-mnsvt_ns-dupf_1777450542
2026-04-29 16:19:56 - chaos - INFO - 任务执行成功: UPU 数据包重复 (耗时: 254.10s)
2026-04-29 16:19:56 - chaos - INFO - 
================================================================================
                           Workflow Execution Report                            
================================================================================
Workflow ID    : upu_parallel_network_duplicate_001
Workflow Name  : UPU 并行数据包重复工作流
Status         : SUCCESS
Start Time     : 2026-04-29 16:15:32
End Time       : 2026-04-29 16:19:56
Total Duration : 264.12s
Success Rate   : 100.00%
================================================================================

Task Results:
--------------------------------------------------------------------------------
  [SUCCESS ] UPU 数据包重复                      Duration: 254.10s  Group: N/A

================================================================================
Summary Statistics
================================================================================
Total Tasks    : 1
Success        : 1
Failed         : 0
Timeout        : 0
Skipped        : 0
================================================================================
2026-04-29 16:19:56 - chaos - INFO - ============================================================
2026-04-29 16:19:56 - chaos - INFO - 执行 workflow 级别的 auto_clear
2026-04-29 16:19:56 - chaos - INFO - ============================================================
2026-04-29 16:19:56 - chaos - INFO - 需要清理的环境: 1_ssh_remote
2026-04-29 16:19:56 - chaos - INFO - 清理环境 1_ssh_remote 的网络故障...
2026-04-29 16:19:56 - chaos - INFO - 获取 Pod 列表，namespace: ns-dupf, nodename: dupf01
2026-04-29 16:19:56 - chaos - INFO - 找到 19 个 Pod
2026-04-29 16:19:56 - chaos - INFO - 找到 19 个 pod
2026-04-29 16:19:56 - chaos - INFO - 清除 Pod dupf-db-operator-7c4b689ff9-8sjll 的网络故障
2026-04-29 16:19:56 - chaos - INFO - 命名空间: ns-dupf, 网络设备: eth0
2026-04-29 16:19:56 - chaos - INFO - 获取 Pod dupf-db-operator-7c4b689ff9-8sjll 的 pause 容器 ID
2026-04-29 16:19:56 - chaos - INFO - 解析后的 pause 容器 ID: a77a532556c8
2026-04-29 16:19:56 - chaos - INFO - 获取容器的 PID
2026-04-29 16:19:56 - chaos - INFO - 容器 ID: a77a532556c8
2026-04-29 16:19:56 - chaos - INFO - 提取的容器 PID: 32309
2026-04-29 16:19:56 - chaos - INFO - Pod dupf-db-operator-7c4b689ff9-8sjll 的网络故障清除成功
2026-04-29 16:19:56 - chaos - INFO - 清除 Pod dupf-ddb-shd-0-1 的网络故障
2026-04-29 16:19:56 - chaos - INFO - 命名空间: ns-dupf, 网络设备: eth0
2026-04-29 16:19:56 - chaos - INFO - 获取 Pod dupf-ddb-shd-0-1 的 pause 容器 ID
2026-04-29 16:19:57 - chaos - INFO - 解析后的 pause 容器 ID: 1f077a28fe53
2026-04-29 16:19:57 - chaos - INFO - 获取容器的 PID
2026-04-29 16:19:57 - chaos - INFO - 容器 ID: 1f077a28fe53
2026-04-29 16:19:57 - chaos - INFO - 提取的容器 PID: 17320
2026-04-29 16:19:57 - chaos - INFO - Pod dupf-ddb-shd-0-1 的网络故障清除成功
2026-04-29 16:19:57 - chaos - INFO - 清除 Pod dupf-ddb-shd-1-0 的网络故障
2026-04-29 16:19:57 - chaos - INFO - 命名空间: ns-dupf, 网络设备: eth0
2026-04-29 16:19:57 - chaos - INFO - 获取 Pod dupf-ddb-shd-1-0 的 pause 容器 ID
2026-04-29 16:19:57 - chaos - INFO - 解析后的 pause 容器 ID: d1d0fe54bc9a
2026-04-29 16:19:57 - chaos - INFO - 获取容器的 PID
2026-04-29 16:19:57 - chaos - INFO - 容器 ID: d1d0fe54bc9a
2026-04-29 16:19:57 - chaos - INFO - 提取的容器 PID: 17632
2026-04-29 16:19:57 - chaos - INFO - Pod dupf-ddb-shd-1-0 的网络故障清除成功
2026-04-29 16:19:57 - chaos - INFO - 清除 Pod dupf-ddb-shd-2-0 的网络故障
2026-04-29 16:19:57 - chaos - INFO - 命名空间: ns-dupf, 网络设备: eth0
2026-04-29 16:19:57 - chaos - INFO - 获取 Pod dupf-ddb-shd-2-0 的 pause 容器 ID
2026-04-29 16:19:57 - chaos - INFO - 解析后的 pause 容器 ID: 30f0f4bd58d1
2026-04-29 16:19:57 - chaos - INFO - 获取容器的 PID
2026-04-29 16:19:57 - chaos - INFO - 容器 ID: 30f0f4bd58d1
2026-04-29 16:19:57 - chaos - INFO - 提取的容器 PID: 17976
2026-04-29 16:19:57 - chaos - INFO - Pod dupf-ddb-shd-2-0 的网络故障清除成功
2026-04-29 16:19:57 - chaos - INFO - 清除 Pod dupf-etcd-2 的网络故障
2026-04-29 16:19:57 - chaos - INFO - 命名空间: ns-dupf, 网络设备: eth0
2026-04-29 16:19:57 - chaos - INFO - 获取 Pod dupf-etcd-2 的 pause 容器 ID
2026-04-29 16:19:58 - chaos - INFO - 解析后的 pause 容器 ID: c256bd69e3d6
2026-04-29 16:19:58 - chaos - INFO - 获取容器的 PID
2026-04-29 16:19:58 - chaos - INFO - 容器 ID: c256bd69e3d6
2026-04-29 16:19:58 - chaos - INFO - 提取的容器 PID: 13185
2026-04-29 16:19:58 - chaos - INFO - Pod dupf-etcd-2 的网络故障清除成功
2026-04-29 16:19:58 - chaos - INFO - 清除 Pod dupf-file-sync-8btfr 的网络故障
2026-04-29 16:19:58 - chaos - INFO - 命名空间: ns-dupf, 网络设备: eth0
2026-04-29 16:19:58 - chaos - INFO - 获取 Pod dupf-file-sync-8btfr 的 pause 容器 ID
2026-04-29 16:19:58 - chaos - INFO - 解析后的 pause 容器 ID: effa6e690919
2026-04-29 16:19:58 - chaos - INFO - 获取容器的 PID
2026-04-29 16:19:58 - chaos - INFO - 容器 ID: effa6e690919
2026-04-29 16:19:58 - chaos - INFO - 提取的容器 PID: 9422
2026-04-29 16:19:58 - chaos - INFO - Pod dupf-file-sync-8btfr 的网络故障清除成功
2026-04-29 16:19:58 - chaos - INFO - 清除 Pod dupf-log-monitor-65798c687f-slczc 的网络故障
2026-04-29 16:19:58 - chaos - INFO - 命名空间: ns-dupf, 网络设备: eth0
2026-04-29 16:19:58 - chaos - INFO - 获取 Pod dupf-log-monitor-65798c687f-slczc 的 pause 容器 ID
2026-04-29 16:19:58 - chaos - INFO - 解析后的 pause 容器 ID: 3674c56fec1b
2026-04-29 16:19:58 - chaos - INFO - 获取容器的 PID
2026-04-29 16:19:58 - chaos - INFO - 容器 ID: 3674c56fec1b
2026-04-29 16:19:58 - chaos - INFO - 提取的容器 PID: 44841
2026-04-29 16:19:58 - chaos - INFO - Pod dupf-log-monitor-65798c687f-slczc 的网络故障清除成功
2026-04-29 16:19:58 - chaos - INFO - 清除 Pod dupf-node-monitor-n76hh 的网络故障
2026-04-29 16:19:58 - chaos - INFO - 命名空间: ns-dupf, 网络设备: eth0
2026-04-29 16:19:58 - chaos - INFO - 获取 Pod dupf-node-monitor-n76hh 的 pause 容器 ID
2026-04-29 16:19:58 - chaos - INFO - 解析后的 pause 容器 ID: bf92c7b0747a
2026-04-29 16:19:58 - chaos - INFO - 获取容器的 PID
2026-04-29 16:19:58 - chaos - INFO - 容器 ID: bf92c7b0747a
2026-04-29 16:19:59 - chaos - INFO - 提取的容器 PID: 10841
2026-04-29 16:19:59 - chaos - INFO - Pod dupf-node-monitor-n76hh 的网络故障清除成功
2026-04-29 16:19:59 - chaos - INFO - 清除 Pod dupf-prometheus-795c67c9dc-lkhrq 的网络故障
2026-04-29 16:19:59 - chaos - INFO - 命名空间: ns-dupf, 网络设备: eth0
2026-04-29 16:19:59 - chaos - INFO - 获取 Pod dupf-prometheus-795c67c9dc-lkhrq 的 pause 容器 ID
2026-04-29 16:19:59 - chaos - INFO - 解析后的 pause 容器 ID: bde7aad54c3a
2026-04-29 16:19:59 - chaos - INFO - 获取容器的 PID
2026-04-29 16:19:59 - chaos - INFO - 容器 ID: bde7aad54c3a
2026-04-29 16:19:59 - chaos - INFO - 提取的容器 PID: 32812
2026-04-29 16:19:59 - chaos - INFO - Pod dupf-prometheus-795c67c9dc-lkhrq 的网络故障清除成功
2026-04-29 16:19:59 - chaos - INFO - 清除 Pod dupf-registry-center-1 的网络故障
2026-04-29 16:19:59 - chaos - INFO - 命名空间: ns-dupf, 网络设备: eth0
2026-04-29 16:19:59 - chaos - INFO - 获取 Pod dupf-registry-center-1 的 pause 容器 ID
2026-04-29 16:19:59 - chaos - INFO - 解析后的 pause 容器 ID: 649c663d5da2
2026-04-29 16:19:59 - chaos - INFO - 获取容器的 PID
2026-04-29 16:19:59 - chaos - INFO - 容器 ID: 649c663d5da2
2026-04-29 16:19:59 - chaos - INFO - 提取的容器 PID: 18202
2026-04-29 16:19:59 - chaos - INFO - Pod dupf-registry-center-1 的网络故障清除成功
2026-04-29 16:19:59 - chaos - INFO - 清除 Pod dupf-sdb-1 的网络故障
2026-04-29 16:19:59 - chaos - INFO - 命名空间: ns-dupf, 网络设备: eth0
2026-04-29 16:19:59 - chaos - INFO - 获取 Pod dupf-sdb-1 的 pause 容器 ID
2026-04-29 16:19:59 - chaos - INFO - 解析后的 pause 容器 ID: 12220ab7e7c1
2026-04-29 16:19:59 - chaos - INFO - 获取容器的 PID
2026-04-29 16:19:59 - chaos - INFO - 容器 ID: 12220ab7e7c1
2026-04-29 16:19:59 - chaos - INFO - 提取的容器 PID: 13278
2026-04-29 16:19:59 - chaos - INFO - Pod dupf-sdb-1 的网络故障清除成功
2026-04-29 16:19:59 - chaos - INFO - 清除 Pod dupf-sdb-sentinel-2 的网络故障
2026-04-29 16:19:59 - chaos - INFO - 命名空间: ns-dupf, 网络设备: eth0
2026-04-29 16:19:59 - chaos - INFO - 获取 Pod dupf-sdb-sentinel-2 的 pause 容器 ID
2026-04-29 16:20:00 - chaos - INFO - 解析后的 pause 容器 ID: 79305cc268c3
2026-04-29 16:20:00 - chaos - INFO - 获取容器的 PID
2026-04-29 16:20:00 - chaos - INFO - 容器 ID: 79305cc268c3
2026-04-29 16:20:00 - chaos - INFO - 提取的容器 PID: 18415
2026-04-29 16:20:00 - chaos - INFO - Pod dupf-sdb-sentinel-2 的网络故障清除成功
2026-04-29 16:20:00 - chaos - INFO - 清除 Pod dupf-sf-mq-proxy-2 的网络故障
2026-04-29 16:20:00 - chaos - INFO - 命名空间: ns-dupf, 网络设备: eth0
2026-04-29 16:20:00 - chaos - INFO - 获取 Pod dupf-sf-mq-proxy-2 的 pause 容器 ID
2026-04-29 16:20:00 - chaos - INFO - 解析后的 pause 容器 ID: fc327bacccc8
2026-04-29 16:20:00 - chaos - INFO - 获取容器的 PID
2026-04-29 16:20:00 - chaos - INFO - 容器 ID: fc327bacccc8
2026-04-29 16:20:00 - chaos - INFO - 提取的容器 PID: 17043
2026-04-29 16:20:00 - chaos - INFO - Pod dupf-sf-mq-proxy-2 的网络故障清除成功
2026-04-29 16:20:00 - chaos - INFO - 清除 Pod dupf-upc-76bbbd9fbb-2nsr2 的网络故障
2026-04-29 16:20:00 - chaos - INFO - 命名空间: ns-dupf, 网络设备: eth0
2026-04-29 16:20:00 - chaos - INFO - 获取 Pod dupf-upc-76bbbd9fbb-2nsr2 的 pause 容器 ID
2026-04-29 16:20:00 - chaos - INFO - 解析后的 pause 容器 ID: 43b3cb8acabe
2026-04-29 16:20:00 - chaos - INFO - 获取容器的 PID
2026-04-29 16:20:00 - chaos - INFO - 容器 ID: 43b3cb8acabe
2026-04-29 16:20:00 - chaos - INFO - 提取的容器 PID: 43328
2026-04-29 16:20:00 - chaos - INFO - Pod dupf-upc-76bbbd9fbb-2nsr2 的网络故障清除成功
2026-04-29 16:20:00 - chaos - INFO - 清除 Pod dupf-upc-76bbbd9fbb-rch45 的网络故障
2026-04-29 16:20:00 - chaos - INFO - 命名空间: ns-dupf, 网络设备: eth0
2026-04-29 16:20:00 - chaos - INFO - 获取 Pod dupf-upc-76bbbd9fbb-rch45 的 pause 容器 ID
2026-04-29 16:20:01 - chaos - INFO - 解析后的 pause 容器 ID: bdca3f3b803a
2026-04-29 16:20:01 - chaos - INFO - 获取容器的 PID
2026-04-29 16:20:01 - chaos - INFO - 容器 ID: bdca3f3b803a
2026-04-29 16:20:01 - chaos - INFO - 提取的容器 PID: 43277
2026-04-29 16:20:01 - chaos - INFO - Pod dupf-upc-76bbbd9fbb-rch45 的网络故障清除成功
2026-04-29 16:20:01 - chaos - INFO - 清除 Pod dupf-upc-lb-2-7cc697d97-6jtgx 的网络故障
2026-04-29 16:20:01 - chaos - INFO - 命名空间: ns-dupf, 网络设备: eth0
2026-04-29 16:20:01 - chaos - INFO - 获取 Pod dupf-upc-lb-2-7cc697d97-6jtgx 的 pause 容器 ID
2026-04-29 16:20:01 - chaos - INFO - 解析后的 pause 容器 ID: 32ccf53e8346
2026-04-29 16:20:01 - chaos - INFO - 获取容器的 PID
2026-04-29 16:20:01 - chaos - INFO - 容器 ID: 32ccf53e8346
2026-04-29 16:20:01 - chaos - INFO - 提取的容器 PID: 2404
2026-04-29 16:20:01 - chaos - INFO - Pod dupf-upc-lb-2-7cc697d97-6jtgx 的网络故障清除成功
2026-04-29 16:20:01 - chaos - INFO - 清除 Pod dupf-upu-dupf01-1-7c9b66cbbf-mnsvt 的网络故障
2026-04-29 16:20:01 - chaos - INFO - 命名空间: ns-dupf, 网络设备: eth0
2026-04-29 16:20:01 - chaos - INFO - 获取 Pod dupf-upu-dupf01-1-7c9b66cbbf-mnsvt 的 pause 容器 ID
2026-04-29 16:20:01 - chaos - INFO - 解析后的 pause 容器 ID: 4d63814c8878
2026-04-29 16:20:01 - chaos - INFO - 获取容器的 PID
2026-04-29 16:20:01 - chaos - INFO - 容器 ID: 4d63814c8878
2026-04-29 16:20:01 - chaos - INFO - 提取的容器 PID: 12635
2026-04-29 16:20:01 - chaos - INFO - Pod dupf-upu-dupf01-1-7c9b66cbbf-mnsvt 的网络故障清除成功
2026-04-29 16:20:01 - chaos - INFO - 清除 Pod dupf-upu-dupf01-2-8bf594484-nbrtv 的网络故障
2026-04-29 16:20:01 - chaos - INFO - 命名空间: ns-dupf, 网络设备: eth0
2026-04-29 16:20:01 - chaos - INFO - 获取 Pod dupf-upu-dupf01-2-8bf594484-nbrtv 的 pause 容器 ID
2026-04-29 16:20:01 - chaos - INFO - 解析后的 pause 容器 ID: 758e6d5a76cc
2026-04-29 16:20:01 - chaos - INFO - 获取容器的 PID
2026-04-29 16:20:01 - chaos - INFO - 容器 ID: 758e6d5a76cc
2026-04-29 16:20:02 - chaos - INFO - 提取的容器 PID: 35321
2026-04-29 16:20:02 - chaos - INFO - Pod dupf-upu-dupf01-2-8bf594484-nbrtv 的网络故障清除成功
2026-04-29 16:20:02 - chaos - INFO - 清除 Pod dupf-upu-dupf01-3-5bc77f6459-thnr2 的网络故障
2026-04-29 16:20:02 - chaos - INFO - 命名空间: ns-dupf, 网络设备: eth0
2026-04-29 16:20:02 - chaos - INFO - 获取 Pod dupf-upu-dupf01-3-5bc77f6459-thnr2 的 pause 容器 ID
2026-04-29 16:20:02 - chaos - INFO - 解析后的 pause 容器 ID: 92e012c3f123
2026-04-29 16:20:02 - chaos - INFO - 获取容器的 PID
2026-04-29 16:20:02 - chaos - INFO - 容器 ID: 92e012c3f123
2026-04-29 16:20:02 - chaos - INFO - 提取的容器 PID: 12643
2026-04-29 16:20:02 - chaos - INFO - Pod dupf-upu-dupf01-3-5bc77f6459-thnr2 的网络故障清除成功
2026-04-29 16:20:02 - chaos - INFO - 环境 1_ssh_remote 网络故障清除完成：成功 19, 失败 0
2026-04-29 16:20:02 - chaos - INFO - ============================================================
2026-04-29 16:20:02 - chaos - INFO - workflow 级别的 auto_clear 完成
2026-04-29 16:20:02 - chaos - INFO - ============================================================
2026-04-29 16:20:02 - chaos - INFO - 
================================================================================
2026-04-29 16:20:02 - chaos - INFO - 执行workflow: cases/upu/upu/workflow_parallel_kill_upu.yaml
2026-04-29 16:20:02 - chaos - INFO - ================================================================================
2026-04-29 16:20:02 - chaos - INFO - Successfully parsed workflow: upu_parallel_process_kill_001
2026-04-29 16:20:02 - chaos - INFO - ============================================================
2026-04-29 16:20:02 - chaos - INFO - 开始执行工作流: UPU 并行进程杀除工作流
2026-04-29 16:20:02 - chaos - INFO - 工作流 ID: upu_parallel_process_kill_001
2026-04-29 16:20:02 - chaos - INFO - 执行模式: parallel
2026-04-29 16:20:02 - chaos - INFO - ============================================================
2026-04-29 16:20:02 - chaos - INFO - 启动延迟 10.0s
2026-04-29 16:20:12 - chaos - INFO - 执行计划: 共 1 层
2026-04-29 16:20:12 - chaos - INFO - 
============================================================
2026-04-29 16:20:12 - chaos - INFO - 执行第 1/1 层，共 1 个任务
2026-04-29 16:20:12 - chaos - INFO - ============================================================
2026-04-29 16:20:12 - chaos - INFO - [DEBUG] 开始执行任务: UPU 进程杀除 (kill_upu)
2026-04-29 16:20:12 - chaos - INFO - [DEBUG] 任务类型: process, 故障类型: kill
2026-04-29 16:20:12 - chaos - INFO - [DEBUG] 目标: Pod: upu
2026-04-29 16:20:12 - chaos - INFO - [DEBUG] Duration: 240s, Loop: 1
2026-04-29 16:20:12 - chaos - INFO - [DEBUG] 任务超时时间: 300.0s
2026-04-29 16:20:12 - chaos - INFO - [DEBUG] ========== 开始执行 Case ==========
2026-04-29 16:20:12 - chaos - INFO - [DEBUG] Case名称: upu_kill
2026-04-29 16:20:12 - chaos - INFO - [DEBUG] Case类型: process
2026-04-29 16:20:12 - chaos - INFO - [DEBUG] 故障类型: kill
2026-04-29 16:20:12 - chaos - INFO - [DEBUG] 环境: 1_ssh_remote
2026-04-29 16:20:12 - chaos - INFO - [DEBUG] 执行 Case 迭代 1/1
2026-04-29 16:20:12 - chaos - INFO - [DEBUG] 开始获取目标列表...
2026-04-29 16:20:12 - chaos.utils.remote - INFO - 连接 root@10.230.246.167:50163 不可用，需要重连
2026-04-29 16:20:12 - chaos.utils.remote - INFO - 尝试重连: root@10.230.246.167:50163
2026-04-29 16:20:12 - chaos.utils.remote - INFO - SSH连接建立成功: 10.230.246.167:50163, 耗时: 0.10s
2026-04-29 16:20:12 - chaos.utils.remote - INFO - 重连成功: root@10.230.246.167:50163
2026-04-29 16:20:12 - chaos - INFO - 根据名称匹配规则获取 Pod，pattern: upu, namespace: ns-dupf
2026-04-29 16:20:16 - chaos - INFO - 找到包含匹配的 Pod: dupf-upu-dupf01-1-7c9b66cbbf-mnsvt
2026-04-29 16:20:16 - chaos - INFO - 找到包含匹配的 Pod: dupf-upu-dupf01-2-8bf594484-nbrtv
2026-04-29 16:20:16 - chaos - INFO - 找到包含匹配的 Pod: dupf-upu-dupf01-3-5bc77f6459-thnr2
2026-04-29 16:20:16 - chaos - INFO - 找到包含匹配的 Pod: dupf-upu-dupf02-4-f694656fc-g9pcc
2026-04-29 16:20:16 - chaos - INFO - 找到包含匹配的 Pod: dupf-upu-dupf02-5-58475bdc49-wnctf
2026-04-29 16:20:16 - chaos - INFO - 找到包含匹配的 Pod: dupf-upu-dupf02-6-656bcb64c8-j2hf6
2026-04-29 16:20:16 - chaos - INFO - 找到包含匹配的 Pod: dupf-upu-dupf03-7-5d67cd95dc-m28vl
2026-04-29 16:20:16 - chaos - INFO - 找到包含匹配的 Pod: dupf-upu-dupf03-8-9695c974c-ttdqv
2026-04-29 16:20:16 - chaos - INFO - 找到包含匹配的 Pod: dupf-upu-dupf03-9-65876966d9-7n4jr
2026-04-29 16:20:16 - chaos - INFO - 找到包含匹配的 Pod: dupf-upu-dupf04-10-74f57567d9-2fnv7
2026-04-29 16:20:16 - chaos - INFO - 找到包含匹配的 Pod: dupf-upu-dupf04-11-849cf77d64-wdzsz
2026-04-29 16:20:16 - chaos - INFO - 找到包含匹配的 Pod: dupf-upu-dupf04-12-9f7c79f99-5z8p5
2026-04-29 16:20:16 - chaos - INFO - 找到 12 个匹配的 Pod
2026-04-29 16:20:16 - chaos - INFO - 随机选择 Pod: dupf-upu-dupf03-9-65876966d9-7n4jr
2026-04-29 16:20:16 - chaos - INFO - [DEBUG] 找到 1 个目标
2026-04-29 16:20:16 - chaos - INFO - [DEBUG] ---------- 处理目标 1/1 ----------
2026-04-29 16:20:16 - chaos - INFO - [DEBUG] 目标名称: dupf-upu-dupf03-9-65876966d9-7n4jr
2026-04-29 16:20:16 - chaos - INFO - [DEBUG] 目标节点: None
2026-04-29 16:20:16 - chaos - INFO - [DEBUG] 创建故障注入器...
2026-04-29 16:20:16 - chaos - INFO - [DEBUG] 准备注入故障...
2026-04-29 16:20:16 - chaos - INFO - [DEBUG] 注入参数: {'fault_type': 'kill', 'main_process_pid': 1, 'signal': 15}
2026-04-29 16:20:16 - chaos - INFO - Kill 进程: Pod=dupf-upu-dupf03-9-65876966d9-7n4jr, Namespace=ns-dupf, Signal=15, PID=1
2026-04-29 16:20:17 - chaos - INFO - 进程 kill 成功: Signal=15, PID=1
2026-04-29 16:20:17 - chaos - INFO - [DEBUG] 故障注入成功
2026-04-29 16:20:17 - chaos - INFO - [DEBUG] 故障ID: process_kill_dupf-upu-dupf03-9-65876966d9-7n4jr_ns-dupf_15_1_1777450816
2026-04-29 16:20:17 - chaos - INFO - 记录故障：process_kill_dupf-upu-dupf03-9-65876966d9-7n4jr_ns-dupf_15_1_1777450816
2026-04-29 16:20:17 - chaos - INFO - [DEBUG] 开始等待 duration: 240s (240.0秒)
2026-04-29 16:24:27 - chaos - INFO - [DEBUG] duration 等待完成
2026-04-29 16:24:27 - chaos - INFO - [DEBUG] 开始清理故障: process_kill_dupf-upu-dupf03-9-65876966d9-7n4jr_ns-dupf_15_1_1777450816
2026-04-29 16:24:27 - chaos - INFO - 进程故障自动恢复（进程守护自动拉起）: process_kill_dupf-upu-dupf03-9-65876966d9-7n4jr_ns-dupf_15_1_1777450816
2026-04-29 16:24:27 - chaos - INFO - [DEBUG] 故障清理成功: process_kill_dupf-upu-dupf03-9-65876966d9-7n4jr_ns-dupf_15_1_1777450816
2026-04-29 16:24:27 - chaos - INFO - 标记故障已恢复：process_kill_dupf-upu-dupf03-9-65876966d9-7n4jr_ns-dupf_15_1_1777450816
2026-04-29 16:24:27 - chaos - INFO - 任务执行成功: UPU 进程杀除 (耗时: 255.29s)
2026-04-29 16:24:27 - chaos - INFO - 
================================================================================
                           Workflow Execution Report                            
================================================================================
Workflow ID    : upu_parallel_process_kill_001
Workflow Name  : UPU 并行进程杀除工作流
Status         : SUCCESS
Start Time     : 2026-04-29 16:20:02
End Time       : 2026-04-29 16:24:27
Total Duration : 265.31s
Success Rate   : 100.00%
================================================================================

Task Results:
--------------------------------------------------------------------------------
  [SUCCESS ] UPU 进程杀除                       Duration: 255.29s  Group: N/A

================================================================================
Summary Statistics
================================================================================
Total Tasks    : 1
Success        : 1
Failed         : 0
Timeout        : 0
Skipped        : 0
================================================================================
2026-04-29 16:24:27 - chaos - INFO - 
================================================================================
2026-04-29 16:24:27 - chaos - INFO - 执行workflow: cases/upu/upu/workflow_parallel_loss_upu.yaml
2026-04-29 16:24:27 - chaos - INFO - ================================================================================
2026-04-29 16:24:27 - chaos - INFO - Successfully parsed workflow: upu_parallel_network_loss_001
2026-04-29 16:24:27 - chaos - INFO - ============================================================
2026-04-29 16:24:27 - chaos - INFO - 开始执行工作流: UPU 并行网络丢包工作流
2026-04-29 16:24:27 - chaos - INFO - 工作流 ID: upu_parallel_network_loss_001
2026-04-29 16:24:27 - chaos - INFO - 执行模式: parallel
2026-04-29 16:24:27 - chaos - INFO - ============================================================
2026-04-29 16:24:27 - chaos - INFO - 启动延迟 10.0s
2026-04-29 16:24:37 - chaos - INFO - 执行计划: 共 1 层
2026-04-29 16:24:37 - chaos - INFO - 
============================================================
2026-04-29 16:24:37 - chaos - INFO - 执行第 1/1 层，共 1 个任务
2026-04-29 16:24:37 - chaos - INFO - ============================================================
2026-04-29 16:24:37 - chaos - INFO - [DEBUG] 开始执行任务: UPU 网络丢包 (loss_upu)
2026-04-29 16:24:37 - chaos - INFO - [DEBUG] 任务类型: network, 故障类型: loss
2026-04-29 16:24:37 - chaos - INFO - [DEBUG] 目标: Pod: upu
2026-04-29 16:24:37 - chaos - INFO - [DEBUG] Duration: 240s, Loop: 1
2026-04-29 16:24:37 - chaos - INFO - [DEBUG] 任务超时时间: 300.0s
2026-04-29 16:24:37 - chaos - INFO - [DEBUG] ========== 开始执行 Case ==========
2026-04-29 16:24:37 - chaos - INFO - [DEBUG] Case名称: upu_loss
2026-04-29 16:24:37 - chaos - INFO - [DEBUG] Case类型: network
2026-04-29 16:24:37 - chaos - INFO - [DEBUG] 故障类型: loss
2026-04-29 16:24:37 - chaos - INFO - [DEBUG] 环境: 1_ssh_remote
2026-04-29 16:24:37 - chaos - INFO - [DEBUG] 执行 Case 迭代 1/1
2026-04-29 16:24:37 - chaos - INFO - [DEBUG] 开始获取目标列表...
2026-04-29 16:24:37 - chaos - INFO - 根据名称匹配规则获取 Pod，pattern: upu, namespace: ns-dupf
2026-04-29 16:24:38 - chaos - INFO - 找到包含匹配的 Pod: dupf-upu-dupf01-1-7c9b66cbbf-mnsvt
2026-04-29 16:24:38 - chaos - INFO - 找到包含匹配的 Pod: dupf-upu-dupf01-2-8bf594484-nbrtv
2026-04-29 16:24:38 - chaos - INFO - 找到包含匹配的 Pod: dupf-upu-dupf01-3-5bc77f6459-thnr2
2026-04-29 16:24:38 - chaos - INFO - 找到包含匹配的 Pod: dupf-upu-dupf02-4-f694656fc-g9pcc
2026-04-29 16:24:38 - chaos - INFO - 找到包含匹配的 Pod: dupf-upu-dupf02-5-58475bdc49-wnctf
2026-04-29 16:24:38 - chaos - INFO - 找到包含匹配的 Pod: dupf-upu-dupf02-6-656bcb64c8-j2hf6
2026-04-29 16:24:38 - chaos - INFO - 找到包含匹配的 Pod: dupf-upu-dupf03-7-5d67cd95dc-m28vl
2026-04-29 16:24:38 - chaos - INFO - 找到包含匹配的 Pod: dupf-upu-dupf03-8-9695c974c-ttdqv
2026-04-29 16:24:38 - chaos - INFO - 找到包含匹配的 Pod: dupf-upu-dupf03-9-65876966d9-7n4jr
2026-04-29 16:24:38 - chaos - INFO - 找到包含匹配的 Pod: dupf-upu-dupf04-10-74f57567d9-2fnv7
2026-04-29 16:24:38 - chaos - INFO - 找到包含匹配的 Pod: dupf-upu-dupf04-11-849cf77d64-wdzsz
2026-04-29 16:24:38 - chaos - INFO - 找到包含匹配的 Pod: dupf-upu-dupf04-12-9f7c79f99-5z8p5
2026-04-29 16:24:38 - chaos - INFO - 找到 12 个匹配的 Pod
2026-04-29 16:24:38 - chaos - INFO - 随机选择 Pod: dupf-upu-dupf01-1-7c9b66cbbf-mnsvt
2026-04-29 16:24:38 - chaos - INFO - [DEBUG] 找到 1 个目标
2026-04-29 16:24:38 - chaos - INFO - [DEBUG] ---------- 处理目标 1/1 ----------
2026-04-29 16:24:38 - chaos - INFO - [DEBUG] 目标名称: dupf-upu-dupf01-1-7c9b66cbbf-mnsvt
2026-04-29 16:24:38 - chaos - INFO - [DEBUG] 目标节点: None
2026-04-29 16:24:38 - chaos - INFO - [DEBUG] 创建故障注入器...
2026-04-29 16:24:38 - chaos - INFO - [DEBUG] 准备注入故障...
2026-04-29 16:24:38 - chaos - INFO - [DEBUG] 注入参数: {'fault_type': 'loss', 'correlation': ['30%', '90%'], 'percent': ['10%', '90%']}
2026-04-29 16:24:38 - chaos - INFO - 获取 Pod dupf-upu-dupf01-1-7c9b66cbbf-mnsvt 的 pause 容器 ID
2026-04-29 16:24:38 - chaos - INFO - 获取 Pod dupf-upu-dupf01-1-7c9b66cbbf-mnsvt 所在的节点，namespace: ns-dupf
2026-04-29 16:24:38 - chaos - INFO - Pod dupf-upu-dupf01-1-7c9b66cbbf-mnsvt 运行在节点 dupf01
2026-04-29 16:24:38 - chaos - INFO - Pod dupf-upu-dupf01-1-7c9b66cbbf-mnsvt 运行在节点 dupf01
2026-04-29 16:24:38 - chaos - INFO - 找到节点 dupf01 对应的环境: 1_ssh_remote
2026-04-29 16:24:38 - chaos - INFO - 解析后的 pause 容器 ID: 4d63814c8878
2026-04-29 16:24:38 - chaos - INFO - 获取容器的 PID
2026-04-29 16:24:38 - chaos - INFO - 容器 ID: 4d63814c8878
2026-04-29 16:24:38 - chaos - INFO - 提取的容器 PID: 12635
2026-04-29 16:24:38 - chaos - INFO - 为 Pod dupf-upu-dupf01-1-7c9b66cbbf-mnsvt 注入网络丢包
2026-04-29 16:24:38 - chaos - INFO - 丢包模型: state
2026-04-29 16:24:38 - chaos - INFO - 丢包参数: {'p13': '0.12%', 'p31': '2%', 'p23': '50%', 'p32': '17%', 'p14': '0.44%'}
2026-04-29 16:24:38 - chaos - INFO - ECN: False
2026-04-29 16:24:38 - chaos - INFO - tc 命令: tc qdisc add dev eth0 root netem loss state 0.12% 2% 50% 17% 0.44%
2026-04-29 16:24:38 - chaos - INFO - 网络丢包注入成功
2026-04-29 16:24:38 - chaos - INFO - [DEBUG] 故障注入成功
2026-04-29 16:24:38 - chaos - INFO - [DEBUG] 故障ID: loss_dupf-upu-dupf01-1-7c9b66cbbf-mnsvt_ns-dupf_1777451078
2026-04-29 16:24:38 - chaos - INFO - 记录故障：loss_dupf-upu-dupf01-1-7c9b66cbbf-mnsvt_ns-dupf_1777451078
2026-04-29 16:24:38 - chaos - INFO - [DEBUG] 开始等待 duration: 240s (240.0秒)
2026-04-29 16:28:49 - chaos - INFO - [DEBUG] duration 等待完成
2026-04-29 16:28:49 - chaos - INFO - [DEBUG] 开始清理故障: loss_dupf-upu-dupf01-1-7c9b66cbbf-mnsvt_ns-dupf_1777451078
2026-04-29 16:28:49 - chaos - INFO - 获取 Pod dupf-upu-dupf01-1-7c9b66cbbf-mnsvt 的 pause 容器 ID
2026-04-29 16:28:49 - chaos - INFO - 获取 Pod dupf-upu-dupf01-1-7c9b66cbbf-mnsvt 所在的节点，namespace: ns-dupf
2026-04-29 16:28:50 - chaos - INFO - Pod dupf-upu-dupf01-1-7c9b66cbbf-mnsvt 运行在节点 dupf01
2026-04-29 16:28:50 - chaos - INFO - Pod dupf-upu-dupf01-1-7c9b66cbbf-mnsvt 运行在节点 dupf01
2026-04-29 16:28:50 - chaos - INFO - 找到节点 dupf01 对应的环境: 1_ssh_remote
2026-04-29 16:28:50 - chaos - INFO - 解析后的 pause 容器 ID: 4d63814c8878
2026-04-29 16:28:50 - chaos - INFO - 获取容器的 PID
2026-04-29 16:28:50 - chaos - INFO - 容器 ID: 4d63814c8878
2026-04-29 16:28:50 - chaos - INFO - 提取的容器 PID: 12635
2026-04-29 16:28:50 - chaos - INFO - 恢复网络故障：loss_dupf-upu-dupf01-1-7c9b66cbbf-mnsvt_ns-dupf_1777451078
2026-04-29 16:28:50 - chaos - INFO - [DEBUG] 故障清理成功: loss_dupf-upu-dupf01-1-7c9b66cbbf-mnsvt_ns-dupf_1777451078
2026-04-29 16:28:50 - chaos - INFO - 标记故障已恢复：loss_dupf-upu-dupf01-1-7c9b66cbbf-mnsvt_ns-dupf_1777451078
2026-04-29 16:28:50 - chaos - INFO - 任务执行成功: UPU 网络丢包 (耗时: 252.63s)
2026-04-29 16:28:50 - chaos - INFO - 
================================================================================
                           Workflow Execution Report                            
================================================================================
Workflow ID    : upu_parallel_network_loss_001
Workflow Name  : UPU 并行网络丢包工作流
Status         : SUCCESS
Start Time     : 2026-04-29 16:24:27
End Time       : 2026-04-29 16:28:50
Total Duration : 262.65s
Success Rate   : 100.00%
================================================================================

Task Results:
--------------------------------------------------------------------------------
  [SUCCESS ] UPU 网络丢包                       Duration: 252.63s  Group: N/A

================================================================================
Summary Statistics
================================================================================
Total Tasks    : 1
Success        : 1
Failed         : 0
Timeout        : 0
Skipped        : 0
================================================================================
2026-04-29 16:28:50 - chaos - INFO - ============================================================
2026-04-29 16:28:50 - chaos - INFO - 执行 workflow 级别的 auto_clear
2026-04-29 16:28:50 - chaos - INFO - ============================================================
2026-04-29 16:28:50 - chaos - INFO - 需要清理的环境: 1_ssh_remote
2026-04-29 16:28:50 - chaos - INFO - 清理环境 1_ssh_remote 的网络故障...
2026-04-29 16:28:50 - chaos - INFO - 获取 Pod 列表，namespace: ns-dupf, nodename: dupf01
2026-04-29 16:28:50 - chaos - INFO - 找到 19 个 Pod
2026-04-29 16:28:50 - chaos - INFO - 找到 19 个 pod
2026-04-29 16:28:50 - chaos - INFO - 清除 Pod dupf-db-operator-7c4b689ff9-8sjll 的网络故障
2026-04-29 16:28:50 - chaos - INFO - 命名空间: ns-dupf, 网络设备: eth0
2026-04-29 16:28:50 - chaos - INFO - 获取 Pod dupf-db-operator-7c4b689ff9-8sjll 的 pause 容器 ID
2026-04-29 16:28:50 - chaos - INFO - 解析后的 pause 容器 ID: a77a532556c8
2026-04-29 16:28:50 - chaos - INFO - 获取容器的 PID
2026-04-29 16:28:50 - chaos - INFO - 容器 ID: a77a532556c8
2026-04-29 16:28:50 - chaos - INFO - 提取的容器 PID: 32309
2026-04-29 16:28:51 - chaos - INFO - Pod dupf-db-operator-7c4b689ff9-8sjll 的网络故障清除成功
2026-04-29 16:28:51 - chaos - INFO - 清除 Pod dupf-ddb-shd-0-1 的网络故障
2026-04-29 16:28:51 - chaos - INFO - 命名空间: ns-dupf, 网络设备: eth0
2026-04-29 16:28:51 - chaos - INFO - 获取 Pod dupf-ddb-shd-0-1 的 pause 容器 ID
2026-04-29 16:28:51 - chaos - INFO - 解析后的 pause 容器 ID: 1f077a28fe53
2026-04-29 16:28:51 - chaos - INFO - 获取容器的 PID
2026-04-29 16:28:51 - chaos - INFO - 容器 ID: 1f077a28fe53
2026-04-29 16:28:51 - chaos - INFO - 提取的容器 PID: 17320
2026-04-29 16:28:51 - chaos - INFO - Pod dupf-ddb-shd-0-1 的网络故障清除成功
2026-04-29 16:28:51 - chaos - INFO - 清除 Pod dupf-ddb-shd-1-0 的网络故障
2026-04-29 16:28:51 - chaos - INFO - 命名空间: ns-dupf, 网络设备: eth0
2026-04-29 16:28:51 - chaos - INFO - 获取 Pod dupf-ddb-shd-1-0 的 pause 容器 ID
2026-04-29 16:28:51 - chaos - INFO - 解析后的 pause 容器 ID: d1d0fe54bc9a
2026-04-29 16:28:51 - chaos - INFO - 获取容器的 PID
2026-04-29 16:28:51 - chaos - INFO - 容器 ID: d1d0fe54bc9a
2026-04-29 16:28:51 - chaos - INFO - 提取的容器 PID: 17632
2026-04-29 16:28:51 - chaos - INFO - Pod dupf-ddb-shd-1-0 的网络故障清除成功
2026-04-29 16:28:51 - chaos - INFO - 清除 Pod dupf-ddb-shd-2-0 的网络故障
2026-04-29 16:28:51 - chaos - INFO - 命名空间: ns-dupf, 网络设备: eth0
2026-04-29 16:28:51 - chaos - INFO - 获取 Pod dupf-ddb-shd-2-0 的 pause 容器 ID
2026-04-29 16:28:51 - chaos - INFO - 解析后的 pause 容器 ID: 30f0f4bd58d1
2026-04-29 16:28:51 - chaos - INFO - 获取容器的 PID
2026-04-29 16:28:51 - chaos - INFO - 容器 ID: 30f0f4bd58d1
2026-04-29 16:28:51 - chaos - INFO - 提取的容器 PID: 17976
2026-04-29 16:28:51 - chaos - INFO - Pod dupf-ddb-shd-2-0 的网络故障清除成功
2026-04-29 16:28:51 - chaos - INFO - 清除 Pod dupf-etcd-2 的网络故障
2026-04-29 16:28:51 - chaos - INFO - 命名空间: ns-dupf, 网络设备: eth0
2026-04-29 16:28:51 - chaos - INFO - 获取 Pod dupf-etcd-2 的 pause 容器 ID
2026-04-29 16:28:52 - chaos - INFO - 解析后的 pause 容器 ID: c256bd69e3d6
2026-04-29 16:28:52 - chaos - INFO - 获取容器的 PID
2026-04-29 16:28:52 - chaos - INFO - 容器 ID: c256bd69e3d6
2026-04-29 16:28:52 - chaos - INFO - 提取的容器 PID: 13185
2026-04-29 16:28:52 - chaos - INFO - Pod dupf-etcd-2 的网络故障清除成功
2026-04-29 16:28:52 - chaos - INFO - 清除 Pod dupf-file-sync-8btfr 的网络故障
2026-04-29 16:28:52 - chaos - INFO - 命名空间: ns-dupf, 网络设备: eth0
2026-04-29 16:28:52 - chaos - INFO - 获取 Pod dupf-file-sync-8btfr 的 pause 容器 ID
2026-04-29 16:28:52 - chaos - INFO - 解析后的 pause 容器 ID: effa6e690919
2026-04-29 16:28:52 - chaos - INFO - 获取容器的 PID
2026-04-29 16:28:52 - chaos - INFO - 容器 ID: effa6e690919
2026-04-29 16:28:52 - chaos - INFO - 提取的容器 PID: 9422
2026-04-29 16:28:52 - chaos - INFO - Pod dupf-file-sync-8btfr 的网络故障清除成功
2026-04-29 16:28:52 - chaos - INFO - 清除 Pod dupf-log-monitor-65798c687f-slczc 的网络故障
2026-04-29 16:28:52 - chaos - INFO - 命名空间: ns-dupf, 网络设备: eth0
2026-04-29 16:28:52 - chaos - INFO - 获取 Pod dupf-log-monitor-65798c687f-slczc 的 pause 容器 ID
2026-04-29 16:28:52 - chaos - INFO - 解析后的 pause 容器 ID: 3674c56fec1b
2026-04-29 16:28:52 - chaos - INFO - 获取容器的 PID
2026-04-29 16:28:52 - chaos - INFO - 容器 ID: 3674c56fec1b
2026-04-29 16:28:52 - chaos - INFO - 提取的容器 PID: 44841
2026-04-29 16:28:52 - chaos - INFO - Pod dupf-log-monitor-65798c687f-slczc 的网络故障清除成功
2026-04-29 16:28:52 - chaos - INFO - 清除 Pod dupf-node-monitor-n76hh 的网络故障
2026-04-29 16:28:52 - chaos - INFO - 命名空间: ns-dupf, 网络设备: eth0
2026-04-29 16:28:52 - chaos - INFO - 获取 Pod dupf-node-monitor-n76hh 的 pause 容器 ID
2026-04-29 16:28:52 - chaos - INFO - 解析后的 pause 容器 ID: bf92c7b0747a
2026-04-29 16:28:52 - chaos - INFO - 获取容器的 PID
2026-04-29 16:28:52 - chaos - INFO - 容器 ID: bf92c7b0747a
2026-04-29 16:28:53 - chaos - INFO - 提取的容器 PID: 10841
2026-04-29 16:28:53 - chaos - INFO - Pod dupf-node-monitor-n76hh 的网络故障清除成功
2026-04-29 16:28:53 - chaos - INFO - 清除 Pod dupf-prometheus-795c67c9dc-lkhrq 的网络故障
2026-04-29 16:28:53 - chaos - INFO - 命名空间: ns-dupf, 网络设备: eth0
2026-04-29 16:28:53 - chaos - INFO - 获取 Pod dupf-prometheus-795c67c9dc-lkhrq 的 pause 容器 ID
2026-04-29 16:28:53 - chaos - INFO - 解析后的 pause 容器 ID: bde7aad54c3a
2026-04-29 16:28:53 - chaos - INFO - 获取容器的 PID
2026-04-29 16:28:53 - chaos - INFO - 容器 ID: bde7aad54c3a
2026-04-29 16:28:53 - chaos - INFO - 提取的容器 PID: 32812
2026-04-29 16:28:53 - chaos - INFO - Pod dupf-prometheus-795c67c9dc-lkhrq 的网络故障清除成功
2026-04-29 16:28:53 - chaos - INFO - 清除 Pod dupf-registry-center-1 的网络故障
2026-04-29 16:28:53 - chaos - INFO - 命名空间: ns-dupf, 网络设备: eth0
2026-04-29 16:28:53 - chaos - INFO - 获取 Pod dupf-registry-center-1 的 pause 容器 ID
2026-04-29 16:28:53 - chaos - INFO - 解析后的 pause 容器 ID: 649c663d5da2
2026-04-29 16:28:53 - chaos - INFO - 获取容器的 PID
2026-04-29 16:28:53 - chaos - INFO - 容器 ID: 649c663d5da2
2026-04-29 16:28:53 - chaos - INFO - 提取的容器 PID: 18202
2026-04-29 16:28:53 - chaos - INFO - Pod dupf-registry-center-1 的网络故障清除成功
2026-04-29 16:28:53 - chaos - INFO - 清除 Pod dupf-sdb-1 的网络故障
2026-04-29 16:28:53 - chaos - INFO - 命名空间: ns-dupf, 网络设备: eth0
2026-04-29 16:28:53 - chaos - INFO - 获取 Pod dupf-sdb-1 的 pause 容器 ID
2026-04-29 16:28:53 - chaos - INFO - 解析后的 pause 容器 ID: 12220ab7e7c1
2026-04-29 16:28:53 - chaos - INFO - 获取容器的 PID
2026-04-29 16:28:53 - chaos - INFO - 容器 ID: 12220ab7e7c1
2026-04-29 16:28:54 - chaos - INFO - 提取的容器 PID: 13278
2026-04-29 16:28:54 - chaos - INFO - Pod dupf-sdb-1 的网络故障清除成功
2026-04-29 16:28:54 - chaos - INFO - 清除 Pod dupf-sdb-sentinel-2 的网络故障
2026-04-29 16:28:54 - chaos - INFO - 命名空间: ns-dupf, 网络设备: eth0
2026-04-29 16:28:54 - chaos - INFO - 获取 Pod dupf-sdb-sentinel-2 的 pause 容器 ID
2026-04-29 16:28:54 - chaos - INFO - 解析后的 pause 容器 ID: 79305cc268c3
2026-04-29 16:28:54 - chaos - INFO - 获取容器的 PID
2026-04-29 16:28:54 - chaos - INFO - 容器 ID: 79305cc268c3
2026-04-29 16:28:54 - chaos - INFO - 提取的容器 PID: 18415
2026-04-29 16:28:54 - chaos - INFO - Pod dupf-sdb-sentinel-2 的网络故障清除成功
2026-04-29 16:28:54 - chaos - INFO - 清除 Pod dupf-sf-mq-proxy-2 的网络故障
2026-04-29 16:28:54 - chaos - INFO - 命名空间: ns-dupf, 网络设备: eth0
2026-04-29 16:28:54 - chaos - INFO - 获取 Pod dupf-sf-mq-proxy-2 的 pause 容器 ID
2026-04-29 16:28:54 - chaos - INFO - 解析后的 pause 容器 ID: fc327bacccc8
2026-04-29 16:28:54 - chaos - INFO - 获取容器的 PID
2026-04-29 16:28:54 - chaos - INFO - 容器 ID: fc327bacccc8
2026-04-29 16:28:54 - chaos - INFO - 提取的容器 PID: 17043
2026-04-29 16:28:54 - chaos - INFO - Pod dupf-sf-mq-proxy-2 的网络故障清除成功
2026-04-29 16:28:54 - chaos - INFO - 清除 Pod dupf-upc-76bbbd9fbb-2nsr2 的网络故障
2026-04-29 16:28:54 - chaos - INFO - 命名空间: ns-dupf, 网络设备: eth0
2026-04-29 16:28:54 - chaos - INFO - 获取 Pod dupf-upc-76bbbd9fbb-2nsr2 的 pause 容器 ID
2026-04-29 16:28:54 - chaos - INFO - 解析后的 pause 容器 ID: 43b3cb8acabe
2026-04-29 16:28:54 - chaos - INFO - 获取容器的 PID
2026-04-29 16:28:54 - chaos - INFO - 容器 ID: 43b3cb8acabe
2026-04-29 16:28:54 - chaos - INFO - 提取的容器 PID: 43328
2026-04-29 16:28:55 - chaos - INFO - Pod dupf-upc-76bbbd9fbb-2nsr2 的网络故障清除成功
2026-04-29 16:28:55 - chaos - INFO - 清除 Pod dupf-upc-76bbbd9fbb-rch45 的网络故障
2026-04-29 16:28:55 - chaos - INFO - 命名空间: ns-dupf, 网络设备: eth0
2026-04-29 16:28:55 - chaos - INFO - 获取 Pod dupf-upc-76bbbd9fbb-rch45 的 pause 容器 ID
2026-04-29 16:28:55 - chaos - INFO - 解析后的 pause 容器 ID: bdca3f3b803a
2026-04-29 16:28:55 - chaos - INFO - 获取容器的 PID
2026-04-29 16:28:55 - chaos - INFO - 容器 ID: bdca3f3b803a
2026-04-29 16:28:55 - chaos - INFO - 提取的容器 PID: 43277
2026-04-29 16:28:55 - chaos - INFO - Pod dupf-upc-76bbbd9fbb-rch45 的网络故障清除成功
2026-04-29 16:28:55 - chaos - INFO - 清除 Pod dupf-upc-lb-2-7cc697d97-6jtgx 的网络故障
2026-04-29 16:28:55 - chaos - INFO - 命名空间: ns-dupf, 网络设备: eth0
2026-04-29 16:28:55 - chaos - INFO - 获取 Pod dupf-upc-lb-2-7cc697d97-6jtgx 的 pause 容器 ID
2026-04-29 16:28:55 - chaos - INFO - 解析后的 pause 容器 ID: 32ccf53e8346
2026-04-29 16:28:55 - chaos - INFO - 获取容器的 PID
2026-04-29 16:28:55 - chaos - INFO - 容器 ID: 32ccf53e8346
2026-04-29 16:28:55 - chaos - INFO - 提取的容器 PID: 2404
2026-04-29 16:28:55 - chaos - INFO - Pod dupf-upc-lb-2-7cc697d97-6jtgx 的网络故障清除成功
2026-04-29 16:28:55 - chaos - INFO - 清除 Pod dupf-upu-dupf01-1-7c9b66cbbf-mnsvt 的网络故障
2026-04-29 16:28:55 - chaos - INFO - 命名空间: ns-dupf, 网络设备: eth0
2026-04-29 16:28:55 - chaos - INFO - 获取 Pod dupf-upu-dupf01-1-7c9b66cbbf-mnsvt 的 pause 容器 ID
2026-04-29 16:28:55 - chaos - INFO - 解析后的 pause 容器 ID: 4d63814c8878
2026-04-29 16:28:55 - chaos - INFO - 获取容器的 PID
2026-04-29 16:28:55 - chaos - INFO - 容器 ID: 4d63814c8878
2026-04-29 16:28:55 - chaos - INFO - 提取的容器 PID: 12635
2026-04-29 16:28:55 - chaos - INFO - Pod dupf-upu-dupf01-1-7c9b66cbbf-mnsvt 的网络故障清除成功
2026-04-29 16:28:55 - chaos - INFO - 清除 Pod dupf-upu-dupf01-2-8bf594484-nbrtv 的网络故障
2026-04-29 16:28:55 - chaos - INFO - 命名空间: ns-dupf, 网络设备: eth0
2026-04-29 16:28:55 - chaos - INFO - 获取 Pod dupf-upu-dupf01-2-8bf594484-nbrtv 的 pause 容器 ID
2026-04-29 16:28:56 - chaos - INFO - 解析后的 pause 容器 ID: 758e6d5a76cc
2026-04-29 16:28:56 - chaos - INFO - 获取容器的 PID
2026-04-29 16:28:56 - chaos - INFO - 容器 ID: 758e6d5a76cc
2026-04-29 16:28:56 - chaos - INFO - 提取的容器 PID: 35321
2026-04-29 16:28:56 - chaos - INFO - Pod dupf-upu-dupf01-2-8bf594484-nbrtv 的网络故障清除成功
2026-04-29 16:28:56 - chaos - INFO - 清除 Pod dupf-upu-dupf01-3-5bc77f6459-thnr2 的网络故障
2026-04-29 16:28:56 - chaos - INFO - 命名空间: ns-dupf, 网络设备: eth0
2026-04-29 16:28:56 - chaos - INFO - 获取 Pod dupf-upu-dupf01-3-5bc77f6459-thnr2 的 pause 容器 ID
2026-04-29 16:28:56 - chaos - INFO - 解析后的 pause 容器 ID: 92e012c3f123
2026-04-29 16:28:56 - chaos - INFO - 获取容器的 PID
2026-04-29 16:28:56 - chaos - INFO - 容器 ID: 92e012c3f123
2026-04-29 16:28:56 - chaos - INFO - 提取的容器 PID: 12643
2026-04-29 16:28:56 - chaos - INFO - Pod dupf-upu-dupf01-3-5bc77f6459-thnr2 的网络故障清除成功
2026-04-29 16:28:56 - chaos - INFO - 环境 1_ssh_remote 网络故障清除完成：成功 19, 失败 0
2026-04-29 16:28:56 - chaos - INFO - ============================================================
2026-04-29 16:28:56 - chaos - INFO - workflow 级别的 auto_clear 完成
2026-04-29 16:28:56 - chaos - INFO - ============================================================
2026-04-29 16:28:56 - chaos - INFO - 
================================================================================
2026-04-29 16:28:56 - chaos - INFO - 执行workflow: cases/upu/upu/workflow_parallel_reorder_upu.yaml
2026-04-29 16:28:56 - chaos - INFO - ================================================================================
2026-04-29 16:28:56 - chaos - INFO - Successfully parsed workflow: upu_parallel_network_reorder_001
2026-04-29 16:28:56 - chaos - INFO - ============================================================
2026-04-29 16:28:56 - chaos - INFO - 开始执行工作流: UPU 并行数据包重排序工作流
2026-04-29 16:28:56 - chaos - INFO - 工作流 ID: upu_parallel_network_reorder_001
2026-04-29 16:28:56 - chaos - INFO - 执行模式: parallel
2026-04-29 16:28:56 - chaos - INFO - ============================================================
2026-04-29 16:28:56 - chaos - INFO - 启动延迟 10.0s
2026-04-29 16:29:08 - chaos - INFO - 执行计划: 共 1 层
2026-04-29 16:29:08 - chaos - INFO - 
============================================================
2026-04-29 16:29:08 - chaos - INFO - 执行第 1/1 层，共 1 个任务
2026-04-29 16:29:08 - chaos - INFO - ============================================================
2026-04-29 16:29:08 - chaos - INFO - [DEBUG] 开始执行任务: UPU 数据包重排序 (reorder_upu)
2026-04-29 16:29:08 - chaos - INFO - [DEBUG] 任务类型: network, 故障类型: reorder
2026-04-29 16:29:08 - chaos - INFO - [DEBUG] 目标: Pod: upu
2026-04-29 16:29:08 - chaos - INFO - [DEBUG] Duration: 240s, Loop: 1
2026-04-29 16:29:08 - chaos - INFO - [DEBUG] 任务超时时间: 300.0s
2026-04-29 16:29:08 - chaos - INFO - [DEBUG] ========== 开始执行 Case ==========
2026-04-29 16:29:08 - chaos - INFO - [DEBUG] Case名称: upu_reorder
2026-04-29 16:29:08 - chaos - INFO - [DEBUG] Case类型: network
2026-04-29 16:29:08 - chaos - INFO - [DEBUG] 故障类型: reorder
2026-04-29 16:29:08 - chaos - INFO - [DEBUG] 环境: 1_ssh_remote
2026-04-29 16:29:08 - chaos - INFO - [DEBUG] 执行 Case 迭代 1/1
2026-04-29 16:29:08 - chaos - INFO - [DEBUG] 开始获取目标列表...
2026-04-29 16:29:08 - chaos.utils.remote - INFO - 连接 root@10.230.246.167:50163 不可用，需要重连
2026-04-29 16:29:08 - chaos.utils.remote - INFO - 尝试重连: root@10.230.246.167:50163
2026-04-29 16:29:08 - chaos.utils.remote - INFO - SSH连接建立成功: 10.230.246.167:50163, 耗时: 0.11s
2026-04-29 16:29:08 - chaos.utils.remote - INFO - 重连成功: root@10.230.246.167:50163
2026-04-29 16:29:08 - chaos - INFO - 根据名称匹配规则获取 Pod，pattern: upu, namespace: ns-dupf
2026-04-29 16:29:10 - chaos - INFO - 找到包含匹配的 Pod: dupf-upu-dupf01-1-7c9b66cbbf-mnsvt
2026-04-29 16:29:10 - chaos - INFO - 找到包含匹配的 Pod: dupf-upu-dupf01-2-8bf594484-nbrtv
2026-04-29 16:29:10 - chaos - INFO - 找到包含匹配的 Pod: dupf-upu-dupf01-3-5bc77f6459-thnr2
2026-04-29 16:29:10 - chaos - INFO - 找到包含匹配的 Pod: dupf-upu-dupf02-4-f694656fc-g9pcc
2026-04-29 16:29:10 - chaos - INFO - 找到包含匹配的 Pod: dupf-upu-dupf02-5-58475bdc49-wnctf
2026-04-29 16:29:10 - chaos - INFO - 找到包含匹配的 Pod: dupf-upu-dupf02-6-656bcb64c8-j2hf6
2026-04-29 16:29:10 - chaos - INFO - 找到包含匹配的 Pod: dupf-upu-dupf03-7-5d67cd95dc-m28vl
2026-04-29 16:29:10 - chaos - INFO - 找到包含匹配的 Pod: dupf-upu-dupf03-8-9695c974c-ttdqv
2026-04-29 16:29:10 - chaos - INFO - 找到包含匹配的 Pod: dupf-upu-dupf03-9-65876966d9-7n4jr
2026-04-29 16:29:10 - chaos - INFO - 找到包含匹配的 Pod: dupf-upu-dupf04-10-74f57567d9-2fnv7
2026-04-29 16:29:10 - chaos - INFO - 找到包含匹配的 Pod: dupf-upu-dupf04-11-849cf77d64-wdzsz
2026-04-29 16:29:10 - chaos - INFO - 找到包含匹配的 Pod: dupf-upu-dupf04-12-9f7c79f99-5z8p5
2026-04-29 16:29:10 - chaos - INFO - 找到 12 个匹配的 Pod
2026-04-29 16:29:10 - chaos - INFO - 随机选择 Pod: dupf-upu-dupf01-2-8bf594484-nbrtv
2026-04-29 16:29:10 - chaos - INFO - [DEBUG] 找到 1 个目标
2026-04-29 16:29:10 - chaos - INFO - [DEBUG] ---------- 处理目标 1/1 ----------
2026-04-29 16:29:10 - chaos - INFO - [DEBUG] 目标名称: dupf-upu-dupf01-2-8bf594484-nbrtv
2026-04-29 16:29:10 - chaos - INFO - [DEBUG] 目标节点: None
2026-04-29 16:29:10 - chaos - INFO - [DEBUG] 创建故障注入器...
2026-04-29 16:29:10 - chaos - INFO - [DEBUG] 准备注入故障...
2026-04-29 16:29:10 - chaos - INFO - [DEBUG] 注入参数: {'fault_type': 'reorder', 'correlation': ['30%', '90%'], 'gap': [1, 10], 'percent': ['10%', '90%']}
2026-04-29 16:29:10 - chaos - INFO - 获取 Pod dupf-upu-dupf01-2-8bf594484-nbrtv 的 pause 容器 ID
2026-04-29 16:29:10 - chaos - INFO - 获取 Pod dupf-upu-dupf01-2-8bf594484-nbrtv 所在的节点，namespace: ns-dupf
2026-04-29 16:29:10 - chaos - INFO - Pod dupf-upu-dupf01-2-8bf594484-nbrtv 运行在节点 dupf01
2026-04-29 16:29:10 - chaos - INFO - Pod dupf-upu-dupf01-2-8bf594484-nbrtv 运行在节点 dupf01
2026-04-29 16:29:10 - chaos - INFO - 找到节点 dupf01 对应的环境: 1_ssh_remote
2026-04-29 16:29:10 - chaos - INFO - 解析后的 pause 容器 ID: 758e6d5a76cc
2026-04-29 16:29:10 - chaos - INFO - 获取容器的 PID
2026-04-29 16:29:10 - chaos - INFO - 容器 ID: 758e6d5a76cc
2026-04-29 16:29:10 - chaos - INFO - 提取的容器 PID: 35321
2026-04-29 16:29:10 - chaos - INFO - 为 Pod dupf-upu-dupf01-2-8bf594484-nbrtv 注入网络数据包重排序
2026-04-29 16:29:10 - chaos - INFO - 重排序比例: 48%
2026-04-29 16:29:10 - chaos - INFO - 相关性: 65%
2026-04-29 16:29:10 - chaos - INFO - Gap: 8
2026-04-29 16:29:10 - chaos - INFO - tc 命令: tc qdisc add dev eth0 root netem delay 100ms reorder 48% 65% gap 8
2026-04-29 16:29:10 - chaos - INFO - 网络数据包重排序注入成功
2026-04-29 16:29:10 - chaos - INFO - [DEBUG] 故障注入成功
2026-04-29 16:29:10 - chaos - INFO - [DEBUG] 故障ID: reorder_dupf-upu-dupf01-2-8bf594484-nbrtv_ns-dupf_1777451350
2026-04-29 16:29:10 - chaos - INFO - 记录故障：reorder_dupf-upu-dupf01-2-8bf594484-nbrtv_ns-dupf_1777451350
2026-04-29 16:29:10 - chaos - INFO - [DEBUG] 开始等待 duration: 240s (240.0秒)
2026-04-29 16:33:22 - chaos - INFO - [DEBUG] duration 等待完成
2026-04-29 16:33:22 - chaos - INFO - [DEBUG] 开始清理故障: reorder_dupf-upu-dupf01-2-8bf594484-nbrtv_ns-dupf_1777451350
2026-04-29 16:33:22 - chaos - INFO - 获取 Pod dupf-upu-dupf01-2-8bf594484-nbrtv 的 pause 容器 ID
2026-04-29 16:33:22 - chaos - INFO - 获取 Pod dupf-upu-dupf01-2-8bf594484-nbrtv 所在的节点，namespace: ns-dupf
2026-04-29 16:33:22 - chaos - INFO - Pod dupf-upu-dupf01-2-8bf594484-nbrtv 运行在节点 dupf01
2026-04-29 16:33:22 - chaos - INFO - Pod dupf-upu-dupf01-2-8bf594484-nbrtv 运行在节点 dupf01
2026-04-29 16:33:22 - chaos - INFO - 找到节点 dupf01 对应的环境: 1_ssh_remote
2026-04-29 16:33:22 - chaos - INFO - 解析后的 pause 容器 ID: 758e6d5a76cc
2026-04-29 16:33:22 - chaos - INFO - 获取容器的 PID
2026-04-29 16:33:22 - chaos - INFO - 容器 ID: 758e6d5a76cc
2026-04-29 16:33:22 - chaos - INFO - 提取的容器 PID: 35321
2026-04-29 16:33:22 - chaos - INFO - 恢复网络故障：reorder_dupf-upu-dupf01-2-8bf594484-nbrtv_ns-dupf_1777451350
2026-04-29 16:33:22 - chaos - INFO - [DEBUG] 故障清理成功: reorder_dupf-upu-dupf01-2-8bf594484-nbrtv_ns-dupf_1777451350
2026-04-29 16:33:22 - chaos - INFO - 标记故障已恢复：reorder_dupf-upu-dupf01-2-8bf594484-nbrtv_ns-dupf_1777451350
2026-04-29 16:33:22 - chaos - INFO - 任务执行成功: UPU 数据包重排序 (耗时: 254.58s)
2026-04-29 16:33:22 - chaos - INFO - 
================================================================================
                           Workflow Execution Report                            
================================================================================
Workflow ID    : upu_parallel_network_reorder_001
Workflow Name  : UPU 并行数据包重排序工作流
Status         : SUCCESS
Start Time     : 2026-04-29 16:28:56
End Time       : 2026-04-29 16:33:22
Total Duration : 266.13s
Success Rate   : 100.00%
================================================================================

Task Results:
--------------------------------------------------------------------------------
  [SUCCESS ] UPU 数据包重排序                     Duration: 254.58s  Group: N/A

================================================================================
Summary Statistics
================================================================================
Total Tasks    : 1
Success        : 1
Failed         : 0
Timeout        : 0
Skipped        : 0
================================================================================
2026-04-29 16:33:22 - chaos - INFO - ============================================================
2026-04-29 16:33:22 - chaos - INFO - 执行 workflow 级别的 auto_clear
2026-04-29 16:33:22 - chaos - INFO - ============================================================
2026-04-29 16:33:22 - chaos - INFO - 需要清理的环境: 1_ssh_remote
2026-04-29 16:33:22 - chaos - INFO - 清理环境 1_ssh_remote 的网络故障...
2026-04-29 16:33:22 - chaos - INFO - 获取 Pod 列表，namespace: ns-dupf, nodename: dupf01
2026-04-29 16:33:22 - chaos - INFO - 找到 19 个 Pod
2026-04-29 16:33:22 - chaos - INFO - 找到 19 个 pod
2026-04-29 16:33:22 - chaos - INFO - 清除 Pod dupf-db-operator-7c4b689ff9-8sjll 的网络故障
2026-04-29 16:33:22 - chaos - INFO - 命名空间: ns-dupf, 网络设备: eth0
2026-04-29 16:33:22 - chaos - INFO - 获取 Pod dupf-db-operator-7c4b689ff9-8sjll 的 pause 容器 ID
2026-04-29 16:33:23 - chaos - INFO - 解析后的 pause 容器 ID: a77a532556c8
2026-04-29 16:33:23 - chaos - INFO - 获取容器的 PID
2026-04-29 16:33:23 - chaos - INFO - 容器 ID: a77a532556c8
2026-04-29 16:33:23 - chaos - INFO - 提取的容器 PID: 32309
2026-04-29 16:33:23 - chaos - INFO - Pod dupf-db-operator-7c4b689ff9-8sjll 的网络故障清除成功
2026-04-29 16:33:23 - chaos - INFO - 清除 Pod dupf-ddb-shd-0-1 的网络故障
2026-04-29 16:33:23 - chaos - INFO - 命名空间: ns-dupf, 网络设备: eth0
2026-04-29 16:33:23 - chaos - INFO - 获取 Pod dupf-ddb-shd-0-1 的 pause 容器 ID
2026-04-29 16:33:23 - chaos - INFO - 解析后的 pause 容器 ID: 1f077a28fe53
2026-04-29 16:33:23 - chaos - INFO - 获取容器的 PID
2026-04-29 16:33:23 - chaos - INFO - 容器 ID: 1f077a28fe53
2026-04-29 16:33:23 - chaos - INFO - 提取的容器 PID: 17320
2026-04-29 16:33:23 - chaos - INFO - Pod dupf-ddb-shd-0-1 的网络故障清除成功
2026-04-29 16:33:23 - chaos - INFO - 清除 Pod dupf-ddb-shd-1-0 的网络故障
2026-04-29 16:33:23 - chaos - INFO - 命名空间: ns-dupf, 网络设备: eth0
2026-04-29 16:33:23 - chaos - INFO - 获取 Pod dupf-ddb-shd-1-0 的 pause 容器 ID
2026-04-29 16:33:23 - chaos - INFO - 解析后的 pause 容器 ID: d1d0fe54bc9a
2026-04-29 16:33:23 - chaos - INFO - 获取容器的 PID
2026-04-29 16:33:23 - chaos - INFO - 容器 ID: d1d0fe54bc9a
2026-04-29 16:33:23 - chaos - INFO - 提取的容器 PID: 17632
2026-04-29 16:33:23 - chaos - INFO - Pod dupf-ddb-shd-1-0 的网络故障清除成功
2026-04-29 16:33:23 - chaos - INFO - 清除 Pod dupf-ddb-shd-2-0 的网络故障
2026-04-29 16:33:23 - chaos - INFO - 命名空间: ns-dupf, 网络设备: eth0
2026-04-29 16:33:23 - chaos - INFO - 获取 Pod dupf-ddb-shd-2-0 的 pause 容器 ID
2026-04-29 16:33:23 - chaos - INFO - 解析后的 pause 容器 ID: 30f0f4bd58d1
2026-04-29 16:33:23 - chaos - INFO - 获取容器的 PID
2026-04-29 16:33:23 - chaos - INFO - 容器 ID: 30f0f4bd58d1
2026-04-29 16:33:24 - chaos - INFO - 提取的容器 PID: 17976
2026-04-29 16:33:24 - chaos - INFO - Pod dupf-ddb-shd-2-0 的网络故障清除成功
2026-04-29 16:33:24 - chaos - INFO - 清除 Pod dupf-etcd-2 的网络故障
2026-04-29 16:33:24 - chaos - INFO - 命名空间: ns-dupf, 网络设备: eth0
2026-04-29 16:33:24 - chaos - INFO - 获取 Pod dupf-etcd-2 的 pause 容器 ID
2026-04-29 16:33:24 - chaos - INFO - 解析后的 pause 容器 ID: c256bd69e3d6
2026-04-29 16:33:24 - chaos - INFO - 获取容器的 PID
2026-04-29 16:33:24 - chaos - INFO - 容器 ID: c256bd69e3d6
2026-04-29 16:33:24 - chaos - INFO - 提取的容器 PID: 13185
2026-04-29 16:33:24 - chaos - INFO - Pod dupf-etcd-2 的网络故障清除成功
2026-04-29 16:33:24 - chaos - INFO - 清除 Pod dupf-file-sync-8btfr 的网络故障
2026-04-29 16:33:24 - chaos - INFO - 命名空间: ns-dupf, 网络设备: eth0
2026-04-29 16:33:24 - chaos - INFO - 获取 Pod dupf-file-sync-8btfr 的 pause 容器 ID
2026-04-29 16:33:24 - chaos - INFO - 解析后的 pause 容器 ID: effa6e690919
2026-04-29 16:33:24 - chaos - INFO - 获取容器的 PID
2026-04-29 16:33:24 - chaos - INFO - 容器 ID: effa6e690919
2026-04-29 16:33:24 - chaos - INFO - 提取的容器 PID: 9422
2026-04-29 16:33:24 - chaos - INFO - Pod dupf-file-sync-8btfr 的网络故障清除成功
2026-04-29 16:33:24 - chaos - INFO - 清除 Pod dupf-log-monitor-65798c687f-slczc 的网络故障
2026-04-29 16:33:24 - chaos - INFO - 命名空间: ns-dupf, 网络设备: eth0
2026-04-29 16:33:24 - chaos - INFO - 获取 Pod dupf-log-monitor-65798c687f-slczc 的 pause 容器 ID
2026-04-29 16:33:24 - chaos - INFO - 解析后的 pause 容器 ID: 3674c56fec1b
2026-04-29 16:33:24 - chaos - INFO - 获取容器的 PID
2026-04-29 16:33:24 - chaos - INFO - 容器 ID: 3674c56fec1b
2026-04-29 16:33:24 - chaos - INFO - 提取的容器 PID: 44841
2026-04-29 16:33:24 - chaos - INFO - Pod dupf-log-monitor-65798c687f-slczc 的网络故障清除成功
2026-04-29 16:33:24 - chaos - INFO - 清除 Pod dupf-node-monitor-n76hh 的网络故障
2026-04-29 16:33:24 - chaos - INFO - 命名空间: ns-dupf, 网络设备: eth0
2026-04-29 16:33:24 - chaos - INFO - 获取 Pod dupf-node-monitor-n76hh 的 pause 容器 ID
2026-04-29 16:33:25 - chaos - INFO - 解析后的 pause 容器 ID: bf92c7b0747a
2026-04-29 16:33:25 - chaos - INFO - 获取容器的 PID
2026-04-29 16:33:25 - chaos - INFO - 容器 ID: bf92c7b0747a
2026-04-29 16:33:25 - chaos - INFO - 提取的容器 PID: 10841
2026-04-29 16:33:25 - chaos - INFO - Pod dupf-node-monitor-n76hh 的网络故障清除成功
2026-04-29 16:33:25 - chaos - INFO - 清除 Pod dupf-prometheus-795c67c9dc-lkhrq 的网络故障
2026-04-29 16:33:25 - chaos - INFO - 命名空间: ns-dupf, 网络设备: eth0
2026-04-29 16:33:25 - chaos - INFO - 获取 Pod dupf-prometheus-795c67c9dc-lkhrq 的 pause 容器 ID
2026-04-29 16:33:25 - chaos - INFO - 解析后的 pause 容器 ID: bde7aad54c3a
2026-04-29 16:33:25 - chaos - INFO - 获取容器的 PID
2026-04-29 16:33:25 - chaos - INFO - 容器 ID: bde7aad54c3a
2026-04-29 16:33:25 - chaos - INFO - 提取的容器 PID: 32812
2026-04-29 16:33:25 - chaos - INFO - Pod dupf-prometheus-795c67c9dc-lkhrq 的网络故障清除成功
2026-04-29 16:33:25 - chaos - INFO - 清除 Pod dupf-registry-center-1 的网络故障
2026-04-29 16:33:25 - chaos - INFO - 命名空间: ns-dupf, 网络设备: eth0
2026-04-29 16:33:25 - chaos - INFO - 获取 Pod dupf-registry-center-1 的 pause 容器 ID
2026-04-29 16:33:25 - chaos - INFO - 解析后的 pause 容器 ID: 649c663d5da2
2026-04-29 16:33:25 - chaos - INFO - 获取容器的 PID
2026-04-29 16:33:25 - chaos - INFO - 容器 ID: 649c663d5da2
2026-04-29 16:33:25 - chaos - INFO - 提取的容器 PID: 18202
2026-04-29 16:33:25 - chaos - INFO - Pod dupf-registry-center-1 的网络故障清除成功
2026-04-29 16:33:25 - chaos - INFO - 清除 Pod dupf-sdb-1 的网络故障
2026-04-29 16:33:25 - chaos - INFO - 命名空间: ns-dupf, 网络设备: eth0
2026-04-29 16:33:25 - chaos - INFO - 获取 Pod dupf-sdb-1 的 pause 容器 ID
2026-04-29 16:33:25 - chaos - INFO - 解析后的 pause 容器 ID: 12220ab7e7c1
2026-04-29 16:33:25 - chaos - INFO - 获取容器的 PID
2026-04-29 16:33:25 - chaos - INFO - 容器 ID: 12220ab7e7c1
2026-04-29 16:33:26 - chaos - INFO - 提取的容器 PID: 13278
2026-04-29 16:33:26 - chaos - INFO - Pod dupf-sdb-1 的网络故障清除成功
2026-04-29 16:33:26 - chaos - INFO - 清除 Pod dupf-sdb-sentinel-2 的网络故障
2026-04-29 16:33:26 - chaos - INFO - 命名空间: ns-dupf, 网络设备: eth0
2026-04-29 16:33:26 - chaos - INFO - 获取 Pod dupf-sdb-sentinel-2 的 pause 容器 ID
2026-04-29 16:33:26 - chaos - INFO - 解析后的 pause 容器 ID: 79305cc268c3
2026-04-29 16:33:26 - chaos - INFO - 获取容器的 PID
2026-04-29 16:33:26 - chaos - INFO - 容器 ID: 79305cc268c3
2026-04-29 16:33:26 - chaos - INFO - 提取的容器 PID: 18415
2026-04-29 16:33:26 - chaos - INFO - Pod dupf-sdb-sentinel-2 的网络故障清除成功
2026-04-29 16:33:26 - chaos - INFO - 清除 Pod dupf-sf-mq-proxy-2 的网络故障
2026-04-29 16:33:26 - chaos - INFO - 命名空间: ns-dupf, 网络设备: eth0
2026-04-29 16:33:26 - chaos - INFO - 获取 Pod dupf-sf-mq-proxy-2 的 pause 容器 ID
2026-04-29 16:33:26 - chaos - INFO - 解析后的 pause 容器 ID: fc327bacccc8
2026-04-29 16:33:26 - chaos - INFO - 获取容器的 PID
2026-04-29 16:33:26 - chaos - INFO - 容器 ID: fc327bacccc8
2026-04-29 16:33:26 - chaos - INFO - 提取的容器 PID: 17043
2026-04-29 16:33:26 - chaos - INFO - Pod dupf-sf-mq-proxy-2 的网络故障清除成功
2026-04-29 16:33:26 - chaos - INFO - 清除 Pod dupf-upc-76bbbd9fbb-2nsr2 的网络故障
2026-04-29 16:33:26 - chaos - INFO - 命名空间: ns-dupf, 网络设备: eth0
2026-04-29 16:33:26 - chaos - INFO - 获取 Pod dupf-upc-76bbbd9fbb-2nsr2 的 pause 容器 ID
2026-04-29 16:33:26 - chaos - INFO - 解析后的 pause 容器 ID: 43b3cb8acabe
2026-04-29 16:33:26 - chaos - INFO - 获取容器的 PID
2026-04-29 16:33:26 - chaos - INFO - 容器 ID: 43b3cb8acabe
2026-04-29 16:33:26 - chaos - INFO - 提取的容器 PID: 43328
2026-04-29 16:33:26 - chaos - INFO - Pod dupf-upc-76bbbd9fbb-2nsr2 的网络故障清除成功
2026-04-29 16:33:26 - chaos - INFO - 清除 Pod dupf-upc-76bbbd9fbb-rch45 的网络故障
2026-04-29 16:33:26 - chaos - INFO - 命名空间: ns-dupf, 网络设备: eth0
2026-04-29 16:33:26 - chaos - INFO - 获取 Pod dupf-upc-76bbbd9fbb-rch45 的 pause 容器 ID
2026-04-29 16:33:27 - chaos - INFO - 解析后的 pause 容器 ID: bdca3f3b803a
2026-04-29 16:33:27 - chaos - INFO - 获取容器的 PID
2026-04-29 16:33:27 - chaos - INFO - 容器 ID: bdca3f3b803a
2026-04-29 16:33:27 - chaos - INFO - 提取的容器 PID: 43277
2026-04-29 16:33:27 - chaos - INFO - Pod dupf-upc-76bbbd9fbb-rch45 的网络故障清除成功
2026-04-29 16:33:27 - chaos - INFO - 清除 Pod dupf-upc-lb-2-7cc697d97-6jtgx 的网络故障
2026-04-29 16:33:27 - chaos - INFO - 命名空间: ns-dupf, 网络设备: eth0
2026-04-29 16:33:27 - chaos - INFO - 获取 Pod dupf-upc-lb-2-7cc697d97-6jtgx 的 pause 容器 ID
2026-04-29 16:33:27 - chaos - INFO - 解析后的 pause 容器 ID: 32ccf53e8346
2026-04-29 16:33:27 - chaos - INFO - 获取容器的 PID
2026-04-29 16:33:27 - chaos - INFO - 容器 ID: 32ccf53e8346
2026-04-29 16:33:27 - chaos - INFO - 提取的容器 PID: 2404
2026-04-29 16:33:27 - chaos - INFO - Pod dupf-upc-lb-2-7cc697d97-6jtgx 的网络故障清除成功
2026-04-29 16:33:27 - chaos - INFO - 清除 Pod dupf-upu-dupf01-1-7c9b66cbbf-mnsvt 的网络故障
2026-04-29 16:33:27 - chaos - INFO - 命名空间: ns-dupf, 网络设备: eth0
2026-04-29 16:33:27 - chaos - INFO - 获取 Pod dupf-upu-dupf01-1-7c9b66cbbf-mnsvt 的 pause 容器 ID
2026-04-29 16:33:27 - chaos - INFO - 解析后的 pause 容器 ID: 4d63814c8878
2026-04-29 16:33:27 - chaos - INFO - 获取容器的 PID
2026-04-29 16:33:27 - chaos - INFO - 容器 ID: 4d63814c8878
2026-04-29 16:33:27 - chaos - INFO - 提取的容器 PID: 12635
2026-04-29 16:33:27 - chaos - INFO - Pod dupf-upu-dupf01-1-7c9b66cbbf-mnsvt 的网络故障清除成功
2026-04-29 16:33:27 - chaos - INFO - 清除 Pod dupf-upu-dupf01-2-8bf594484-nbrtv 的网络故障
2026-04-29 16:33:27 - chaos - INFO - 命名空间: ns-dupf, 网络设备: eth0
2026-04-29 16:33:27 - chaos - INFO - 获取 Pod dupf-upu-dupf01-2-8bf594484-nbrtv 的 pause 容器 ID
2026-04-29 16:33:27 - chaos - INFO - 解析后的 pause 容器 ID: 758e6d5a76cc
2026-04-29 16:33:27 - chaos - INFO - 获取容器的 PID
2026-04-29 16:33:27 - chaos - INFO - 容器 ID: 758e6d5a76cc
2026-04-29 16:33:28 - chaos - INFO - 提取的容器 PID: 35321
2026-04-29 16:33:28 - chaos - INFO - Pod dupf-upu-dupf01-2-8bf594484-nbrtv 的网络故障清除成功
2026-04-29 16:33:28 - chaos - INFO - 清除 Pod dupf-upu-dupf01-3-5bc77f6459-thnr2 的网络故障
2026-04-29 16:33:28 - chaos - INFO - 命名空间: ns-dupf, 网络设备: eth0
2026-04-29 16:33:28 - chaos - INFO - 获取 Pod dupf-upu-dupf01-3-5bc77f6459-thnr2 的 pause 容器 ID
2026-04-29 16:33:28 - chaos - INFO - 解析后的 pause 容器 ID: 92e012c3f123
2026-04-29 16:33:28 - chaos - INFO - 获取容器的 PID
2026-04-29 16:33:28 - chaos - INFO - 容器 ID: 92e012c3f123
2026-04-29 16:33:28 - chaos - INFO - 提取的容器 PID: 12643
2026-04-29 16:33:28 - chaos - INFO - Pod dupf-upu-dupf01-3-5bc77f6459-thnr2 的网络故障清除成功
2026-04-29 16:33:28 - chaos - INFO - 环境 1_ssh_remote 网络故障清除完成：成功 19, 失败 0
2026-04-29 16:33:28 - chaos - INFO - ============================================================
2026-04-29 16:33:28 - chaos - INFO - workflow 级别的 auto_clear 完成
2026-04-29 16:33:28 - chaos - INFO - ============================================================
2026-04-29 16:33:28 - chaos - INFO - 
================================================================================
2026-04-29 16:33:28 - chaos - INFO - 执行workflow: cases/upu/upu/workflow_parallel_stop_upu.yaml
2026-04-29 16:33:28 - chaos - INFO - ================================================================================
2026-04-29 16:33:28 - chaos - INFO - Successfully parsed workflow: upu_parallel_pod_stop_001
2026-04-29 16:33:28 - chaos - INFO - ============================================================
2026-04-29 16:33:28 - chaos - INFO - 开始执行工作流: UPU 并行 Pod 停止工作流
2026-04-29 16:33:28 - chaos - INFO - 工作流 ID: upu_parallel_pod_stop_001
2026-04-29 16:33:28 - chaos - INFO - 执行模式: parallel
2026-04-29 16:33:28 - chaos - INFO - ============================================================
2026-04-29 16:33:28 - chaos - INFO - 启动延迟 10.0s
2026-04-29 16:33:38 - chaos - INFO - 执行计划: 共 1 层
2026-04-29 16:33:38 - chaos - INFO - 
============================================================
2026-04-29 16:33:38 - chaos - INFO - 执行第 1/1 层，共 1 个任务
2026-04-29 16:33:38 - chaos - INFO - ============================================================
2026-04-29 16:33:38 - chaos - INFO - [DEBUG] 开始执行任务: UPU Pod 停止 (stop_upu)
2026-04-29 16:33:38 - chaos - INFO - [DEBUG] 任务类型: pod, 故障类型: stop
2026-04-29 16:33:38 - chaos - INFO - [DEBUG] 目标: Pod: upu
2026-04-29 16:33:38 - chaos - INFO - [DEBUG] Duration: 240s, Loop: 1
2026-04-29 16:33:38 - chaos - INFO - [DEBUG] 任务超时时间: 300.0s
2026-04-29 16:33:38 - chaos - INFO - [DEBUG] ========== 开始执行 Case ==========
2026-04-29 16:33:38 - chaos - INFO - [DEBUG] Case名称: upu_stop
2026-04-29 16:33:38 - chaos - INFO - [DEBUG] Case类型: pod
2026-04-29 16:33:38 - chaos - INFO - [DEBUG] 故障类型: stop
2026-04-29 16:33:38 - chaos - INFO - [DEBUG] 环境: 1_ssh_remote
2026-04-29 16:33:38 - chaos - INFO - [DEBUG] 执行 Case 迭代 1/1
2026-04-29 16:33:38 - chaos - INFO - [DEBUG] 开始获取目标列表...
2026-04-29 16:33:38 - chaos.utils.remote - INFO - 连接 root@10.230.246.167:50163 不可用，需要重连
2026-04-29 16:33:38 - chaos.utils.remote - INFO - 尝试重连: root@10.230.246.167:50163
2026-04-29 16:33:38 - chaos.utils.remote - INFO - SSH连接建立成功: 10.230.246.167:50163, 耗时: 0.10s
2026-04-29 16:33:38 - chaos.utils.remote - INFO - 重连成功: root@10.230.246.167:50163
2026-04-29 16:33:38 - chaos - INFO - 根据名称匹配规则获取 Pod，pattern: upu, namespace: ns-dupf
2026-04-29 16:33:40 - chaos - INFO - 找到包含匹配的 Pod: dupf-upu-dupf01-1-7c9b66cbbf-mnsvt
2026-04-29 16:33:40 - chaos - INFO - 找到包含匹配的 Pod: dupf-upu-dupf01-2-8bf594484-nbrtv
2026-04-29 16:33:40 - chaos - INFO - 找到包含匹配的 Pod: dupf-upu-dupf01-3-5bc77f6459-thnr2
2026-04-29 16:33:40 - chaos - INFO - 找到包含匹配的 Pod: dupf-upu-dupf02-4-f694656fc-g9pcc
2026-04-29 16:33:40 - chaos - INFO - 找到包含匹配的 Pod: dupf-upu-dupf02-5-58475bdc49-wnctf
2026-04-29 16:33:40 - chaos - INFO - 找到包含匹配的 Pod: dupf-upu-dupf02-6-656bcb64c8-j2hf6
2026-04-29 16:33:40 - chaos - INFO - 找到包含匹配的 Pod: dupf-upu-dupf03-7-5d67cd95dc-m28vl
2026-04-29 16:33:40 - chaos - INFO - 找到包含匹配的 Pod: dupf-upu-dupf03-8-9695c974c-ttdqv
2026-04-29 16:33:40 - chaos - INFO - 找到包含匹配的 Pod: dupf-upu-dupf03-9-65876966d9-7n4jr
2026-04-29 16:33:40 - chaos - INFO - 找到包含匹配的 Pod: dupf-upu-dupf04-10-74f57567d9-2fnv7
2026-04-29 16:33:40 - chaos - INFO - 找到包含匹配的 Pod: dupf-upu-dupf04-11-849cf77d64-wdzsz
2026-04-29 16:33:40 - chaos - INFO - 找到包含匹配的 Pod: dupf-upu-dupf04-12-9f7c79f99-5z8p5
2026-04-29 16:33:40 - chaos - INFO - 找到 12 个匹配的 Pod
2026-04-29 16:33:40 - chaos - INFO - 随机选择 Pod: dupf-upu-dupf03-8-9695c974c-ttdqv
2026-04-29 16:33:40 - chaos - INFO - [DEBUG] 找到 1 个目标
2026-04-29 16:33:40 - chaos - INFO - [DEBUG] ---------- 处理目标 1/1 ----------
2026-04-29 16:33:40 - chaos - INFO - [DEBUG] 目标名称: dupf-upu-dupf03-8-9695c974c-ttdqv
2026-04-29 16:33:40 - chaos - INFO - [DEBUG] 目标节点: None
2026-04-29 16:33:40 - chaos - INFO - [DEBUG] 创建故障注入器...
2026-04-29 16:33:40 - chaos - INFO - [DEBUG] 准备注入故障...
2026-04-29 16:33:40 - chaos - INFO - [DEBUG] 注入参数: {'fault_type': 'stop'}
2026-04-29 16:33:40 - chaos - INFO - 获取 Pod dupf-upu-dupf03-8-9695c974c-ttdqv 所在的节点名称
2026-04-29 16:33:40 - chaos - INFO - Pod dupf-upu-dupf03-8-9695c974c-ttdqv 所在的节点: dupf03
2026-04-29 16:33:40 - chaos - INFO - 找到匹配的环境: 3_ssh_remote
2026-04-29 16:33:40 - chaos.utils.remote - INFO - 创建新连接: root@10.230.246.169:50163
2026-04-29 16:33:40 - chaos.utils.remote - INFO - SSH连接建立成功: 10.230.246.169:50163, 耗时: 0.11s
2026-04-29 16:33:40 - chaos.utils.remote - INFO - 新连接创建成功: root@10.230.246.169:50163，当前连接池大小: 3
2026-04-29 16:33:40 - chaos - INFO - 获取 Pod dupf-upu-dupf03-8-9695c974c-ttdqv 的容器 ID
2026-04-29 16:33:43 - chaos - INFO - 容器 ID: e7abe44ce81689d56dc165cf20058d70259acbdfd618c3b01e047e5771de444d
2026-04-29 16:33:43 - chaos - INFO - 停止容器 e7abe44ce81689d56dc165cf20058d70259acbdfd618c3b01e047e5771de444d
2026-04-29 16:33:51 - chaos - INFO - 容器 e7abe44ce81689d56dc165cf20058d70259acbdfd618c3b01e047e5771de444d 停止成功
2026-04-29 16:33:51 - chaos - INFO - [DEBUG] 故障注入成功
2026-04-29 16:33:51 - chaos - INFO - [DEBUG] 故障ID: stop_dupf-upu-dupf03-8-9695c974c-ttdqv_ns-dupf_1777451620
2026-04-29 16:33:52 - chaos - INFO - 记录故障：stop_dupf-upu-dupf03-8-9695c974c-ttdqv_ns-dupf_1777451620
2026-04-29 16:33:52 - chaos - INFO - [DEBUG] 开始等待 duration: 240s (240.0秒)
2026-04-29 16:38:02 - chaos - INFO - [DEBUG] duration 等待完成
2026-04-29 16:38:02 - chaos - INFO - [DEBUG] 开始清理故障: stop_dupf-upu-dupf03-8-9695c974c-ttdqv_ns-dupf_1777451620
2026-04-29 16:38:02 - chaos - INFO - 恢复停止的容器，故障 ID: stop_dupf-upu-dupf03-8-9695c974c-ttdqv_ns-dupf_1777451620
2026-04-29 16:38:02 - chaos - INFO - 启动容器 e7abe44ce81689d56dc165cf20058d70259acbdfd618c3b01e047e5771de444d (Pod: dupf-upu-dupf03-8-9695c974c-ttdqv)
2026-04-29 16:38:02 - chaos - INFO - 容器 e7abe44ce81689d56dc165cf20058d70259acbdfd618c3b01e047e5771de444d 启动成功
2026-04-29 16:38:02 - chaos - INFO - [DEBUG] 故障清理成功: stop_dupf-upu-dupf03-8-9695c974c-ttdqv_ns-dupf_1777451620
2026-04-29 16:38:02 - chaos - INFO - 标记故障已恢复：stop_dupf-upu-dupf03-8-9695c974c-ttdqv_ns-dupf_1777451620
2026-04-29 16:38:02 - chaos - INFO - 任务执行成功: UPU Pod 停止 (耗时: 264.41s)
2026-04-29 16:38:02 - chaos - INFO - 
================================================================================
                           Workflow Execution Report                            
================================================================================
Workflow ID    : upu_parallel_pod_stop_001
Workflow Name  : UPU 并行 Pod 停止工作流
Status         : SUCCESS
Start Time     : 2026-04-29 16:33:28
End Time       : 2026-04-29 16:38:02
Total Duration : 274.43s
Success Rate   : 100.00%
================================================================================

Task Results:
--------------------------------------------------------------------------------
  [SUCCESS ] UPU Pod 停止                     Duration: 264.41s  Group: N/A

================================================================================
Summary Statistics
================================================================================
Total Tasks    : 1
Success        : 1
Failed         : 0
Timeout        : 0
Skipped        : 0
================================================================================
2026-04-29 16:38:02 - chaos - INFO - 
================================================================================
2026-04-29 16:38:02 - chaos - INFO - 执行workflow: cases/upu/upu/workflow_serial_corrupt_upu.yaml
2026-04-29 16:38:02 - chaos - INFO - ================================================================================
2026-04-29 16:38:02 - chaos - INFO - Successfully parsed workflow: upu_serial_network_corrupt_001
2026-04-29 16:38:02 - chaos - INFO - ============================================================
2026-04-29 16:38:02 - chaos - INFO - 开始执行工作流: UPU 串行网络数据包破坏工作流
2026-04-29 16:38:02 - chaos - INFO - 工作流 ID: upu_serial_network_corrupt_001
2026-04-29 16:38:02 - chaos - INFO - 执行模式: serial
2026-04-29 16:38:02 - chaos - INFO - ============================================================
2026-04-29 16:38:02 - chaos - INFO - 启动延迟 10.0s
2026-04-29 16:38:12 - chaos - INFO - 执行计划: 共 1 层
2026-04-29 16:38:12 - chaos - INFO - 
============================================================
2026-04-29 16:38:12 - chaos - INFO - 执行第 1/1 层，共 1 个任务
2026-04-29 16:38:12 - chaos - INFO - ============================================================
2026-04-29 16:38:12 - chaos - INFO - [DEBUG] 开始执行任务: UPU 网络数据包破坏 (corrupt_upu)
2026-04-29 16:38:12 - chaos - INFO - [DEBUG] 任务类型: network, 故障类型: corrupt
2026-04-29 16:38:12 - chaos - INFO - [DEBUG] 目标: Pod: upu
2026-04-29 16:38:12 - chaos - INFO - [DEBUG] Duration: 240s, Loop: 1
2026-04-29 16:38:12 - chaos - INFO - [DEBUG] 任务超时时间: 300.0s
2026-04-29 16:38:12 - chaos - INFO - [DEBUG] ========== 开始执行 Case ==========
2026-04-29 16:38:12 - chaos - INFO - [DEBUG] Case名称: upu_corrupt
2026-04-29 16:38:12 - chaos - INFO - [DEBUG] Case类型: network
2026-04-29 16:38:12 - chaos - INFO - [DEBUG] 故障类型: corrupt
2026-04-29 16:38:12 - chaos - INFO - [DEBUG] 环境: 1_ssh_remote
2026-04-29 16:38:12 - chaos - INFO - [DEBUG] 执行 Case 迭代 1/1
2026-04-29 16:38:12 - chaos - INFO - [DEBUG] 开始获取目标列表...
2026-04-29 16:38:12 - chaos - INFO - 根据名称匹配规则获取 Pod，pattern: upu, namespace: ns-dupf
2026-04-29 16:38:13 - chaos - INFO - 找到包含匹配的 Pod: dupf-upu-dupf01-1-7c9b66cbbf-mnsvt
2026-04-29 16:38:13 - chaos - INFO - 找到包含匹配的 Pod: dupf-upu-dupf01-2-8bf594484-nbrtv
2026-04-29 16:38:13 - chaos - INFO - 找到包含匹配的 Pod: dupf-upu-dupf01-3-5bc77f6459-thnr2
2026-04-29 16:38:13 - chaos - INFO - 找到包含匹配的 Pod: dupf-upu-dupf02-4-f694656fc-g9pcc
2026-04-29 16:38:13 - chaos - INFO - 找到包含匹配的 Pod: dupf-upu-dupf02-5-58475bdc49-wnctf
2026-04-29 16:38:13 - chaos - INFO - 找到包含匹配的 Pod: dupf-upu-dupf02-6-656bcb64c8-j2hf6
2026-04-29 16:38:13 - chaos - INFO - 找到包含匹配的 Pod: dupf-upu-dupf03-7-5d67cd95dc-m28vl
2026-04-29 16:38:13 - chaos - INFO - 找到包含匹配的 Pod: dupf-upu-dupf03-8-9695c974c-ttdqv
2026-04-29 16:38:13 - chaos - INFO - 找到包含匹配的 Pod: dupf-upu-dupf03-9-65876966d9-7n4jr
2026-04-29 16:38:13 - chaos - INFO - 找到包含匹配的 Pod: dupf-upu-dupf04-10-74f57567d9-2fnv7
2026-04-29 16:38:13 - chaos - INFO - 找到包含匹配的 Pod: dupf-upu-dupf04-11-849cf77d64-wdzsz
2026-04-29 16:38:13 - chaos - INFO - 找到包含匹配的 Pod: dupf-upu-dupf04-12-9f7c79f99-5z8p5
2026-04-29 16:38:13 - chaos - INFO - 找到 12 个匹配的 Pod
2026-04-29 16:38:13 - chaos - INFO - 随机选择 Pod: dupf-upu-dupf04-12-9f7c79f99-5z8p5
2026-04-29 16:38:13 - chaos - INFO - [DEBUG] 找到 1 个目标
2026-04-29 16:38:13 - chaos - INFO - [DEBUG] ---------- 处理目标 1/1 ----------
2026-04-29 16:38:13 - chaos - INFO - [DEBUG] 目标名称: dupf-upu-dupf04-12-9f7c79f99-5z8p5
2026-04-29 16:38:13 - chaos - INFO - [DEBUG] 目标节点: None
2026-04-29 16:38:13 - chaos - INFO - [DEBUG] 创建故障注入器...
2026-04-29 16:38:13 - chaos - INFO - [DEBUG] 准备注入故障...
2026-04-29 16:38:13 - chaos - INFO - [DEBUG] 注入参数: {'fault_type': 'corrupt', 'correlation': ['30%', '90%'], 'percent': ['10%', '90%']}
2026-04-29 16:38:13 - chaos - INFO - [DEBUG] ========== 开始注入网络数据包破坏 ==========
2026-04-29 16:38:13 - chaos - INFO - [DEBUG] Pod名称: dupf-upu-dupf04-12-9f7c79f99-5z8p5
2026-04-29 16:38:13 - chaos - INFO - [DEBUG] 命名空间: ns-dupf
2026-04-29 16:38:13 - chaos - INFO - [DEBUG] 网卡设备: eth0
2026-04-29 16:38:13 - chaos - INFO - [DEBUG] 损坏比例: 66%, 相关性: 60%
2026-04-29 16:38:13 - chaos - INFO - [DEBUG] 获取 pause 容器 ID...
2026-04-29 16:38:13 - chaos - INFO - 获取 Pod dupf-upu-dupf04-12-9f7c79f99-5z8p5 的 pause 容器 ID
2026-04-29 16:38:13 - chaos - INFO - 获取 Pod dupf-upu-dupf04-12-9f7c79f99-5z8p5 所在的节点，namespace: ns-dupf
2026-04-29 16:38:13 - chaos - INFO - Pod dupf-upu-dupf04-12-9f7c79f99-5z8p5 运行在节点 dupf04
2026-04-29 16:38:13 - chaos - INFO - Pod dupf-upu-dupf04-12-9f7c79f99-5z8p5 运行在节点 dupf04
2026-04-29 16:38:13 - chaos - INFO - 找到节点 dupf04 对应的环境: 4_ssh_remote
2026-04-29 16:38:13 - chaos - INFO - 解析后的 pause 容器 ID: 7244969d016e
2026-04-29 16:38:13 - chaos - INFO - [DEBUG] pause 容器 ID: 7244969d016e
2026-04-29 16:38:13 - chaos - INFO - [DEBUG] 获取 pause 容器 PID...
2026-04-29 16:38:13 - chaos - INFO - 获取容器的 PID
2026-04-29 16:38:13 - chaos - INFO - 容器 ID: 7244969d016e
2026-04-29 16:38:13 - chaos - INFO - 提取的容器 PID: 7152
2026-04-29 16:38:13 - chaos - INFO - [DEBUG] pause 容器 PID: 7152
2026-04-29 16:38:13 - chaos - INFO - [DEBUG] 为 Pod dupf-upu-dupf04-12-9f7c79f99-5z8p5 注入网络数据包破坏
2026-04-29 16:38:13 - chaos - INFO - [DEBUG] 损坏比例: 66%
2026-04-29 16:38:13 - chaos - INFO - [DEBUG] 相关性: 60%
2026-04-29 16:38:13 - chaos - INFO - [DEBUG] tc 命令: tc qdisc add dev eth0 root netem corrupt 66% 60%
2026-04-29 16:38:13 - chaos - INFO - [DEBUG] 完整命令: nsenter -t 7152 -n tc qdisc add dev eth0 root netem corrupt 66% 60%
2026-04-29 16:38:13 - chaos - INFO - [DEBUG] 执行 tc 命令...
2026-04-29 16:38:13 - chaos - INFO - [DEBUG] 网络数据包破坏注入成功
2026-04-29 16:38:13 - chaos - INFO - [DEBUG] ========== 网络数据包破坏注入完成 ==========
2026-04-29 16:38:13 - chaos - INFO - [DEBUG] 故障注入成功
2026-04-29 16:38:13 - chaos - INFO - [DEBUG] 故障ID: corrupt_dupf-upu-dupf04-12-9f7c79f99-5z8p5_ns-dupf_1777451893
2026-04-29 16:38:13 - chaos - INFO - 记录故障：corrupt_dupf-upu-dupf04-12-9f7c79f99-5z8p5_ns-dupf_1777451893
2026-04-29 16:38:13 - chaos - INFO - [DEBUG] 开始等待 duration: 240s (240.0秒)
2026-04-29 16:42:21 - chaos - INFO - [DEBUG] duration 等待完成
2026-04-29 16:42:21 - chaos - INFO - [DEBUG] 开始清理故障: corrupt_dupf-upu-dupf04-12-9f7c79f99-5z8p5_ns-dupf_1777451893
2026-04-29 16:42:21 - chaos - INFO - 获取 Pod dupf-upu-dupf04-12-9f7c79f99-5z8p5 的 pause 容器 ID
2026-04-29 16:42:21 - chaos - INFO - 获取 Pod dupf-upu-dupf04-12-9f7c79f99-5z8p5 所在的节点，namespace: ns-dupf
2026-04-29 16:42:21 - chaos - INFO - Pod dupf-upu-dupf04-12-9f7c79f99-5z8p5 运行在节点 dupf04
2026-04-29 16:42:21 - chaos - INFO - Pod dupf-upu-dupf04-12-9f7c79f99-5z8p5 运行在节点 dupf04
2026-04-29 16:42:21 - chaos - INFO - 找到节点 dupf04 对应的环境: 4_ssh_remote
2026-04-29 16:42:22 - chaos - INFO - 解析后的 pause 容器 ID: 7244969d016e
2026-04-29 16:42:22 - chaos - INFO - 获取容器的 PID
2026-04-29 16:42:22 - chaos - INFO - 容器 ID: 7244969d016e
2026-04-29 16:42:22 - chaos - INFO - 提取的容器 PID: 7152
2026-04-29 16:42:22 - chaos - INFO - 恢复网络故障：corrupt_dupf-upu-dupf04-12-9f7c79f99-5z8p5_ns-dupf_1777451893
2026-04-29 16:42:22 - chaos - INFO - [DEBUG] 故障清理成功: corrupt_dupf-upu-dupf04-12-9f7c79f99-5z8p5_ns-dupf_1777451893
2026-04-29 16:42:22 - chaos - INFO - 标记故障已恢复：corrupt_dupf-upu-dupf04-12-9f7c79f99-5z8p5_ns-dupf_1777451893
2026-04-29 16:42:22 - chaos - INFO - 任务执行成功: UPU 网络数据包破坏 (耗时: 249.36s)
2026-04-29 16:42:22 - chaos - INFO - 
================================================================================
                           Workflow Execution Report                            
================================================================================
Workflow ID    : upu_serial_network_corrupt_001
Workflow Name  : UPU 串行网络数据包破坏工作流
Status         : SUCCESS
Start Time     : 2026-04-29 16:38:02
End Time       : 2026-04-29 16:42:22
Total Duration : 259.39s
Success Rate   : 100.00%
================================================================================

Task Results:
--------------------------------------------------------------------------------
  [SUCCESS ] UPU 网络数据包破坏                    Duration: 249.36s  Group: N/A

================================================================================
Summary Statistics
================================================================================
Total Tasks    : 1
Success        : 1
Failed         : 0
Timeout        : 0
Skipped        : 0
================================================================================
2026-04-29 16:42:22 - chaos - INFO - ============================================================
2026-04-29 16:42:22 - chaos - INFO - 执行 workflow 级别的 auto_clear
2026-04-29 16:42:22 - chaos - INFO - ============================================================
2026-04-29 16:42:22 - chaos - INFO - 需要清理的环境: 1_ssh_remote
2026-04-29 16:42:22 - chaos - INFO - 清理环境 1_ssh_remote 的网络故障...
2026-04-29 16:42:22 - chaos - INFO - 获取 Pod 列表，namespace: ns-dupf, nodename: dupf01
2026-04-29 16:42:22 - chaos - INFO - 找到 19 个 Pod
2026-04-29 16:42:22 - chaos - INFO - 找到 19 个 pod
2026-04-29 16:42:22 - chaos - INFO - 清除 Pod dupf-db-operator-7c4b689ff9-8sjll 的网络故障
2026-04-29 16:42:22 - chaos - INFO - 命名空间: ns-dupf, 网络设备: eth0
2026-04-29 16:42:22 - chaos - INFO - 获取 Pod dupf-db-operator-7c4b689ff9-8sjll 的 pause 容器 ID
2026-04-29 16:42:22 - chaos - INFO - 解析后的 pause 容器 ID: a77a532556c8
2026-04-29 16:42:22 - chaos - INFO - 获取容器的 PID
2026-04-29 16:42:22 - chaos - INFO - 容器 ID: a77a532556c8
2026-04-29 16:42:22 - chaos - INFO - 提取的容器 PID: 32309
2026-04-29 16:42:22 - chaos - INFO - Pod dupf-db-operator-7c4b689ff9-8sjll 的网络故障清除成功
2026-04-29 16:42:22 - chaos - INFO - 清除 Pod dupf-ddb-shd-0-1 的网络故障
2026-04-29 16:42:22 - chaos - INFO - 命名空间: ns-dupf, 网络设备: eth0
2026-04-29 16:42:22 - chaos - INFO - 获取 Pod dupf-ddb-shd-0-1 的 pause 容器 ID
2026-04-29 16:42:23 - chaos - INFO - 解析后的 pause 容器 ID: 1f077a28fe53
2026-04-29 16:42:23 - chaos - INFO - 获取容器的 PID
2026-04-29 16:42:23 - chaos - INFO - 容器 ID: 1f077a28fe53
2026-04-29 16:42:23 - chaos - INFO - 提取的容器 PID: 17320
2026-04-29 16:42:23 - chaos - INFO - Pod dupf-ddb-shd-0-1 的网络故障清除成功
2026-04-29 16:42:23 - chaos - INFO - 清除 Pod dupf-ddb-shd-1-0 的网络故障
2026-04-29 16:42:23 - chaos - INFO - 命名空间: ns-dupf, 网络设备: eth0
2026-04-29 16:42:23 - chaos - INFO - 获取 Pod dupf-ddb-shd-1-0 的 pause 容器 ID
2026-04-29 16:42:23 - chaos - INFO - 解析后的 pause 容器 ID: d1d0fe54bc9a
2026-04-29 16:42:23 - chaos - INFO - 获取容器的 PID
2026-04-29 16:42:23 - chaos - INFO - 容器 ID: d1d0fe54bc9a
2026-04-29 16:42:23 - chaos - INFO - 提取的容器 PID: 17632
2026-04-29 16:42:23 - chaos - INFO - Pod dupf-ddb-shd-1-0 的网络故障清除成功
2026-04-29 16:42:23 - chaos - INFO - 清除 Pod dupf-ddb-shd-2-0 的网络故障
2026-04-29 16:42:23 - chaos - INFO - 命名空间: ns-dupf, 网络设备: eth0
2026-04-29 16:42:23 - chaos - INFO - 获取 Pod dupf-ddb-shd-2-0 的 pause 容器 ID
2026-04-29 16:42:23 - chaos - INFO - 解析后的 pause 容器 ID: 30f0f4bd58d1
2026-04-29 16:42:23 - chaos - INFO - 获取容器的 PID
2026-04-29 16:42:23 - chaos - INFO - 容器 ID: 30f0f4bd58d1
2026-04-29 16:42:23 - chaos - INFO - 提取的容器 PID: 17976
2026-04-29 16:42:23 - chaos - INFO - Pod dupf-ddb-shd-2-0 的网络故障清除成功
2026-04-29 16:42:23 - chaos - INFO - 清除 Pod dupf-etcd-2 的网络故障
2026-04-29 16:42:23 - chaos - INFO - 命名空间: ns-dupf, 网络设备: eth0
2026-04-29 16:42:23 - chaos - INFO - 获取 Pod dupf-etcd-2 的 pause 容器 ID
2026-04-29 16:42:24 - chaos - INFO - 解析后的 pause 容器 ID: c256bd69e3d6
2026-04-29 16:42:24 - chaos - INFO - 获取容器的 PID
2026-04-29 16:42:24 - chaos - INFO - 容器 ID: c256bd69e3d6
2026-04-29 16:42:24 - chaos - INFO - 提取的容器 PID: 13185
2026-04-29 16:42:24 - chaos - INFO - Pod dupf-etcd-2 的网络故障清除成功
2026-04-29 16:42:24 - chaos - INFO - 清除 Pod dupf-file-sync-8btfr 的网络故障
2026-04-29 16:42:24 - chaos - INFO - 命名空间: ns-dupf, 网络设备: eth0
2026-04-29 16:42:24 - chaos - INFO - 获取 Pod dupf-file-sync-8btfr 的 pause 容器 ID
2026-04-29 16:42:24 - chaos - INFO - 解析后的 pause 容器 ID: effa6e690919
2026-04-29 16:42:24 - chaos - INFO - 获取容器的 PID
2026-04-29 16:42:24 - chaos - INFO - 容器 ID: effa6e690919
2026-04-29 16:42:24 - chaos - INFO - 提取的容器 PID: 9422
2026-04-29 16:42:24 - chaos - INFO - Pod dupf-file-sync-8btfr 的网络故障清除成功
2026-04-29 16:42:24 - chaos - INFO - 清除 Pod dupf-log-monitor-65798c687f-slczc 的网络故障
2026-04-29 16:42:24 - chaos - INFO - 命名空间: ns-dupf, 网络设备: eth0
2026-04-29 16:42:24 - chaos - INFO - 获取 Pod dupf-log-monitor-65798c687f-slczc 的 pause 容器 ID
2026-04-29 16:42:24 - chaos - INFO - 解析后的 pause 容器 ID: 3674c56fec1b
2026-04-29 16:42:24 - chaos - INFO - 获取容器的 PID
2026-04-29 16:42:24 - chaos - INFO - 容器 ID: 3674c56fec1b
2026-04-29 16:42:24 - chaos - INFO - 提取的容器 PID: 44841
2026-04-29 16:42:24 - chaos - INFO - Pod dupf-log-monitor-65798c687f-slczc 的网络故障清除成功
2026-04-29 16:42:24 - chaos - INFO - 清除 Pod dupf-node-monitor-n76hh 的网络故障
2026-04-29 16:42:24 - chaos - INFO - 命名空间: ns-dupf, 网络设备: eth0
2026-04-29 16:42:24 - chaos - INFO - 获取 Pod dupf-node-monitor-n76hh 的 pause 容器 ID
2026-04-29 16:42:24 - chaos - INFO - 解析后的 pause 容器 ID: bf92c7b0747a
2026-04-29 16:42:24 - chaos - INFO - 获取容器的 PID
2026-04-29 16:42:24 - chaos - INFO - 容器 ID: bf92c7b0747a
2026-04-29 16:42:25 - chaos - INFO - 提取的容器 PID: 10841
2026-04-29 16:42:25 - chaos - INFO - Pod dupf-node-monitor-n76hh 的网络故障清除成功
2026-04-29 16:42:25 - chaos - INFO - 清除 Pod dupf-prometheus-795c67c9dc-lkhrq 的网络故障
2026-04-29 16:42:25 - chaos - INFO - 命名空间: ns-dupf, 网络设备: eth0
2026-04-29 16:42:25 - chaos - INFO - 获取 Pod dupf-prometheus-795c67c9dc-lkhrq 的 pause 容器 ID
2026-04-29 16:42:25 - chaos - INFO - 解析后的 pause 容器 ID: bde7aad54c3a
2026-04-29 16:42:25 - chaos - INFO - 获取容器的 PID
2026-04-29 16:42:25 - chaos - INFO - 容器 ID: bde7aad54c3a
2026-04-29 16:42:25 - chaos - INFO - 提取的容器 PID: 32812
2026-04-29 16:42:25 - chaos - INFO - Pod dupf-prometheus-795c67c9dc-lkhrq 的网络故障清除成功
2026-04-29 16:42:25 - chaos - INFO - 清除 Pod dupf-registry-center-1 的网络故障
2026-04-29 16:42:25 - chaos - INFO - 命名空间: ns-dupf, 网络设备: eth0
2026-04-29 16:42:25 - chaos - INFO - 获取 Pod dupf-registry-center-1 的 pause 容器 ID
2026-04-29 16:42:25 - chaos - INFO - 解析后的 pause 容器 ID: 649c663d5da2
2026-04-29 16:42:25 - chaos - INFO - 获取容器的 PID
2026-04-29 16:42:25 - chaos - INFO - 容器 ID: 649c663d5da2
2026-04-29 16:42:25 - chaos - INFO - 提取的容器 PID: 18202
2026-04-29 16:42:25 - chaos - INFO - Pod dupf-registry-center-1 的网络故障清除成功
2026-04-29 16:42:25 - chaos - INFO - 清除 Pod dupf-sdb-1 的网络故障
2026-04-29 16:42:25 - chaos - INFO - 命名空间: ns-dupf, 网络设备: eth0
2026-04-29 16:42:25 - chaos - INFO - 获取 Pod dupf-sdb-1 的 pause 容器 ID
2026-04-29 16:42:25 - chaos - INFO - 解析后的 pause 容器 ID: 12220ab7e7c1
2026-04-29 16:42:25 - chaos - INFO - 获取容器的 PID
2026-04-29 16:42:25 - chaos - INFO - 容器 ID: 12220ab7e7c1
2026-04-29 16:42:25 - chaos - INFO - 提取的容器 PID: 13278
2026-04-29 16:42:26 - chaos - INFO - Pod dupf-sdb-1 的网络故障清除成功
2026-04-29 16:42:26 - chaos - INFO - 清除 Pod dupf-sdb-sentinel-2 的网络故障
2026-04-29 16:42:26 - chaos - INFO - 命名空间: ns-dupf, 网络设备: eth0
2026-04-29 16:42:26 - chaos - INFO - 获取 Pod dupf-sdb-sentinel-2 的 pause 容器 ID
2026-04-29 16:42:26 - chaos - INFO - 解析后的 pause 容器 ID: 79305cc268c3
2026-04-29 16:42:26 - chaos - INFO - 获取容器的 PID
2026-04-29 16:42:26 - chaos - INFO - 容器 ID: 79305cc268c3
2026-04-29 16:42:26 - chaos - INFO - 提取的容器 PID: 18415
2026-04-29 16:42:26 - chaos - INFO - Pod dupf-sdb-sentinel-2 的网络故障清除成功
2026-04-29 16:42:26 - chaos - INFO - 清除 Pod dupf-sf-mq-proxy-2 的网络故障
2026-04-29 16:42:26 - chaos - INFO - 命名空间: ns-dupf, 网络设备: eth0
2026-04-29 16:42:26 - chaos - INFO - 获取 Pod dupf-sf-mq-proxy-2 的 pause 容器 ID
2026-04-29 16:42:26 - chaos - INFO - 解析后的 pause 容器 ID: fc327bacccc8
2026-04-29 16:42:26 - chaos - INFO - 获取容器的 PID
2026-04-29 16:42:26 - chaos - INFO - 容器 ID: fc327bacccc8
2026-04-29 16:42:26 - chaos - INFO - 提取的容器 PID: 17043
2026-04-29 16:42:26 - chaos - INFO - Pod dupf-sf-mq-proxy-2 的网络故障清除成功
2026-04-29 16:42:26 - chaos - INFO - 清除 Pod dupf-upc-76bbbd9fbb-2nsr2 的网络故障
2026-04-29 16:42:26 - chaos - INFO - 命名空间: ns-dupf, 网络设备: eth0
2026-04-29 16:42:26 - chaos - INFO - 获取 Pod dupf-upc-76bbbd9fbb-2nsr2 的 pause 容器 ID
2026-04-29 16:42:26 - chaos - INFO - 解析后的 pause 容器 ID: 43b3cb8acabe
2026-04-29 16:42:26 - chaos - INFO - 获取容器的 PID
2026-04-29 16:42:26 - chaos - INFO - 容器 ID: 43b3cb8acabe
2026-04-29 16:42:26 - chaos - INFO - 提取的容器 PID: 43328
2026-04-29 16:42:26 - chaos - INFO - Pod dupf-upc-76bbbd9fbb-2nsr2 的网络故障清除成功
2026-04-29 16:42:26 - chaos - INFO - 清除 Pod dupf-upc-76bbbd9fbb-rch45 的网络故障
2026-04-29 16:42:26 - chaos - INFO - 命名空间: ns-dupf, 网络设备: eth0
2026-04-29 16:42:26 - chaos - INFO - 获取 Pod dupf-upc-76bbbd9fbb-rch45 的 pause 容器 ID
2026-04-29 16:42:27 - chaos - INFO - 解析后的 pause 容器 ID: bdca3f3b803a
2026-04-29 16:42:27 - chaos - INFO - 获取容器的 PID
2026-04-29 16:42:27 - chaos - INFO - 容器 ID: bdca3f3b803a
2026-04-29 16:42:27 - chaos - INFO - 提取的容器 PID: 43277
2026-04-29 16:42:27 - chaos - INFO - Pod dupf-upc-76bbbd9fbb-rch45 的网络故障清除成功
2026-04-29 16:42:27 - chaos - INFO - 清除 Pod dupf-upc-lb-2-7cc697d97-6jtgx 的网络故障
2026-04-29 16:42:27 - chaos - INFO - 命名空间: ns-dupf, 网络设备: eth0
2026-04-29 16:42:27 - chaos - INFO - 获取 Pod dupf-upc-lb-2-7cc697d97-6jtgx 的 pause 容器 ID
2026-04-29 16:42:27 - chaos - INFO - 解析后的 pause 容器 ID: 32ccf53e8346
2026-04-29 16:42:27 - chaos - INFO - 获取容器的 PID
2026-04-29 16:42:27 - chaos - INFO - 容器 ID: 32ccf53e8346
2026-04-29 16:42:27 - chaos - INFO - 提取的容器 PID: 2404
2026-04-29 16:42:27 - chaos - INFO - Pod dupf-upc-lb-2-7cc697d97-6jtgx 的网络故障清除成功
2026-04-29 16:42:27 - chaos - INFO - 清除 Pod dupf-upu-dupf01-1-7c9b66cbbf-mnsvt 的网络故障
2026-04-29 16:42:27 - chaos - INFO - 命名空间: ns-dupf, 网络设备: eth0
2026-04-29 16:42:27 - chaos - INFO - 获取 Pod dupf-upu-dupf01-1-7c9b66cbbf-mnsvt 的 pause 容器 ID
2026-04-29 16:42:27 - chaos - INFO - 解析后的 pause 容器 ID: 4d63814c8878
2026-04-29 16:42:27 - chaos - INFO - 获取容器的 PID
2026-04-29 16:42:27 - chaos - INFO - 容器 ID: 4d63814c8878
2026-04-29 16:42:27 - chaos - INFO - 提取的容器 PID: 12635
2026-04-29 16:42:27 - chaos - INFO - Pod dupf-upu-dupf01-1-7c9b66cbbf-mnsvt 的网络故障清除成功
2026-04-29 16:42:27 - chaos - INFO - 清除 Pod dupf-upu-dupf01-2-8bf594484-nbrtv 的网络故障
2026-04-29 16:42:27 - chaos - INFO - 命名空间: ns-dupf, 网络设备: eth0
2026-04-29 16:42:27 - chaos - INFO - 获取 Pod dupf-upu-dupf01-2-8bf594484-nbrtv 的 pause 容器 ID
2026-04-29 16:42:28 - chaos - INFO - 解析后的 pause 容器 ID: 758e6d5a76cc
2026-04-29 16:42:28 - chaos - INFO - 获取容器的 PID
2026-04-29 16:42:28 - chaos - INFO - 容器 ID: 758e6d5a76cc
2026-04-29 16:42:28 - chaos - INFO - 提取的容器 PID: 35321
2026-04-29 16:42:28 - chaos - INFO - Pod dupf-upu-dupf01-2-8bf594484-nbrtv 的网络故障清除成功
2026-04-29 16:42:28 - chaos - INFO - 清除 Pod dupf-upu-dupf01-3-5bc77f6459-thnr2 的网络故障
2026-04-29 16:42:28 - chaos - INFO - 命名空间: ns-dupf, 网络设备: eth0
2026-04-29 16:42:28 - chaos - INFO - 获取 Pod dupf-upu-dupf01-3-5bc77f6459-thnr2 的 pause 容器 ID
2026-04-29 16:42:28 - chaos - INFO - 解析后的 pause 容器 ID: 92e012c3f123
2026-04-29 16:42:28 - chaos - INFO - 获取容器的 PID
2026-04-29 16:42:28 - chaos - INFO - 容器 ID: 92e012c3f123
2026-04-29 16:42:28 - chaos - INFO - 提取的容器 PID: 12643
2026-04-29 16:42:28 - chaos - INFO - Pod dupf-upu-dupf01-3-5bc77f6459-thnr2 的网络故障清除成功
2026-04-29 16:42:28 - chaos - INFO - 环境 1_ssh_remote 网络故障清除完成：成功 19, 失败 0
2026-04-29 16:42:28 - chaos - INFO - ============================================================
2026-04-29 16:42:28 - chaos - INFO - workflow 级别的 auto_clear 完成
2026-04-29 16:42:28 - chaos - INFO - ============================================================
2026-04-29 16:42:28 - chaos - INFO - 
================================================================================
2026-04-29 16:42:28 - chaos - INFO - 执行workflow: cases/upu/upu/workflow_serial_delay_upu.yaml
2026-04-29 16:42:28 - chaos - INFO - ================================================================================
2026-04-29 16:42:28 - chaos - INFO - Successfully parsed workflow: upu_serial_network_delay_001
2026-04-29 16:42:28 - chaos - INFO - ============================================================
2026-04-29 16:42:28 - chaos - INFO - 开始执行工作流: UPU 串行网络延迟工作流
2026-04-29 16:42:28 - chaos - INFO - 工作流 ID: upu_serial_network_delay_001
2026-04-29 16:42:28 - chaos - INFO - 执行模式: serial
2026-04-29 16:42:28 - chaos - INFO - ============================================================
2026-04-29 16:42:28 - chaos - INFO - 启动延迟 10.0s
2026-04-29 16:42:39 - chaos - INFO - 执行计划: 共 1 层
2026-04-29 16:42:39 - chaos - INFO - 
============================================================
2026-04-29 16:42:39 - chaos - INFO - 执行第 1/1 层，共 1 个任务
2026-04-29 16:42:39 - chaos - INFO - ============================================================
2026-04-29 16:42:39 - chaos - INFO - [DEBUG] 开始执行任务: UPU 网络延迟 (delay_upu)
2026-04-29 16:42:39 - chaos - INFO - [DEBUG] 任务类型: network, 故障类型: delay
2026-04-29 16:42:39 - chaos - INFO - [DEBUG] 目标: Pod: upu
2026-04-29 16:42:39 - chaos - INFO - [DEBUG] Duration: 240s, Loop: 1
2026-04-29 16:42:39 - chaos - INFO - [DEBUG] 任务超时时间: 300.0s
2026-04-29 16:42:39 - chaos - INFO - [DEBUG] ========== 开始执行 Case ==========
2026-04-29 16:42:39 - chaos - INFO - [DEBUG] Case名称: upu_delay
2026-04-29 16:42:39 - chaos - INFO - [DEBUG] Case类型: network
2026-04-29 16:42:39 - chaos - INFO - [DEBUG] 故障类型: delay
2026-04-29 16:42:39 - chaos - INFO - [DEBUG] 环境: 1_ssh_remote
2026-04-29 16:42:39 - chaos - INFO - [DEBUG] 执行 Case 迭代 1/1
2026-04-29 16:42:39 - chaos - INFO - [DEBUG] 开始获取目标列表...
2026-04-29 16:42:39 - chaos.utils.remote - INFO - 连接 root@10.230.246.167:50163 不可用，需要重连
2026-04-29 16:42:39 - chaos.utils.remote - INFO - 尝试重连: root@10.230.246.167:50163
2026-04-29 16:42:40 - chaos.utils.remote - INFO - SSH连接建立成功: 10.230.246.167:50163, 耗时: 0.10s
2026-04-29 16:42:40 - chaos.utils.remote - INFO - 重连成功: root@10.230.246.167:50163
2026-04-29 16:42:40 - chaos - INFO - 根据名称匹配规则获取 Pod，pattern: upu, namespace: ns-dupf
2026-04-29 16:42:42 - chaos - INFO - 找到包含匹配的 Pod: dupf-upu-dupf01-1-7c9b66cbbf-mnsvt
2026-04-29 16:42:42 - chaos - INFO - 找到包含匹配的 Pod: dupf-upu-dupf01-2-8bf594484-nbrtv
2026-04-29 16:42:42 - chaos - INFO - 找到包含匹配的 Pod: dupf-upu-dupf01-3-5bc77f6459-thnr2
2026-04-29 16:42:42 - chaos - INFO - 找到包含匹配的 Pod: dupf-upu-dupf02-4-f694656fc-g9pcc
2026-04-29 16:42:42 - chaos - INFO - 找到包含匹配的 Pod: dupf-upu-dupf02-5-58475bdc49-wnctf
2026-04-29 16:42:42 - chaos - INFO - 找到包含匹配的 Pod: dupf-upu-dupf02-6-656bcb64c8-j2hf6
2026-04-29 16:42:42 - chaos - INFO - 找到包含匹配的 Pod: dupf-upu-dupf03-7-5d67cd95dc-m28vl
2026-04-29 16:42:42 - chaos - INFO - 找到包含匹配的 Pod: dupf-upu-dupf03-8-9695c974c-ttdqv
2026-04-29 16:42:42 - chaos - INFO - 找到包含匹配的 Pod: dupf-upu-dupf03-9-65876966d9-7n4jr
2026-04-29 16:42:42 - chaos - INFO - 找到包含匹配的 Pod: dupf-upu-dupf04-10-74f57567d9-2fnv7
2026-04-29 16:42:42 - chaos - INFO - 找到包含匹配的 Pod: dupf-upu-dupf04-11-849cf77d64-wdzsz
2026-04-29 16:42:42 - chaos - INFO - 找到包含匹配的 Pod: dupf-upu-dupf04-12-9f7c79f99-5z8p5
2026-04-29 16:42:42 - chaos - INFO - 找到 12 个匹配的 Pod
2026-04-29 16:42:42 - chaos - INFO - 随机选择 Pod: dupf-upu-dupf02-4-f694656fc-g9pcc
2026-04-29 16:42:42 - chaos - INFO - [DEBUG] 找到 1 个目标
2026-04-29 16:42:42 - chaos - INFO - [DEBUG] ---------- 处理目标 1/1 ----------
2026-04-29 16:42:42 - chaos - INFO - [DEBUG] 目标名称: dupf-upu-dupf02-4-f694656fc-g9pcc
2026-04-29 16:42:42 - chaos - INFO - [DEBUG] 目标节点: None
2026-04-29 16:42:42 - chaos - INFO - [DEBUG] 创建故障注入器...
2026-04-29 16:42:42 - chaos - INFO - [DEBUG] 准备注入故障...
2026-04-29 16:42:42 - chaos - INFO - [DEBUG] 注入参数: {'fault_type': 'delay', 'correlation': ['20%', '90%'], 'distribution': ['normal', 'pareto', 'paretonormal'], 'jitter': ['10ms', '100ms'], 'time': ['100ms', '1000ms']}
2026-04-29 16:42:42 - chaos - WARNING - 无效的分布模型: ['normal', 'pareto', 'paretonormal'], 随机选择
2026-04-29 16:42:42 - chaos - INFO - 获取 Pod dupf-upu-dupf02-4-f694656fc-g9pcc 的 pause 容器 ID
2026-04-29 16:42:42 - chaos - INFO - 获取 Pod dupf-upu-dupf02-4-f694656fc-g9pcc 所在的节点，namespace: ns-dupf
2026-04-29 16:42:42 - chaos - INFO - Pod dupf-upu-dupf02-4-f694656fc-g9pcc 运行在节点 dupf02
2026-04-29 16:42:42 - chaos - INFO - Pod dupf-upu-dupf02-4-f694656fc-g9pcc 运行在节点 dupf02
2026-04-29 16:42:42 - chaos - INFO - 找到节点 dupf02 对应的环境: 2_ssh_remote
2026-04-29 16:42:42 - chaos.utils.remote - INFO - 创建新连接: root@10.230.246.168:50163
2026-04-29 16:42:42 - chaos.utils.remote - INFO - SSH连接建立成功: 10.230.246.168:50163, 耗时: 0.09s
2026-04-29 16:42:42 - chaos.utils.remote - INFO - 新连接创建成功: root@10.230.246.168:50163，当前连接池大小: 4
2026-04-29 16:42:44 - chaos - INFO - 解析后的 pause 容器 ID: 50da07ab9c65
2026-04-29 16:42:44 - chaos - INFO - 获取容器的 PID
2026-04-29 16:42:44 - chaos - INFO - 容器 ID: 50da07ab9c65
2026-04-29 16:42:44 - chaos - INFO - 提取的容器 PID: 12368
2026-04-29 16:42:44 - chaos - INFO - 为 Pod dupf-upu-dupf02-4-f694656fc-g9pcc 注入网络延迟
2026-04-29 16:42:44 - chaos - INFO - 延迟参数: {'time': '592ms', 'jitter': '60ms', 'correlation': '84%', 'distribution': 'uniform'}
2026-04-29 16:42:44 - chaos - INFO - tc 命令: tc qdisc add dev eth0 root netem delay 592ms 60ms 84% distribution uniform
2026-04-29 16:42:44 - chaos - ERROR - 网络延迟注入失败：No distribution data for uniform (/usr/lib/x86_64-linux-gnu/tc//uniform.dist: No such file or directory)

2026-04-29 16:42:44 - chaos - ERROR - [DEBUG] 在第 1 次迭代注入故障失败，目标：dupf-upu-dupf02-4-f694656fc-g9pcc
2026-04-29 16:42:44 - chaos - ERROR - 任务执行失败: UPU 网络延迟
2026-04-29 16:42:44 - chaos - INFO - 
================================================================================
                           Workflow Execution Report                            
================================================================================
Workflow ID    : upu_serial_network_delay_001
Workflow Name  : UPU 串行网络延迟工作流
Status         : FAILED
Start Time     : 2026-04-29 16:42:28
End Time       : 2026-04-29 16:42:44
Total Duration : 16.43s
Success Rate   : 0.00%
================================================================================

Task Results:
--------------------------------------------------------------------------------
  [FAILED  ] UPU 网络延迟                       Duration:   5.07s  Group: N/A

================================================================================
Summary Statistics
================================================================================
Total Tasks    : 1
Success        : 0
Failed         : 1
Timeout        : 0
Skipped        : 0
================================================================================
2026-04-29 16:42:44 - chaos - INFO - ============================================================
2026-04-29 16:42:44 - chaos - INFO - 执行 workflow 级别的 auto_clear
2026-04-29 16:42:44 - chaos - INFO - ============================================================
2026-04-29 16:42:44 - chaos - INFO - 需要清理的环境: 1_ssh_remote
2026-04-29 16:42:44 - chaos - INFO - 清理环境 1_ssh_remote 的网络故障...
2026-04-29 16:42:44 - chaos - INFO - 获取 Pod 列表，namespace: ns-dupf, nodename: dupf01
2026-04-29 16:42:45 - chaos - INFO - 找到 19 个 Pod
2026-04-29 16:42:45 - chaos - INFO - 找到 19 个 pod
2026-04-29 16:42:45 - chaos - INFO - 清除 Pod dupf-db-operator-7c4b689ff9-8sjll 的网络故障
2026-04-29 16:42:45 - chaos - INFO - 命名空间: ns-dupf, 网络设备: eth0
2026-04-29 16:42:45 - chaos - INFO - 获取 Pod dupf-db-operator-7c4b689ff9-8sjll 的 pause 容器 ID
2026-04-29 16:42:45 - chaos - INFO - 解析后的 pause 容器 ID: a77a532556c8
2026-04-29 16:42:45 - chaos - INFO - 获取容器的 PID
2026-04-29 16:42:45 - chaos - INFO - 容器 ID: a77a532556c8
2026-04-29 16:42:45 - chaos - INFO - 提取的容器 PID: 32309
2026-04-29 16:42:45 - chaos - INFO - Pod dupf-db-operator-7c4b689ff9-8sjll 的网络故障清除成功
2026-04-29 16:42:45 - chaos - INFO - 清除 Pod dupf-ddb-shd-0-1 的网络故障
2026-04-29 16:42:45 - chaos - INFO - 命名空间: ns-dupf, 网络设备: eth0
2026-04-29 16:42:45 - chaos - INFO - 获取 Pod dupf-ddb-shd-0-1 的 pause 容器 ID
2026-04-29 16:42:45 - chaos - INFO - 解析后的 pause 容器 ID: 1f077a28fe53
2026-04-29 16:42:45 - chaos - INFO - 获取容器的 PID
2026-04-29 16:42:45 - chaos - INFO - 容器 ID: 1f077a28fe53
2026-04-29 16:42:45 - chaos - INFO - 提取的容器 PID: 17320
2026-04-29 16:42:45 - chaos - INFO - Pod dupf-ddb-shd-0-1 的网络故障清除成功
2026-04-29 16:42:45 - chaos - INFO - 清除 Pod dupf-ddb-shd-1-0 的网络故障
2026-04-29 16:42:45 - chaos - INFO - 命名空间: ns-dupf, 网络设备: eth0
2026-04-29 16:42:45 - chaos - INFO - 获取 Pod dupf-ddb-shd-1-0 的 pause 容器 ID
2026-04-29 16:42:46 - chaos - INFO - 解析后的 pause 容器 ID: d1d0fe54bc9a
2026-04-29 16:42:46 - chaos - INFO - 获取容器的 PID
2026-04-29 16:42:46 - chaos - INFO - 容器 ID: d1d0fe54bc9a
2026-04-29 16:42:46 - chaos - INFO - 提取的容器 PID: 17632
2026-04-29 16:42:46 - chaos - INFO - Pod dupf-ddb-shd-1-0 的网络故障清除成功
2026-04-29 16:42:46 - chaos - INFO - 清除 Pod dupf-ddb-shd-2-0 的网络故障
2026-04-29 16:42:46 - chaos - INFO - 命名空间: ns-dupf, 网络设备: eth0
2026-04-29 16:42:46 - chaos - INFO - 获取 Pod dupf-ddb-shd-2-0 的 pause 容器 ID
2026-04-29 16:42:46 - chaos - INFO - 解析后的 pause 容器 ID: 30f0f4bd58d1
2026-04-29 16:42:46 - chaos - INFO - 获取容器的 PID
2026-04-29 16:42:46 - chaos - INFO - 容器 ID: 30f0f4bd58d1
2026-04-29 16:42:46 - chaos - INFO - 提取的容器 PID: 17976
2026-04-29 16:42:46 - chaos - INFO - Pod dupf-ddb-shd-2-0 的网络故障清除成功
2026-04-29 16:42:46 - chaos - INFO - 清除 Pod dupf-etcd-2 的网络故障
2026-04-29 16:42:46 - chaos - INFO - 命名空间: ns-dupf, 网络设备: eth0
2026-04-29 16:42:46 - chaos - INFO - 获取 Pod dupf-etcd-2 的 pause 容器 ID
2026-04-29 16:42:46 - chaos - INFO - 解析后的 pause 容器 ID: c256bd69e3d6
2026-04-29 16:42:46 - chaos - INFO - 获取容器的 PID
2026-04-29 16:42:46 - chaos - INFO - 容器 ID: c256bd69e3d6
2026-04-29 16:42:46 - chaos - INFO - 提取的容器 PID: 13185
2026-04-29 16:42:46 - chaos - INFO - Pod dupf-etcd-2 的网络故障清除成功
2026-04-29 16:42:46 - chaos - INFO - 清除 Pod dupf-file-sync-8btfr 的网络故障
2026-04-29 16:42:46 - chaos - INFO - 命名空间: ns-dupf, 网络设备: eth0
2026-04-29 16:42:46 - chaos - INFO - 获取 Pod dupf-file-sync-8btfr 的 pause 容器 ID
2026-04-29 16:42:46 - chaos - INFO - 解析后的 pause 容器 ID: effa6e690919
2026-04-29 16:42:46 - chaos - INFO - 获取容器的 PID
2026-04-29 16:42:46 - chaos - INFO - 容器 ID: effa6e690919
2026-04-29 16:42:47 - chaos - INFO - 提取的容器 PID: 9422
2026-04-29 16:42:47 - chaos - INFO - Pod dupf-file-sync-8btfr 的网络故障清除成功
2026-04-29 16:42:47 - chaos - INFO - 清除 Pod dupf-log-monitor-65798c687f-slczc 的网络故障
2026-04-29 16:42:47 - chaos - INFO - 命名空间: ns-dupf, 网络设备: eth0
2026-04-29 16:42:47 - chaos - INFO - 获取 Pod dupf-log-monitor-65798c687f-slczc 的 pause 容器 ID
2026-04-29 16:42:47 - chaos - INFO - 解析后的 pause 容器 ID: 3674c56fec1b
2026-04-29 16:42:47 - chaos - INFO - 获取容器的 PID
2026-04-29 16:42:47 - chaos - INFO - 容器 ID: 3674c56fec1b
2026-04-29 16:42:47 - chaos - INFO - 提取的容器 PID: 44841
2026-04-29 16:42:47 - chaos - INFO - Pod dupf-log-monitor-65798c687f-slczc 的网络故障清除成功
2026-04-29 16:42:47 - chaos - INFO - 清除 Pod dupf-node-monitor-n76hh 的网络故障
2026-04-29 16:42:47 - chaos - INFO - 命名空间: ns-dupf, 网络设备: eth0
2026-04-29 16:42:47 - chaos - INFO - 获取 Pod dupf-node-monitor-n76hh 的 pause 容器 ID
2026-04-29 16:42:47 - chaos - INFO - 解析后的 pause 容器 ID: bf92c7b0747a
2026-04-29 16:42:47 - chaos - INFO - 获取容器的 PID
2026-04-29 16:42:47 - chaos - INFO - 容器 ID: bf92c7b0747a
2026-04-29 16:42:47 - chaos - INFO - 提取的容器 PID: 10841
2026-04-29 16:42:47 - chaos - INFO - Pod dupf-node-monitor-n76hh 的网络故障清除成功
2026-04-29 16:42:47 - chaos - INFO - 清除 Pod dupf-prometheus-795c67c9dc-lkhrq 的网络故障
2026-04-29 16:42:47 - chaos - INFO - 命名空间: ns-dupf, 网络设备: eth0
2026-04-29 16:42:47 - chaos - INFO - 获取 Pod dupf-prometheus-795c67c9dc-lkhrq 的 pause 容器 ID
2026-04-29 16:42:47 - chaos - INFO - 解析后的 pause 容器 ID: bde7aad54c3a
2026-04-29 16:42:47 - chaos - INFO - 获取容器的 PID
2026-04-29 16:42:47 - chaos - INFO - 容器 ID: bde7aad54c3a
2026-04-29 16:42:48 - chaos - INFO - 提取的容器 PID: 32812
2026-04-29 16:42:48 - chaos - INFO - Pod dupf-prometheus-795c67c9dc-lkhrq 的网络故障清除成功
2026-04-29 16:42:48 - chaos - INFO - 清除 Pod dupf-registry-center-1 的网络故障
2026-04-29 16:42:48 - chaos - INFO - 命名空间: ns-dupf, 网络设备: eth0
2026-04-29 16:42:48 - chaos - INFO - 获取 Pod dupf-registry-center-1 的 pause 容器 ID
2026-04-29 16:42:48 - chaos - INFO - 解析后的 pause 容器 ID: 649c663d5da2
2026-04-29 16:42:48 - chaos - INFO - 获取容器的 PID
2026-04-29 16:42:48 - chaos - INFO - 容器 ID: 649c663d5da2
2026-04-29 16:42:48 - chaos - INFO - 提取的容器 PID: 18202
2026-04-29 16:42:48 - chaos - INFO - Pod dupf-registry-center-1 的网络故障清除成功
2026-04-29 16:42:48 - chaos - INFO - 清除 Pod dupf-sdb-1 的网络故障
2026-04-29 16:42:48 - chaos - INFO - 命名空间: ns-dupf, 网络设备: eth0
2026-04-29 16:42:48 - chaos - INFO - 获取 Pod dupf-sdb-1 的 pause 容器 ID
2026-04-29 16:42:48 - chaos - INFO - 解析后的 pause 容器 ID: 12220ab7e7c1
2026-04-29 16:42:48 - chaos - INFO - 获取容器的 PID
2026-04-29 16:42:48 - chaos - INFO - 容器 ID: 12220ab7e7c1
2026-04-29 16:42:48 - chaos - INFO - 提取的容器 PID: 13278
2026-04-29 16:42:48 - chaos - INFO - Pod dupf-sdb-1 的网络故障清除成功
2026-04-29 16:42:48 - chaos - INFO - 清除 Pod dupf-sdb-sentinel-2 的网络故障
2026-04-29 16:42:48 - chaos - INFO - 命名空间: ns-dupf, 网络设备: eth0
2026-04-29 16:42:48 - chaos - INFO - 获取 Pod dupf-sdb-sentinel-2 的 pause 容器 ID
2026-04-29 16:42:48 - chaos - INFO - 解析后的 pause 容器 ID: 79305cc268c3
2026-04-29 16:42:48 - chaos - INFO - 获取容器的 PID
2026-04-29 16:42:48 - chaos - INFO - 容器 ID: 79305cc268c3
2026-04-29 16:42:49 - chaos - INFO - 提取的容器 PID: 18415
2026-04-29 16:42:49 - chaos - INFO - Pod dupf-sdb-sentinel-2 的网络故障清除成功
2026-04-29 16:42:49 - chaos - INFO - 清除 Pod dupf-sf-mq-proxy-2 的网络故障
2026-04-29 16:42:49 - chaos - INFO - 命名空间: ns-dupf, 网络设备: eth0
2026-04-29 16:42:49 - chaos - INFO - 获取 Pod dupf-sf-mq-proxy-2 的 pause 容器 ID
2026-04-29 16:42:49 - chaos - INFO - 解析后的 pause 容器 ID: fc327bacccc8
2026-04-29 16:42:49 - chaos - INFO - 获取容器的 PID
2026-04-29 16:42:49 - chaos - INFO - 容器 ID: fc327bacccc8
2026-04-29 16:42:49 - chaos - INFO - 提取的容器 PID: 17043
2026-04-29 16:42:49 - chaos - INFO - Pod dupf-sf-mq-proxy-2 的网络故障清除成功
2026-04-29 16:42:49 - chaos - INFO - 清除 Pod dupf-upc-76bbbd9fbb-2nsr2 的网络故障
2026-04-29 16:42:49 - chaos - INFO - 命名空间: ns-dupf, 网络设备: eth0
2026-04-29 16:42:49 - chaos - INFO - 获取 Pod dupf-upc-76bbbd9fbb-2nsr2 的 pause 容器 ID
2026-04-29 16:42:49 - chaos - INFO - 解析后的 pause 容器 ID: 43b3cb8acabe
2026-04-29 16:42:49 - chaos - INFO - 获取容器的 PID
2026-04-29 16:42:49 - chaos - INFO - 容器 ID: 43b3cb8acabe
2026-04-29 16:42:49 - chaos - INFO - 提取的容器 PID: 43328
2026-04-29 16:42:49 - chaos - INFO - Pod dupf-upc-76bbbd9fbb-2nsr2 的网络故障清除成功
2026-04-29 16:42:49 - chaos - INFO - 清除 Pod dupf-upc-76bbbd9fbb-rch45 的网络故障
2026-04-29 16:42:49 - chaos - INFO - 命名空间: ns-dupf, 网络设备: eth0
2026-04-29 16:42:49 - chaos - INFO - 获取 Pod dupf-upc-76bbbd9fbb-rch45 的 pause 容器 ID
2026-04-29 16:42:49 - chaos - INFO - 解析后的 pause 容器 ID: bdca3f3b803a
2026-04-29 16:42:49 - chaos - INFO - 获取容器的 PID
2026-04-29 16:42:49 - chaos - INFO - 容器 ID: bdca3f3b803a
2026-04-29 16:42:49 - chaos - INFO - 提取的容器 PID: 43277
2026-04-29 16:42:50 - chaos - INFO - Pod dupf-upc-76bbbd9fbb-rch45 的网络故障清除成功
2026-04-29 16:42:50 - chaos - INFO - 清除 Pod dupf-upc-lb-2-7cc697d97-6jtgx 的网络故障
2026-04-29 16:42:50 - chaos - INFO - 命名空间: ns-dupf, 网络设备: eth0
2026-04-29 16:42:50 - chaos - INFO - 获取 Pod dupf-upc-lb-2-7cc697d97-6jtgx 的 pause 容器 ID
2026-04-29 16:42:50 - chaos - INFO - 解析后的 pause 容器 ID: 32ccf53e8346
2026-04-29 16:42:50 - chaos - INFO - 获取容器的 PID
2026-04-29 16:42:50 - chaos - INFO - 容器 ID: 32ccf53e8346
2026-04-29 16:42:50 - chaos - INFO - 提取的容器 PID: 2404
2026-04-29 16:42:50 - chaos - INFO - Pod dupf-upc-lb-2-7cc697d97-6jtgx 的网络故障清除成功
2026-04-29 16:42:50 - chaos - INFO - 清除 Pod dupf-upu-dupf01-1-7c9b66cbbf-mnsvt 的网络故障
2026-04-29 16:42:50 - chaos - INFO - 命名空间: ns-dupf, 网络设备: eth0
2026-04-29 16:42:50 - chaos - INFO - 获取 Pod dupf-upu-dupf01-1-7c9b66cbbf-mnsvt 的 pause 容器 ID
2026-04-29 16:42:50 - chaos - INFO - 解析后的 pause 容器 ID: 4d63814c8878
2026-04-29 16:42:50 - chaos - INFO - 获取容器的 PID
2026-04-29 16:42:50 - chaos - INFO - 容器 ID: 4d63814c8878
2026-04-29 16:42:50 - chaos - INFO - 提取的容器 PID: 12635
2026-04-29 16:42:50 - chaos - INFO - Pod dupf-upu-dupf01-1-7c9b66cbbf-mnsvt 的网络故障清除成功
2026-04-29 16:42:50 - chaos - INFO - 清除 Pod dupf-upu-dupf01-2-8bf594484-nbrtv 的网络故障
2026-04-29 16:42:50 - chaos - INFO - 命名空间: ns-dupf, 网络设备: eth0
2026-04-29 16:42:50 - chaos - INFO - 获取 Pod dupf-upu-dupf01-2-8bf594484-nbrtv 的 pause 容器 ID
2026-04-29 16:42:50 - chaos - INFO - 解析后的 pause 容器 ID: 758e6d5a76cc
2026-04-29 16:42:50 - chaos - INFO - 获取容器的 PID
2026-04-29 16:42:50 - chaos - INFO - 容器 ID: 758e6d5a76cc
2026-04-29 16:42:50 - chaos - INFO - 提取的容器 PID: 35321
2026-04-29 16:42:50 - chaos - INFO - Pod dupf-upu-dupf01-2-8bf594484-nbrtv 的网络故障清除成功
2026-04-29 16:42:50 - chaos - INFO - 清除 Pod dupf-upu-dupf01-3-5bc77f6459-thnr2 的网络故障
2026-04-29 16:42:50 - chaos - INFO - 命名空间: ns-dupf, 网络设备: eth0
2026-04-29 16:42:50 - chaos - INFO - 获取 Pod dupf-upu-dupf01-3-5bc77f6459-thnr2 的 pause 容器 ID
2026-04-29 16:42:51 - chaos - INFO - 解析后的 pause 容器 ID: 92e012c3f123
2026-04-29 16:42:51 - chaos - INFO - 获取容器的 PID
2026-04-29 16:42:51 - chaos - INFO - 容器 ID: 92e012c3f123
2026-04-29 16:42:51 - chaos - INFO - 提取的容器 PID: 12643
2026-04-29 16:42:51 - chaos - INFO - Pod dupf-upu-dupf01-3-5bc77f6459-thnr2 的网络故障清除成功
2026-04-29 16:42:51 - chaos - INFO - 环境 1_ssh_remote 网络故障清除完成：成功 19, 失败 0
2026-04-29 16:42:51 - chaos - INFO - ============================================================
2026-04-29 16:42:51 - chaos - INFO - workflow 级别的 auto_clear 完成
2026-04-29 16:42:51 - chaos - INFO - ============================================================
2026-04-29 16:42:51 - chaos - INFO - 
================================================================================
2026-04-29 16:42:51 - chaos - INFO - 执行workflow: cases/upu/upu/workflow_serial_delete_upu.yaml
2026-04-29 16:42:51 - chaos - INFO - ================================================================================
2026-04-29 16:42:51 - chaos - INFO - Successfully parsed workflow: upu_serial_pod_delete_001
2026-04-29 16:42:51 - chaos - INFO - ============================================================
2026-04-29 16:42:51 - chaos - INFO - 开始执行工作流: UPU 串行 Pod 删除工作流
2026-04-29 16:42:51 - chaos - INFO - 工作流 ID: upu_serial_pod_delete_001
2026-04-29 16:42:51 - chaos - INFO - 执行模式: serial
2026-04-29 16:42:51 - chaos - INFO - ============================================================
2026-04-29 16:42:51 - chaos - INFO - 启动延迟 10.0s
2026-04-29 16:43:01 - chaos - INFO - 执行计划: 共 1 层
2026-04-29 16:43:01 - chaos - INFO - 
============================================================
2026-04-29 16:43:01 - chaos - INFO - 执行第 1/1 层，共 1 个任务
2026-04-29 16:43:01 - chaos - INFO - ============================================================
2026-04-29 16:43:01 - chaos - INFO - [DEBUG] 开始执行任务: UPU Pod 删除 (delete_upu)
2026-04-29 16:43:01 - chaos - INFO - [DEBUG] 任务类型: pod, 故障类型: delete
2026-04-29 16:43:01 - chaos - INFO - [DEBUG] 目标: Pod: upu
2026-04-29 16:43:01 - chaos - INFO - [DEBUG] Duration: 240s, Loop: 1
2026-04-29 16:43:01 - chaos - INFO - [DEBUG] 任务超时时间: 300.0s
2026-04-29 16:43:01 - chaos - INFO - [DEBUG] ========== 开始执行 Case ==========
2026-04-29 16:43:01 - chaos - INFO - [DEBUG] Case名称: upu_delete
2026-04-29 16:43:01 - chaos - INFO - [DEBUG] Case类型: pod
2026-04-29 16:43:01 - chaos - INFO - [DEBUG] 故障类型: delete
2026-04-29 16:43:01 - chaos - INFO - [DEBUG] 环境: 1_ssh_remote
2026-04-29 16:43:01 - chaos - INFO - [DEBUG] 执行 Case 迭代 1/1
2026-04-29 16:43:01 - chaos - INFO - [DEBUG] 开始获取目标列表...
2026-04-29 16:43:01 - chaos.utils.remote - INFO - 连接 root@10.230.246.167:50163 不可用，需要重连
2026-04-29 16:43:01 - chaos.utils.remote - INFO - 尝试重连: root@10.230.246.167:50163
2026-04-29 16:43:01 - chaos.utils.remote - INFO - SSH连接建立成功: 10.230.246.167:50163, 耗时: 0.10s
2026-04-29 16:43:01 - chaos.utils.remote - INFO - 重连成功: root@10.230.246.167:50163
2026-04-29 16:43:01 - chaos - INFO - 根据名称匹配规则获取 Pod，pattern: upu, namespace: ns-dupf
2026-04-29 16:43:04 - chaos - INFO - 找到包含匹配的 Pod: dupf-upu-dupf01-1-7c9b66cbbf-mnsvt
2026-04-29 16:43:04 - chaos - INFO - 找到包含匹配的 Pod: dupf-upu-dupf01-2-8bf594484-nbrtv
2026-04-29 16:43:04 - chaos - INFO - 找到包含匹配的 Pod: dupf-upu-dupf01-3-5bc77f6459-thnr2
2026-04-29 16:43:04 - chaos - INFO - 找到包含匹配的 Pod: dupf-upu-dupf02-4-f694656fc-g9pcc
2026-04-29 16:43:04 - chaos - INFO - 找到包含匹配的 Pod: dupf-upu-dupf02-5-58475bdc49-wnctf
2026-04-29 16:43:04 - chaos - INFO - 找到包含匹配的 Pod: dupf-upu-dupf02-6-656bcb64c8-j2hf6
2026-04-29 16:43:04 - chaos - INFO - 找到包含匹配的 Pod: dupf-upu-dupf03-7-5d67cd95dc-m28vl
2026-04-29 16:43:04 - chaos - INFO - 找到包含匹配的 Pod: dupf-upu-dupf03-8-9695c974c-ttdqv
2026-04-29 16:43:04 - chaos - INFO - 找到包含匹配的 Pod: dupf-upu-dupf03-9-65876966d9-7n4jr
2026-04-29 16:43:04 - chaos - INFO - 找到包含匹配的 Pod: dupf-upu-dupf04-10-74f57567d9-2fnv7
2026-04-29 16:43:04 - chaos - INFO - 找到包含匹配的 Pod: dupf-upu-dupf04-11-849cf77d64-wdzsz
2026-04-29 16:43:04 - chaos - INFO - 找到包含匹配的 Pod: dupf-upu-dupf04-12-9f7c79f99-5z8p5
2026-04-29 16:43:04 - chaos - INFO - 找到 12 个匹配的 Pod
2026-04-29 16:43:04 - chaos - INFO - 随机选择 Pod: dupf-upu-dupf04-12-9f7c79f99-5z8p5
2026-04-29 16:43:04 - chaos - INFO - [DEBUG] 找到 1 个目标
2026-04-29 16:43:04 - chaos - INFO - [DEBUG] ---------- 处理目标 1/1 ----------
2026-04-29 16:43:04 - chaos - INFO - [DEBUG] 目标名称: dupf-upu-dupf04-12-9f7c79f99-5z8p5
2026-04-29 16:43:04 - chaos - INFO - [DEBUG] 目标节点: None
2026-04-29 16:43:04 - chaos - INFO - [DEBUG] 创建故障注入器...
2026-04-29 16:43:04 - chaos - INFO - [DEBUG] 准备注入故障...
2026-04-29 16:43:04 - chaos - INFO - [DEBUG] 注入参数: {'fault_type': 'delete'}
2026-04-29 16:43:04 - chaos - INFO - 删除 Pod: dupf-upu-dupf04-12-9f7c79f99-5z8p5 (namespace: ns-dupf)
2026-04-29 16:43:04 - chaos - INFO - Pod dupf-upu-dupf04-12-9f7c79f99-5z8p5 删除成功
2026-04-29 16:43:04 - chaos - INFO - [DEBUG] 故障注入成功
2026-04-29 16:43:04 - chaos - INFO - [DEBUG] 故障ID: delete_dupf-upu-dupf04-12-9f7c79f99-5z8p5_ns-dupf_1777452184
2026-04-29 16:43:04 - chaos - INFO - 记录故障：delete_dupf-upu-dupf04-12-9f7c79f99-5z8p5_ns-dupf_1777452184
2026-04-29 16:43:04 - chaos - INFO - [DEBUG] 开始等待 duration: 240s (240.0秒)
2026-04-29 16:47:13 - chaos - INFO - [DEBUG] duration 等待完成
2026-04-29 16:47:13 - chaos - INFO - [DEBUG] 开始清理故障: delete_dupf-upu-dupf04-12-9f7c79f99-5z8p5_ns-dupf_1777452184
2026-04-29 16:47:13 - chaos - INFO - Pod 故障自动恢复：delete_dupf-upu-dupf04-12-9f7c79f99-5z8p5_ns-dupf_1777452184
2026-04-29 16:47:13 - chaos - INFO - [DEBUG] 故障清理成功: delete_dupf-upu-dupf04-12-9f7c79f99-5z8p5_ns-dupf_1777452184
2026-04-29 16:47:13 - chaos - INFO - 标记故障已恢复：delete_dupf-upu-dupf04-12-9f7c79f99-5z8p5_ns-dupf_1777452184
2026-04-29 16:47:13 - chaos - INFO - 任务执行成功: UPU Pod 删除 (耗时: 252.68s)
2026-04-29 16:47:13 - chaos - INFO - 
================================================================================
                           Workflow Execution Report                            
================================================================================
Workflow ID    : upu_serial_pod_delete_001
Workflow Name  : UPU 串行 Pod 删除工作流
Status         : SUCCESS
Start Time     : 2026-04-29 16:42:51
End Time       : 2026-04-29 16:47:13
Total Duration : 262.71s
Success Rate   : 100.00%
================================================================================

Task Results:
--------------------------------------------------------------------------------
  [SUCCESS ] UPU Pod 删除                     Duration: 252.68s  Group: N/A

================================================================================
Summary Statistics
================================================================================
Total Tasks    : 1
Success        : 1
Failed         : 0
Timeout        : 0
Skipped        : 0
================================================================================
2026-04-29 16:47:13 - chaos - INFO - 
================================================================================
2026-04-29 16:47:13 - chaos - INFO - 执行workflow: cases/upu/upu/workflow_serial_duplicate_upu.yaml
2026-04-29 16:47:13 - chaos - INFO - ================================================================================
2026-04-29 16:47:13 - chaos - INFO - Successfully parsed workflow: upu_serial_network_duplicate_001
2026-04-29 16:47:13 - chaos - INFO - ============================================================
2026-04-29 16:47:13 - chaos - INFO - 开始执行工作流: UPU 串行数据包重复工作流
2026-04-29 16:47:13 - chaos - INFO - 工作流 ID: upu_serial_network_duplicate_001
2026-04-29 16:47:13 - chaos - INFO - 执行模式: serial
2026-04-29 16:47:13 - chaos - INFO - ============================================================
2026-04-29 16:47:13 - chaos - INFO - 启动延迟 10.0s
2026-04-29 16:47:23 - chaos - INFO - 执行计划: 共 1 层
2026-04-29 16:47:23 - chaos - INFO - 
============================================================
2026-04-29 16:47:23 - chaos - INFO - 执行第 1/1 层，共 1 个任务
2026-04-29 16:47:23 - chaos - INFO - ============================================================
2026-04-29 16:47:23 - chaos - INFO - [DEBUG] 开始执行任务: UPU 数据包重复 (duplicate_upu)
2026-04-29 16:47:23 - chaos - INFO - [DEBUG] 任务类型: network, 故障类型: duplicate
2026-04-29 16:47:23 - chaos - INFO - [DEBUG] 目标: Pod: upu
2026-04-29 16:47:23 - chaos - INFO - [DEBUG] Duration: 240s, Loop: 1
2026-04-29 16:47:23 - chaos - INFO - [DEBUG] 任务超时时间: 300.0s
2026-04-29 16:47:23 - chaos - INFO - [DEBUG] ========== 开始执行 Case ==========
2026-04-29 16:47:23 - chaos - INFO - [DEBUG] Case名称: upu_duplicate
2026-04-29 16:47:23 - chaos - INFO - [DEBUG] Case类型: network
2026-04-29 16:47:23 - chaos - INFO - [DEBUG] 故障类型: duplicate
2026-04-29 16:47:23 - chaos - INFO - [DEBUG] 环境: 1_ssh_remote
2026-04-29 16:47:23 - chaos - INFO - [DEBUG] 执行 Case 迭代 1/1
2026-04-29 16:47:23 - chaos - INFO - [DEBUG] 开始获取目标列表...
2026-04-29 16:47:23 - chaos - INFO - 根据名称匹配规则获取 Pod，pattern: upu, namespace: ns-dupf
2026-04-29 16:47:24 - chaos - INFO - 找到包含匹配的 Pod: dupf-upu-dupf01-1-7c9b66cbbf-mnsvt
2026-04-29 16:47:24 - chaos - INFO - 找到包含匹配的 Pod: dupf-upu-dupf01-2-8bf594484-nbrtv
2026-04-29 16:47:24 - chaos - INFO - 找到包含匹配的 Pod: dupf-upu-dupf01-3-5bc77f6459-thnr2
2026-04-29 16:47:24 - chaos - INFO - 找到包含匹配的 Pod: dupf-upu-dupf02-4-f694656fc-g9pcc
2026-04-29 16:47:24 - chaos - INFO - 找到包含匹配的 Pod: dupf-upu-dupf02-5-58475bdc49-wnctf
2026-04-29 16:47:24 - chaos - INFO - 找到包含匹配的 Pod: dupf-upu-dupf02-6-656bcb64c8-j2hf6
2026-04-29 16:47:24 - chaos - INFO - 找到包含匹配的 Pod: dupf-upu-dupf03-7-5d67cd95dc-m28vl
2026-04-29 16:47:24 - chaos - INFO - 找到包含匹配的 Pod: dupf-upu-dupf03-8-9695c974c-ttdqv
2026-04-29 16:47:24 - chaos - INFO - 找到包含匹配的 Pod: dupf-upu-dupf03-9-65876966d9-7n4jr
2026-04-29 16:47:24 - chaos - INFO - 找到包含匹配的 Pod: dupf-upu-dupf04-10-74f57567d9-2fnv7
2026-04-29 16:47:24 - chaos - INFO - 找到包含匹配的 Pod: dupf-upu-dupf04-11-849cf77d64-wdzsz
2026-04-29 16:47:24 - chaos - INFO - 找到包含匹配的 Pod: dupf-upu-dupf04-12-9f7c79f99-hx45f
2026-04-29 16:47:24 - chaos - INFO - 找到 12 个匹配的 Pod
2026-04-29 16:47:24 - chaos - INFO - 随机选择 Pod: dupf-upu-dupf04-12-9f7c79f99-hx45f
2026-04-29 16:47:24 - chaos - INFO - [DEBUG] 找到 1 个目标
2026-04-29 16:47:24 - chaos - INFO - [DEBUG] ---------- 处理目标 1/1 ----------
2026-04-29 16:47:24 - chaos - INFO - [DEBUG] 目标名称: dupf-upu-dupf04-12-9f7c79f99-hx45f
2026-04-29 16:47:24 - chaos - INFO - [DEBUG] 目标节点: None
2026-04-29 16:47:24 - chaos - INFO - [DEBUG] 创建故障注入器...
2026-04-29 16:47:24 - chaos - INFO - [DEBUG] 准备注入故障...
2026-04-29 16:47:24 - chaos - INFO - [DEBUG] 注入参数: {'fault_type': 'duplicate', 'correlation': ['30%', '90%'], 'percent': ['10%', '90%']}
2026-04-29 16:47:24 - chaos - INFO - 获取 Pod dupf-upu-dupf04-12-9f7c79f99-hx45f 的 pause 容器 ID
2026-04-29 16:47:24 - chaos - INFO - 获取 Pod dupf-upu-dupf04-12-9f7c79f99-hx45f 所在的节点，namespace: ns-dupf
2026-04-29 16:47:24 - chaos - INFO - Pod dupf-upu-dupf04-12-9f7c79f99-hx45f 运行在节点 dupf04
2026-04-29 16:47:24 - chaos - INFO - Pod dupf-upu-dupf04-12-9f7c79f99-hx45f 运行在节点 dupf04
2026-04-29 16:47:24 - chaos - INFO - 找到节点 dupf04 对应的环境: 4_ssh_remote
2026-04-29 16:47:24 - chaos - INFO - 解析后的 pause 容器 ID: 284ada5d129c
2026-04-29 16:47:24 - chaos - INFO - 获取容器的 PID
2026-04-29 16:47:24 - chaos - INFO - 容器 ID: 284ada5d129c
2026-04-29 16:47:24 - chaos - INFO - 提取的容器 PID: 36520
2026-04-29 16:47:24 - chaos - INFO - 为 Pod dupf-upu-dupf04-12-9f7c79f99-hx45f 注入网络数据包重复
2026-04-29 16:47:24 - chaos - INFO - 重复比例: 35%
2026-04-29 16:47:24 - chaos - INFO - 相关性: 42%
2026-04-29 16:47:24 - chaos - INFO - tc 命令: tc qdisc add dev eth0 root netem duplicate 35% 42%
2026-04-29 16:47:24 - chaos - INFO - 网络数据包重复注入成功
2026-04-29 16:47:24 - chaos - INFO - [DEBUG] 故障注入成功
2026-04-29 16:47:24 - chaos - INFO - [DEBUG] 故障ID: duplicate_dupf-upu-dupf04-12-9f7c79f99-hx45f_ns-dupf_1777452444
2026-04-29 16:47:24 - chaos - INFO - 记录故障：duplicate_dupf-upu-dupf04-12-9f7c79f99-hx45f_ns-dupf_1777452444
2026-04-29 16:47:24 - chaos - INFO - [DEBUG] 开始等待 duration: 240s (240.0秒)
2026-04-29 16:51:37 - chaos - INFO - [DEBUG] duration 等待完成
2026-04-29 16:51:37 - chaos - INFO - [DEBUG] 开始清理故障: duplicate_dupf-upu-dupf04-12-9f7c79f99-hx45f_ns-dupf_1777452444
2026-04-29 16:51:37 - chaos - INFO - 获取 Pod dupf-upu-dupf04-12-9f7c79f99-hx45f 的 pause 容器 ID
2026-04-29 16:51:37 - chaos - INFO - 获取 Pod dupf-upu-dupf04-12-9f7c79f99-hx45f 所在的节点，namespace: ns-dupf
2026-04-29 16:51:37 - chaos - INFO - Pod dupf-upu-dupf04-12-9f7c79f99-hx45f 运行在节点 dupf04
2026-04-29 16:51:37 - chaos - INFO - Pod dupf-upu-dupf04-12-9f7c79f99-hx45f 运行在节点 dupf04
2026-04-29 16:51:37 - chaos - INFO - 找到节点 dupf04 对应的环境: 4_ssh_remote
2026-04-29 16:51:37 - chaos - INFO - 解析后的 pause 容器 ID: 284ada5d129c
2026-04-29 16:51:37 - chaos - INFO - 获取容器的 PID
2026-04-29 16:51:37 - chaos - INFO - 容器 ID: 284ada5d129c
2026-04-29 16:51:38 - chaos - INFO - 提取的容器 PID: 36520
2026-04-29 16:51:38 - chaos - INFO - 恢复网络故障：duplicate_dupf-upu-dupf04-12-9f7c79f99-hx45f_ns-dupf_1777452444
2026-04-29 16:51:38 - chaos - INFO - [DEBUG] 故障清理成功: duplicate_dupf-upu-dupf04-12-9f7c79f99-hx45f_ns-dupf_1777452444
2026-04-29 16:51:38 - chaos - INFO - 标记故障已恢复：duplicate_dupf-upu-dupf04-12-9f7c79f99-hx45f_ns-dupf_1777452444
2026-04-29 16:51:38 - chaos - INFO - 任务执行成功: UPU 数据包重复 (耗时: 254.20s)
2026-04-29 16:51:38 - chaos - INFO - 
================================================================================
                           Workflow Execution Report                            
================================================================================
Workflow ID    : upu_serial_network_duplicate_001
Workflow Name  : UPU 串行数据包重复工作流
Status         : SUCCESS
Start Time     : 2026-04-29 16:47:13
End Time       : 2026-04-29 16:51:38
Total Duration : 264.22s
Success Rate   : 100.00%
================================================================================

Task Results:
--------------------------------------------------------------------------------
  [SUCCESS ] UPU 数据包重复                      Duration: 254.20s  Group: N/A

================================================================================
Summary Statistics
================================================================================
Total Tasks    : 1
Success        : 1
Failed         : 0
Timeout        : 0
Skipped        : 0
================================================================================
2026-04-29 16:51:38 - chaos - INFO - ============================================================
2026-04-29 16:51:38 - chaos - INFO - 执行 workflow 级别的 auto_clear
2026-04-29 16:51:38 - chaos - INFO - ============================================================
2026-04-29 16:51:38 - chaos - INFO - 需要清理的环境: 1_ssh_remote
2026-04-29 16:51:38 - chaos - INFO - 清理环境 1_ssh_remote 的网络故障...
2026-04-29 16:51:38 - chaos - INFO - 获取 Pod 列表，namespace: ns-dupf, nodename: dupf01
2026-04-29 16:51:38 - chaos - INFO - 找到 19 个 Pod
2026-04-29 16:51:38 - chaos - INFO - 找到 19 个 pod
2026-04-29 16:51:38 - chaos - INFO - 清除 Pod dupf-db-operator-7c4b689ff9-8sjll 的网络故障
2026-04-29 16:51:38 - chaos - INFO - 命名空间: ns-dupf, 网络设备: eth0
2026-04-29 16:51:38 - chaos - INFO - 获取 Pod dupf-db-operator-7c4b689ff9-8sjll 的 pause 容器 ID
2026-04-29 16:51:38 - chaos - INFO - 解析后的 pause 容器 ID: a77a532556c8
2026-04-29 16:51:38 - chaos - INFO - 获取容器的 PID
2026-04-29 16:51:38 - chaos - INFO - 容器 ID: a77a532556c8
2026-04-29 16:51:38 - chaos - INFO - 提取的容器 PID: 32309
2026-04-29 16:51:38 - chaos - INFO - Pod dupf-db-operator-7c4b689ff9-8sjll 的网络故障清除成功
2026-04-29 16:51:38 - chaos - INFO - 清除 Pod dupf-ddb-shd-0-1 的网络故障
2026-04-29 16:51:38 - chaos - INFO - 命名空间: ns-dupf, 网络设备: eth0
2026-04-29 16:51:38 - chaos - INFO - 获取 Pod dupf-ddb-shd-0-1 的 pause 容器 ID
2026-04-29 16:51:38 - chaos - INFO - 解析后的 pause 容器 ID: 1f077a28fe53
2026-04-29 16:51:38 - chaos - INFO - 获取容器的 PID
2026-04-29 16:51:38 - chaos - INFO - 容器 ID: 1f077a28fe53
2026-04-29 16:51:39 - chaos - INFO - 提取的容器 PID: 17320
2026-04-29 16:51:39 - chaos - INFO - Pod dupf-ddb-shd-0-1 的网络故障清除成功
2026-04-29 16:51:39 - chaos - INFO - 清除 Pod dupf-ddb-shd-1-0 的网络故障
2026-04-29 16:51:39 - chaos - INFO - 命名空间: ns-dupf, 网络设备: eth0
2026-04-29 16:51:39 - chaos - INFO - 获取 Pod dupf-ddb-shd-1-0 的 pause 容器 ID
2026-04-29 16:51:39 - chaos - INFO - 解析后的 pause 容器 ID: d1d0fe54bc9a
2026-04-29 16:51:39 - chaos - INFO - 获取容器的 PID
2026-04-29 16:51:39 - chaos - INFO - 容器 ID: d1d0fe54bc9a
2026-04-29 16:51:39 - chaos - INFO - 提取的容器 PID: 17632
2026-04-29 16:51:39 - chaos - INFO - Pod dupf-ddb-shd-1-0 的网络故障清除成功
2026-04-29 16:51:39 - chaos - INFO - 清除 Pod dupf-ddb-shd-2-0 的网络故障
2026-04-29 16:51:39 - chaos - INFO - 命名空间: ns-dupf, 网络设备: eth0
2026-04-29 16:51:39 - chaos - INFO - 获取 Pod dupf-ddb-shd-2-0 的 pause 容器 ID
2026-04-29 16:51:39 - chaos - INFO - 解析后的 pause 容器 ID: 30f0f4bd58d1
2026-04-29 16:51:39 - chaos - INFO - 获取容器的 PID
2026-04-29 16:51:39 - chaos - INFO - 容器 ID: 30f0f4bd58d1
2026-04-29 16:51:39 - chaos - INFO - 提取的容器 PID: 17976
2026-04-29 16:51:39 - chaos - INFO - Pod dupf-ddb-shd-2-0 的网络故障清除成功
2026-04-29 16:51:39 - chaos - INFO - 清除 Pod dupf-etcd-2 的网络故障
2026-04-29 16:51:39 - chaos - INFO - 命名空间: ns-dupf, 网络设备: eth0
2026-04-29 16:51:39 - chaos - INFO - 获取 Pod dupf-etcd-2 的 pause 容器 ID
2026-04-29 16:51:39 - chaos - INFO - 解析后的 pause 容器 ID: c256bd69e3d6
2026-04-29 16:51:39 - chaos - INFO - 获取容器的 PID
2026-04-29 16:51:39 - chaos - INFO - 容器 ID: c256bd69e3d6
2026-04-29 16:51:39 - chaos - INFO - 提取的容器 PID: 13185
2026-04-29 16:51:40 - chaos - INFO - Pod dupf-etcd-2 的网络故障清除成功
2026-04-29 16:51:40 - chaos - INFO - 清除 Pod dupf-file-sync-8btfr 的网络故障
2026-04-29 16:51:40 - chaos - INFO - 命名空间: ns-dupf, 网络设备: eth0
2026-04-29 16:51:40 - chaos - INFO - 获取 Pod dupf-file-sync-8btfr 的 pause 容器 ID
2026-04-29 16:51:40 - chaos - INFO - 解析后的 pause 容器 ID: effa6e690919
2026-04-29 16:51:40 - chaos - INFO - 获取容器的 PID
2026-04-29 16:51:40 - chaos - INFO - 容器 ID: effa6e690919
2026-04-29 16:51:40 - chaos - INFO - 提取的容器 PID: 9422
2026-04-29 16:51:40 - chaos - INFO - Pod dupf-file-sync-8btfr 的网络故障清除成功
2026-04-29 16:51:40 - chaos - INFO - 清除 Pod dupf-log-monitor-65798c687f-slczc 的网络故障
2026-04-29 16:51:40 - chaos - INFO - 命名空间: ns-dupf, 网络设备: eth0
2026-04-29 16:51:40 - chaos - INFO - 获取 Pod dupf-log-monitor-65798c687f-slczc 的 pause 容器 ID
2026-04-29 16:51:40 - chaos - INFO - 解析后的 pause 容器 ID: 3674c56fec1b
2026-04-29 16:51:40 - chaos - INFO - 获取容器的 PID
2026-04-29 16:51:40 - chaos - INFO - 容器 ID: 3674c56fec1b
2026-04-29 16:51:40 - chaos - INFO - 提取的容器 PID: 44841
2026-04-29 16:51:40 - chaos - INFO - Pod dupf-log-monitor-65798c687f-slczc 的网络故障清除成功
2026-04-29 16:51:40 - chaos - INFO - 清除 Pod dupf-node-monitor-n76hh 的网络故障
2026-04-29 16:51:40 - chaos - INFO - 命名空间: ns-dupf, 网络设备: eth0
2026-04-29 16:51:40 - chaos - INFO - 获取 Pod dupf-node-monitor-n76hh 的 pause 容器 ID
2026-04-29 16:51:40 - chaos - INFO - 解析后的 pause 容器 ID: bf92c7b0747a
2026-04-29 16:51:40 - chaos - INFO - 获取容器的 PID
2026-04-29 16:51:40 - chaos - INFO - 容器 ID: bf92c7b0747a
2026-04-29 16:51:40 - chaos - INFO - 提取的容器 PID: 10841
2026-04-29 16:51:40 - chaos - INFO - Pod dupf-node-monitor-n76hh 的网络故障清除成功
2026-04-29 16:51:40 - chaos - INFO - 清除 Pod dupf-prometheus-795c67c9dc-lkhrq 的网络故障
2026-04-29 16:51:40 - chaos - INFO - 命名空间: ns-dupf, 网络设备: eth0
2026-04-29 16:51:40 - chaos - INFO - 获取 Pod dupf-prometheus-795c67c9dc-lkhrq 的 pause 容器 ID
2026-04-29 16:51:41 - chaos - INFO - 解析后的 pause 容器 ID: bde7aad54c3a
2026-04-29 16:51:41 - chaos - INFO - 获取容器的 PID
2026-04-29 16:51:41 - chaos - INFO - 容器 ID: bde7aad54c3a
2026-04-29 16:51:41 - chaos - INFO - 提取的容器 PID: 32812
2026-04-29 16:51:41 - chaos - INFO - Pod dupf-prometheus-795c67c9dc-lkhrq 的网络故障清除成功
2026-04-29 16:51:41 - chaos - INFO - 清除 Pod dupf-registry-center-1 的网络故障
2026-04-29 16:51:41 - chaos - INFO - 命名空间: ns-dupf, 网络设备: eth0
2026-04-29 16:51:41 - chaos - INFO - 获取 Pod dupf-registry-center-1 的 pause 容器 ID
2026-04-29 16:51:41 - chaos - INFO - 解析后的 pause 容器 ID: 649c663d5da2
2026-04-29 16:51:41 - chaos - INFO - 获取容器的 PID
2026-04-29 16:51:41 - chaos - INFO - 容器 ID: 649c663d5da2
2026-04-29 16:51:41 - chaos - INFO - 提取的容器 PID: 18202
2026-04-29 16:51:41 - chaos - INFO - Pod dupf-registry-center-1 的网络故障清除成功
2026-04-29 16:51:41 - chaos - INFO - 清除 Pod dupf-sdb-1 的网络故障
2026-04-29 16:51:41 - chaos - INFO - 命名空间: ns-dupf, 网络设备: eth0
2026-04-29 16:51:41 - chaos - INFO - 获取 Pod dupf-sdb-1 的 pause 容器 ID
2026-04-29 16:51:41 - chaos - INFO - 解析后的 pause 容器 ID: 12220ab7e7c1
2026-04-29 16:51:41 - chaos - INFO - 获取容器的 PID
2026-04-29 16:51:41 - chaos - INFO - 容器 ID: 12220ab7e7c1
2026-04-29 16:51:41 - chaos - INFO - 提取的容器 PID: 13278
2026-04-29 16:51:41 - chaos - INFO - Pod dupf-sdb-1 的网络故障清除成功
2026-04-29 16:51:41 - chaos - INFO - 清除 Pod dupf-sdb-sentinel-2 的网络故障
2026-04-29 16:51:41 - chaos - INFO - 命名空间: ns-dupf, 网络设备: eth0
2026-04-29 16:51:41 - chaos - INFO - 获取 Pod dupf-sdb-sentinel-2 的 pause 容器 ID
2026-04-29 16:51:42 - chaos - INFO - 解析后的 pause 容器 ID: 79305cc268c3
2026-04-29 16:51:42 - chaos - INFO - 获取容器的 PID
2026-04-29 16:51:42 - chaos - INFO - 容器 ID: 79305cc268c3
2026-04-29 16:51:42 - chaos - INFO - 提取的容器 PID: 18415
2026-04-29 16:51:42 - chaos - INFO - Pod dupf-sdb-sentinel-2 的网络故障清除成功
2026-04-29 16:51:42 - chaos - INFO - 清除 Pod dupf-sf-mq-proxy-2 的网络故障
2026-04-29 16:51:42 - chaos - INFO - 命名空间: ns-dupf, 网络设备: eth0
2026-04-29 16:51:42 - chaos - INFO - 获取 Pod dupf-sf-mq-proxy-2 的 pause 容器 ID
2026-04-29 16:51:42 - chaos - INFO - 解析后的 pause 容器 ID: fc327bacccc8
2026-04-29 16:51:42 - chaos - INFO - 获取容器的 PID
2026-04-29 16:51:42 - chaos - INFO - 容器 ID: fc327bacccc8
2026-04-29 16:51:42 - chaos - INFO - 提取的容器 PID: 17043
2026-04-29 16:51:42 - chaos - INFO - Pod dupf-sf-mq-proxy-2 的网络故障清除成功
2026-04-29 16:51:42 - chaos - INFO - 清除 Pod dupf-upc-76bbbd9fbb-2nsr2 的网络故障
2026-04-29 16:51:42 - chaos - INFO - 命名空间: ns-dupf, 网络设备: eth0
2026-04-29 16:51:42 - chaos - INFO - 获取 Pod dupf-upc-76bbbd9fbb-2nsr2 的 pause 容器 ID
2026-04-29 16:51:42 - chaos - INFO - 解析后的 pause 容器 ID: 43b3cb8acabe
2026-04-29 16:51:42 - chaos - INFO - 获取容器的 PID
2026-04-29 16:51:42 - chaos - INFO - 容器 ID: 43b3cb8acabe
2026-04-29 16:51:42 - chaos - INFO - 提取的容器 PID: 43328
2026-04-29 16:51:42 - chaos - INFO - Pod dupf-upc-76bbbd9fbb-2nsr2 的网络故障清除成功
2026-04-29 16:51:42 - chaos - INFO - 清除 Pod dupf-upc-76bbbd9fbb-rch45 的网络故障
2026-04-29 16:51:42 - chaos - INFO - 命名空间: ns-dupf, 网络设备: eth0
2026-04-29 16:51:42 - chaos - INFO - 获取 Pod dupf-upc-76bbbd9fbb-rch45 的 pause 容器 ID
2026-04-29 16:51:42 - chaos - INFO - 解析后的 pause 容器 ID: bdca3f3b803a
2026-04-29 16:51:42 - chaos - INFO - 获取容器的 PID
2026-04-29 16:51:42 - chaos - INFO - 容器 ID: bdca3f3b803a
2026-04-29 16:51:43 - chaos - INFO - 提取的容器 PID: 43277
2026-04-29 16:51:43 - chaos - INFO - Pod dupf-upc-76bbbd9fbb-rch45 的网络故障清除成功
2026-04-29 16:51:43 - chaos - INFO - 清除 Pod dupf-upc-lb-2-7cc697d97-6jtgx 的网络故障
2026-04-29 16:51:43 - chaos - INFO - 命名空间: ns-dupf, 网络设备: eth0
2026-04-29 16:51:43 - chaos - INFO - 获取 Pod dupf-upc-lb-2-7cc697d97-6jtgx 的 pause 容器 ID
2026-04-29 16:51:43 - chaos - INFO - 解析后的 pause 容器 ID: 32ccf53e8346
2026-04-29 16:51:43 - chaos - INFO - 获取容器的 PID
2026-04-29 16:51:43 - chaos - INFO - 容器 ID: 32ccf53e8346
2026-04-29 16:51:43 - chaos - INFO - 提取的容器 PID: 2404
2026-04-29 16:51:43 - chaos - INFO - Pod dupf-upc-lb-2-7cc697d97-6jtgx 的网络故障清除成功
2026-04-29 16:51:43 - chaos - INFO - 清除 Pod dupf-upu-dupf01-1-7c9b66cbbf-mnsvt 的网络故障
2026-04-29 16:51:43 - chaos - INFO - 命名空间: ns-dupf, 网络设备: eth0
2026-04-29 16:51:43 - chaos - INFO - 获取 Pod dupf-upu-dupf01-1-7c9b66cbbf-mnsvt 的 pause 容器 ID
2026-04-29 16:51:43 - chaos - INFO - 解析后的 pause 容器 ID: 4d63814c8878
2026-04-29 16:51:43 - chaos - INFO - 获取容器的 PID
2026-04-29 16:51:43 - chaos - INFO - 容器 ID: 4d63814c8878
2026-04-29 16:51:43 - chaos - INFO - 提取的容器 PID: 12635
2026-04-29 16:51:43 - chaos - INFO - Pod dupf-upu-dupf01-1-7c9b66cbbf-mnsvt 的网络故障清除成功
2026-04-29 16:51:43 - chaos - INFO - 清除 Pod dupf-upu-dupf01-2-8bf594484-nbrtv 的网络故障
2026-04-29 16:51:43 - chaos - INFO - 命名空间: ns-dupf, 网络设备: eth0
2026-04-29 16:51:43 - chaos - INFO - 获取 Pod dupf-upu-dupf01-2-8bf594484-nbrtv 的 pause 容器 ID
2026-04-29 16:51:43 - chaos - INFO - 解析后的 pause 容器 ID: 758e6d5a76cc
2026-04-29 16:51:43 - chaos - INFO - 获取容器的 PID
2026-04-29 16:51:43 - chaos - INFO - 容器 ID: 758e6d5a76cc
2026-04-29 16:51:43 - chaos - INFO - 提取的容器 PID: 35321
2026-04-29 16:51:43 - chaos - INFO - Pod dupf-upu-dupf01-2-8bf594484-nbrtv 的网络故障清除成功
2026-04-29 16:51:43 - chaos - INFO - 清除 Pod dupf-upu-dupf01-3-5bc77f6459-thnr2 的网络故障
2026-04-29 16:51:43 - chaos - INFO - 命名空间: ns-dupf, 网络设备: eth0
2026-04-29 16:51:43 - chaos - INFO - 获取 Pod dupf-upu-dupf01-3-5bc77f6459-thnr2 的 pause 容器 ID
2026-04-29 16:51:44 - chaos - INFO - 解析后的 pause 容器 ID: 92e012c3f123
2026-04-29 16:51:44 - chaos - INFO - 获取容器的 PID
2026-04-29 16:51:44 - chaos - INFO - 容器 ID: 92e012c3f123
2026-04-29 16:51:44 - chaos - INFO - 提取的容器 PID: 12643
2026-04-29 16:51:44 - chaos - INFO - Pod dupf-upu-dupf01-3-5bc77f6459-thnr2 的网络故障清除成功
2026-04-29 16:51:44 - chaos - INFO - 环境 1_ssh_remote 网络故障清除完成：成功 19, 失败 0
2026-04-29 16:51:44 - chaos - INFO - ============================================================
2026-04-29 16:51:44 - chaos - INFO - workflow 级别的 auto_clear 完成
2026-04-29 16:51:44 - chaos - INFO - ============================================================
2026-04-29 16:51:44 - chaos - INFO - 
================================================================================
2026-04-29 16:51:44 - chaos - INFO - 执行workflow: cases/upu/upu/workflow_serial_kill_upu.yaml
2026-04-29 16:51:44 - chaos - INFO - ================================================================================
2026-04-29 16:51:44 - chaos - INFO - Successfully parsed workflow: upu_serial_process_kill_001
2026-04-29 16:51:44 - chaos - INFO - ============================================================
2026-04-29 16:51:44 - chaos - INFO - 开始执行工作流: UPU 串行进程杀除工作流
2026-04-29 16:51:44 - chaos - INFO - 工作流 ID: upu_serial_process_kill_001
2026-04-29 16:51:44 - chaos - INFO - 执行模式: serial
2026-04-29 16:51:44 - chaos - INFO - ============================================================
2026-04-29 16:51:44 - chaos - INFO - 启动延迟 10.0s
2026-04-29 16:51:54 - chaos - INFO - 执行计划: 共 1 层
2026-04-29 16:51:54 - chaos - INFO - 
============================================================
2026-04-29 16:51:54 - chaos - INFO - 执行第 1/1 层，共 1 个任务
2026-04-29 16:51:54 - chaos - INFO - ============================================================
2026-04-29 16:51:54 - chaos - INFO - [DEBUG] 开始执行任务: UPU 进程杀除 (kill_upu)
2026-04-29 16:51:54 - chaos - INFO - [DEBUG] 任务类型: process, 故障类型: kill
2026-04-29 16:51:54 - chaos - INFO - [DEBUG] 目标: Pod: upu
2026-04-29 16:51:54 - chaos - INFO - [DEBUG] Duration: 240s, Loop: 1
2026-04-29 16:51:54 - chaos - INFO - [DEBUG] 任务超时时间: 300.0s
2026-04-29 16:51:54 - chaos - INFO - [DEBUG] ========== 开始执行 Case ==========
2026-04-29 16:51:54 - chaos - INFO - [DEBUG] Case名称: upu_kill
2026-04-29 16:51:54 - chaos - INFO - [DEBUG] Case类型: process
2026-04-29 16:51:54 - chaos - INFO - [DEBUG] 故障类型: kill
2026-04-29 16:51:54 - chaos - INFO - [DEBUG] 环境: 1_ssh_remote
2026-04-29 16:51:54 - chaos - INFO - [DEBUG] 执行 Case 迭代 1/1
2026-04-29 16:51:54 - chaos - INFO - [DEBUG] 开始获取目标列表...
2026-04-29 16:51:54 - chaos.utils.remote - INFO - 连接 root@10.230.246.167:50163 不可用，需要重连
2026-04-29 16:51:54 - chaos.utils.remote - INFO - 尝试重连: root@10.230.246.167:50163
2026-04-29 16:51:54 - chaos.utils.remote - INFO - SSH连接建立成功: 10.230.246.167:50163, 耗时: 0.10s
2026-04-29 16:51:54 - chaos.utils.remote - INFO - 重连成功: root@10.230.246.167:50163
2026-04-29 16:51:54 - chaos - INFO - 根据名称匹配规则获取 Pod，pattern: upu, namespace: ns-dupf
2026-04-29 16:51:56 - chaos - INFO - 找到包含匹配的 Pod: dupf-upu-dupf01-1-7c9b66cbbf-mnsvt
2026-04-29 16:51:56 - chaos - INFO - 找到包含匹配的 Pod: dupf-upu-dupf01-2-8bf594484-nbrtv
2026-04-29 16:51:56 - chaos - INFO - 找到包含匹配的 Pod: dupf-upu-dupf01-3-5bc77f6459-thnr2
2026-04-29 16:51:56 - chaos - INFO - 找到包含匹配的 Pod: dupf-upu-dupf02-4-f694656fc-g9pcc
2026-04-29 16:51:56 - chaos - INFO - 找到包含匹配的 Pod: dupf-upu-dupf02-5-58475bdc49-wnctf
2026-04-29 16:51:56 - chaos - INFO - 找到包含匹配的 Pod: dupf-upu-dupf02-6-656bcb64c8-j2hf6
2026-04-29 16:51:56 - chaos - INFO - 找到包含匹配的 Pod: dupf-upu-dupf03-7-5d67cd95dc-m28vl
2026-04-29 16:51:56 - chaos - INFO - 找到包含匹配的 Pod: dupf-upu-dupf03-8-9695c974c-ttdqv
2026-04-29 16:51:56 - chaos - INFO - 找到包含匹配的 Pod: dupf-upu-dupf03-9-65876966d9-7n4jr
2026-04-29 16:51:56 - chaos - INFO - 找到包含匹配的 Pod: dupf-upu-dupf04-10-74f57567d9-2fnv7
2026-04-29 16:51:56 - chaos - INFO - 找到包含匹配的 Pod: dupf-upu-dupf04-11-849cf77d64-wdzsz
2026-04-29 16:51:56 - chaos - INFO - 找到包含匹配的 Pod: dupf-upu-dupf04-12-9f7c79f99-hx45f
2026-04-29 16:51:56 - chaos - INFO - 找到 12 个匹配的 Pod
2026-04-29 16:51:56 - chaos - INFO - 随机选择 Pod: dupf-upu-dupf02-6-656bcb64c8-j2hf6
2026-04-29 16:51:56 - chaos - INFO - [DEBUG] 找到 1 个目标
2026-04-29 16:51:56 - chaos - INFO - [DEBUG] ---------- 处理目标 1/1 ----------
2026-04-29 16:51:56 - chaos - INFO - [DEBUG] 目标名称: dupf-upu-dupf02-6-656bcb64c8-j2hf6
2026-04-29 16:51:56 - chaos - INFO - [DEBUG] 目标节点: None
2026-04-29 16:51:56 - chaos - INFO - [DEBUG] 创建故障注入器...
2026-04-29 16:51:56 - chaos - INFO - [DEBUG] 准备注入故障...
2026-04-29 16:51:56 - chaos - INFO - [DEBUG] 注入参数: {'fault_type': 'kill', 'main_process_pid': 1, 'signal': 15}
2026-04-29 16:51:56 - chaos - INFO - Kill 进程: Pod=dupf-upu-dupf02-6-656bcb64c8-j2hf6, Namespace=ns-dupf, Signal=15, PID=1
2026-04-29 16:51:56 - chaos - INFO - 进程 kill 成功: Signal=15, PID=1
2026-04-29 16:51:56 - chaos - INFO - [DEBUG] 故障注入成功
2026-04-29 16:51:56 - chaos - INFO - [DEBUG] 故障ID: process_kill_dupf-upu-dupf02-6-656bcb64c8-j2hf6_ns-dupf_15_1_1777452716
2026-04-29 16:51:56 - chaos - INFO - 记录故障：process_kill_dupf-upu-dupf02-6-656bcb64c8-j2hf6_ns-dupf_15_1_1777452716
2026-04-29 16:51:56 - chaos - INFO - [DEBUG] 开始等待 duration: 240s (240.0秒)
2026-04-29 16:56:08 - chaos - INFO - [DEBUG] duration 等待完成
2026-04-29 16:56:08 - chaos - INFO - [DEBUG] 开始清理故障: process_kill_dupf-upu-dupf02-6-656bcb64c8-j2hf6_ns-dupf_15_1_1777452716
2026-04-29 16:56:08 - chaos - INFO - 进程故障自动恢复（进程守护自动拉起）: process_kill_dupf-upu-dupf02-6-656bcb64c8-j2hf6_ns-dupf_15_1_1777452716
2026-04-29 16:56:08 - chaos - INFO - [DEBUG] 故障清理成功: process_kill_dupf-upu-dupf02-6-656bcb64c8-j2hf6_ns-dupf_15_1_1777452716
2026-04-29 16:56:08 - chaos - INFO - 标记故障已恢复：process_kill_dupf-upu-dupf02-6-656bcb64c8-j2hf6_ns-dupf_15_1_1777452716
2026-04-29 16:56:08 - chaos - INFO - 任务执行成功: UPU 进程杀除 (耗时: 254.51s)
2026-04-29 16:56:08 - chaos - INFO - 
================================================================================
                           Workflow Execution Report                            
================================================================================
Workflow ID    : upu_serial_process_kill_001
Workflow Name  : UPU 串行进程杀除工作流
Status         : SUCCESS
Start Time     : 2026-04-29 16:51:44
End Time       : 2026-04-29 16:56:08
Total Duration : 264.53s
Success Rate   : 100.00%
================================================================================

Task Results:
--------------------------------------------------------------------------------
  [SUCCESS ] UPU 进程杀除                       Duration: 254.51s  Group: N/A

================================================================================
Summary Statistics
================================================================================
Total Tasks    : 1
Success        : 1
Failed         : 0
Timeout        : 0
Skipped        : 0
================================================================================
2026-04-29 16:56:08 - chaos - INFO - 
================================================================================
2026-04-29 16:56:08 - chaos - INFO - 执行workflow: cases/upu/upu/workflow_serial_loss_upu.yaml
2026-04-29 16:56:08 - chaos - INFO - ================================================================================
2026-04-29 16:56:08 - chaos - INFO - Successfully parsed workflow: upu_serial_network_loss_001
2026-04-29 16:56:08 - chaos - INFO - ============================================================
2026-04-29 16:56:08 - chaos - INFO - 开始执行工作流: UPU 串行网络丢包工作流
2026-04-29 16:56:08 - chaos - INFO - 工作流 ID: upu_serial_network_loss_001
2026-04-29 16:56:08 - chaos - INFO - 执行模式: serial
2026-04-29 16:56:08 - chaos - INFO - ============================================================
2026-04-29 16:56:08 - chaos - INFO - 启动延迟 10.0s
2026-04-29 16:56:18 - chaos - INFO - 执行计划: 共 1 层
2026-04-29 16:56:18 - chaos - INFO - 
============================================================
2026-04-29 16:56:18 - chaos - INFO - 执行第 1/1 层，共 1 个任务
2026-04-29 16:56:18 - chaos - INFO - ============================================================
2026-04-29 16:56:18 - chaos - INFO - [DEBUG] 开始执行任务: UPU 网络丢包 (loss_upu)
2026-04-29 16:56:18 - chaos - INFO - [DEBUG] 任务类型: network, 故障类型: loss
2026-04-29 16:56:18 - chaos - INFO - [DEBUG] 目标: Pod: upu
2026-04-29 16:56:18 - chaos - INFO - [DEBUG] Duration: 240s, Loop: 1
2026-04-29 16:56:18 - chaos - INFO - [DEBUG] 任务超时时间: 300.0s
2026-04-29 16:56:18 - chaos - INFO - [DEBUG] ========== 开始执行 Case ==========
2026-04-29 16:56:18 - chaos - INFO - [DEBUG] Case名称: upu_loss
2026-04-29 16:56:18 - chaos - INFO - [DEBUG] Case类型: network
2026-04-29 16:56:18 - chaos - INFO - [DEBUG] 故障类型: loss
2026-04-29 16:56:18 - chaos - INFO - [DEBUG] 环境: 1_ssh_remote
2026-04-29 16:56:18 - chaos - INFO - [DEBUG] 执行 Case 迭代 1/1
2026-04-29 16:56:18 - chaos - INFO - [DEBUG] 开始获取目标列表...
2026-04-29 16:56:18 - chaos - INFO - 根据名称匹配规则获取 Pod，pattern: upu, namespace: ns-dupf
2026-04-29 16:56:19 - chaos - INFO - 找到包含匹配的 Pod: dupf-upu-dupf01-1-7c9b66cbbf-mnsvt
2026-04-29 16:56:19 - chaos - INFO - 找到包含匹配的 Pod: dupf-upu-dupf01-2-8bf594484-nbrtv
2026-04-29 16:56:19 - chaos - INFO - 找到包含匹配的 Pod: dupf-upu-dupf01-3-5bc77f6459-thnr2
2026-04-29 16:56:19 - chaos - INFO - 找到包含匹配的 Pod: dupf-upu-dupf02-4-f694656fc-g9pcc
2026-04-29 16:56:19 - chaos - INFO - 找到包含匹配的 Pod: dupf-upu-dupf02-5-58475bdc49-wnctf
2026-04-29 16:56:19 - chaos - INFO - 找到包含匹配的 Pod: dupf-upu-dupf02-6-656bcb64c8-j2hf6
2026-04-29 16:56:19 - chaos - INFO - 找到包含匹配的 Pod: dupf-upu-dupf03-7-5d67cd95dc-m28vl
2026-04-29 16:56:19 - chaos - INFO - 找到包含匹配的 Pod: dupf-upu-dupf03-8-9695c974c-ttdqv
2026-04-29 16:56:19 - chaos - INFO - 找到包含匹配的 Pod: dupf-upu-dupf03-9-65876966d9-7n4jr
2026-04-29 16:56:19 - chaos - INFO - 找到包含匹配的 Pod: dupf-upu-dupf04-10-74f57567d9-2fnv7
2026-04-29 16:56:19 - chaos - INFO - 找到包含匹配的 Pod: dupf-upu-dupf04-11-849cf77d64-wdzsz
2026-04-29 16:56:19 - chaos - INFO - 找到包含匹配的 Pod: dupf-upu-dupf04-12-9f7c79f99-hx45f
2026-04-29 16:56:19 - chaos - INFO - 找到 12 个匹配的 Pod
2026-04-29 16:56:19 - chaos - INFO - 随机选择 Pod: dupf-upu-dupf04-10-74f57567d9-2fnv7
2026-04-29 16:56:19 - chaos - INFO - [DEBUG] 找到 1 个目标
2026-04-29 16:56:19 - chaos - INFO - [DEBUG] ---------- 处理目标 1/1 ----------
2026-04-29 16:56:19 - chaos - INFO - [DEBUG] 目标名称: dupf-upu-dupf04-10-74f57567d9-2fnv7
2026-04-29 16:56:19 - chaos - INFO - [DEBUG] 目标节点: None
2026-04-29 16:56:19 - chaos - INFO - [DEBUG] 创建故障注入器...
2026-04-29 16:56:19 - chaos - INFO - [DEBUG] 准备注入故障...
2026-04-29 16:56:19 - chaos - INFO - [DEBUG] 注入参数: {'fault_type': 'loss', 'correlation': ['30%', '90%'], 'percent': ['10%', '90%']}
2026-04-29 16:56:19 - chaos - INFO - 获取 Pod dupf-upu-dupf04-10-74f57567d9-2fnv7 的 pause 容器 ID
2026-04-29 16:56:19 - chaos - INFO - 获取 Pod dupf-upu-dupf04-10-74f57567d9-2fnv7 所在的节点，namespace: ns-dupf
2026-04-29 16:56:19 - chaos - INFO - Pod dupf-upu-dupf04-10-74f57567d9-2fnv7 运行在节点 dupf04
2026-04-29 16:56:19 - chaos - INFO - Pod dupf-upu-dupf04-10-74f57567d9-2fnv7 运行在节点 dupf04
2026-04-29 16:56:19 - chaos - INFO - 找到节点 dupf04 对应的环境: 4_ssh_remote
2026-04-29 16:56:19 - chaos - INFO - 解析后的 pause 容器 ID: 6827058d7f15
2026-04-29 16:56:19 - chaos - INFO - 获取容器的 PID
2026-04-29 16:56:19 - chaos - INFO - 容器 ID: 6827058d7f15
2026-04-29 16:56:19 - chaos - INFO - 提取的容器 PID: 8902
2026-04-29 16:56:19 - chaos - INFO - 为 Pod dupf-upu-dupf04-10-74f57567d9-2fnv7 注入网络丢包
2026-04-29 16:56:19 - chaos - INFO - 丢包模型: random
2026-04-29 16:56:19 - chaos - INFO - 丢包参数: {'percent': '13%'}
2026-04-29 16:56:19 - chaos - INFO - ECN: False
2026-04-29 16:56:19 - chaos - INFO - tc 命令: tc qdisc add dev eth0 root netem loss random 13%
2026-04-29 16:56:19 - chaos - INFO - 网络丢包注入成功
2026-04-29 16:56:19 - chaos - INFO - [DEBUG] 故障注入成功
2026-04-29 16:56:19 - chaos - INFO - [DEBUG] 故障ID: loss_dupf-upu-dupf04-10-74f57567d9-2fnv7_ns-dupf_1777452979
2026-04-29 16:56:19 - chaos - INFO - 记录故障：loss_dupf-upu-dupf04-10-74f57567d9-2fnv7_ns-dupf_1777452979
2026-04-29 16:56:19 - chaos - INFO - [DEBUG] 开始等待 duration: 240s (240.0秒)
2026-04-29 17:00:30 - chaos - INFO - [DEBUG] duration 等待完成
2026-04-29 17:00:30 - chaos - INFO - [DEBUG] 开始清理故障: loss_dupf-upu-dupf04-10-74f57567d9-2fnv7_ns-dupf_1777452979
2026-04-29 17:00:30 - chaos - INFO - 获取 Pod dupf-upu-dupf04-10-74f57567d9-2fnv7 的 pause 容器 ID
2026-04-29 17:00:30 - chaos - INFO - 获取 Pod dupf-upu-dupf04-10-74f57567d9-2fnv7 所在的节点，namespace: ns-dupf
2026-04-29 17:00:31 - chaos - INFO - Pod dupf-upu-dupf04-10-74f57567d9-2fnv7 运行在节点 dupf04
2026-04-29 17:00:31 - chaos - INFO - Pod dupf-upu-dupf04-10-74f57567d9-2fnv7 运行在节点 dupf04
2026-04-29 17:00:31 - chaos - INFO - 找到节点 dupf04 对应的环境: 4_ssh_remote
2026-04-29 17:00:31 - chaos - INFO - 解析后的 pause 容器 ID: 6827058d7f15
2026-04-29 17:00:31 - chaos - INFO - 获取容器的 PID
2026-04-29 17:00:31 - chaos - INFO - 容器 ID: 6827058d7f15
2026-04-29 17:00:31 - chaos - INFO - 提取的容器 PID: 8902
2026-04-29 17:00:31 - chaos - INFO - 恢复网络故障：loss_dupf-upu-dupf04-10-74f57567d9-2fnv7_ns-dupf_1777452979
2026-04-29 17:00:31 - chaos - INFO - [DEBUG] 故障清理成功: loss_dupf-upu-dupf04-10-74f57567d9-2fnv7_ns-dupf_1777452979
2026-04-29 17:00:31 - chaos - INFO - 标记故障已恢复：loss_dupf-upu-dupf04-10-74f57567d9-2fnv7_ns-dupf_1777452979
2026-04-29 17:00:31 - chaos - INFO - 任务执行成功: UPU 网络丢包 (耗时: 252.50s)
2026-04-29 17:00:31 - chaos - INFO - 
================================================================================
                           Workflow Execution Report                            
================================================================================
Workflow ID    : upu_serial_network_loss_001
Workflow Name  : UPU 串行网络丢包工作流
Status         : SUCCESS
Start Time     : 2026-04-29 16:56:08
End Time       : 2026-04-29 17:00:31
Total Duration : 262.52s
Success Rate   : 100.00%
================================================================================

Task Results:
--------------------------------------------------------------------------------
  [SUCCESS ] UPU 网络丢包                       Duration: 252.50s  Group: N/A

================================================================================
Summary Statistics
================================================================================
Total Tasks    : 1
Success        : 1
Failed         : 0
Timeout        : 0
Skipped        : 0
================================================================================
2026-04-29 17:00:31 - chaos - INFO - ============================================================
2026-04-29 17:00:31 - chaos - INFO - 执行 workflow 级别的 auto_clear
2026-04-29 17:00:31 - chaos - INFO - ============================================================
2026-04-29 17:00:31 - chaos - INFO - 需要清理的环境: 1_ssh_remote
2026-04-29 17:00:31 - chaos - INFO - 清理环境 1_ssh_remote 的网络故障...
2026-04-29 17:00:31 - chaos - INFO - 获取 Pod 列表，namespace: ns-dupf, nodename: dupf01
2026-04-29 17:00:31 - chaos - INFO - 找到 19 个 Pod
2026-04-29 17:00:31 - chaos - INFO - 找到 19 个 pod
2026-04-29 17:00:31 - chaos - INFO - 清除 Pod dupf-db-operator-7c4b689ff9-8sjll 的网络故障
2026-04-29 17:00:31 - chaos - INFO - 命名空间: ns-dupf, 网络设备: eth0
2026-04-29 17:00:31 - chaos - INFO - 获取 Pod dupf-db-operator-7c4b689ff9-8sjll 的 pause 容器 ID
2026-04-29 17:00:31 - chaos - INFO - 解析后的 pause 容器 ID: a77a532556c8
2026-04-29 17:00:31 - chaos - INFO - 获取容器的 PID
2026-04-29 17:00:31 - chaos - INFO - 容器 ID: a77a532556c8
2026-04-29 17:00:31 - chaos - INFO - 提取的容器 PID: 32309
2026-04-29 17:00:32 - chaos - INFO - Pod dupf-db-operator-7c4b689ff9-8sjll 的网络故障清除成功
2026-04-29 17:00:32 - chaos - INFO - 清除 Pod dupf-ddb-shd-0-1 的网络故障
2026-04-29 17:00:32 - chaos - INFO - 命名空间: ns-dupf, 网络设备: eth0
2026-04-29 17:00:32 - chaos - INFO - 获取 Pod dupf-ddb-shd-0-1 的 pause 容器 ID
2026-04-29 17:00:32 - chaos - INFO - 解析后的 pause 容器 ID: 1f077a28fe53
2026-04-29 17:00:32 - chaos - INFO - 获取容器的 PID
2026-04-29 17:00:32 - chaos - INFO - 容器 ID: 1f077a28fe53
2026-04-29 17:00:32 - chaos - INFO - 提取的容器 PID: 17320
2026-04-29 17:00:32 - chaos - INFO - Pod dupf-ddb-shd-0-1 的网络故障清除成功
2026-04-29 17:00:32 - chaos - INFO - 清除 Pod dupf-ddb-shd-1-0 的网络故障
2026-04-29 17:00:32 - chaos - INFO - 命名空间: ns-dupf, 网络设备: eth0
2026-04-29 17:00:32 - chaos - INFO - 获取 Pod dupf-ddb-shd-1-0 的 pause 容器 ID
2026-04-29 17:00:32 - chaos - INFO - 解析后的 pause 容器 ID: d1d0fe54bc9a
2026-04-29 17:00:32 - chaos - INFO - 获取容器的 PID
2026-04-29 17:00:32 - chaos - INFO - 容器 ID: d1d0fe54bc9a
2026-04-29 17:00:32 - chaos - INFO - 提取的容器 PID: 17632
2026-04-29 17:00:32 - chaos - INFO - Pod dupf-ddb-shd-1-0 的网络故障清除成功
2026-04-29 17:00:32 - chaos - INFO - 清除 Pod dupf-ddb-shd-2-0 的网络故障
2026-04-29 17:00:32 - chaos - INFO - 命名空间: ns-dupf, 网络设备: eth0
2026-04-29 17:00:32 - chaos - INFO - 获取 Pod dupf-ddb-shd-2-0 的 pause 容器 ID
2026-04-29 17:00:32 - chaos - INFO - 解析后的 pause 容器 ID: 30f0f4bd58d1
2026-04-29 17:00:32 - chaos - INFO - 获取容器的 PID
2026-04-29 17:00:32 - chaos - INFO - 容器 ID: 30f0f4bd58d1
2026-04-29 17:00:32 - chaos - INFO - 提取的容器 PID: 17976
2026-04-29 17:00:32 - chaos - INFO - Pod dupf-ddb-shd-2-0 的网络故障清除成功
2026-04-29 17:00:32 - chaos - INFO - 清除 Pod dupf-etcd-2 的网络故障
2026-04-29 17:00:32 - chaos - INFO - 命名空间: ns-dupf, 网络设备: eth0
2026-04-29 17:00:32 - chaos - INFO - 获取 Pod dupf-etcd-2 的 pause 容器 ID
2026-04-29 17:00:33 - chaos - INFO - 解析后的 pause 容器 ID: c256bd69e3d6
2026-04-29 17:00:33 - chaos - INFO - 获取容器的 PID
2026-04-29 17:00:33 - chaos - INFO - 容器 ID: c256bd69e3d6
2026-04-29 17:00:33 - chaos - INFO - 提取的容器 PID: 13185
2026-04-29 17:00:33 - chaos - INFO - Pod dupf-etcd-2 的网络故障清除成功
2026-04-29 17:00:33 - chaos - INFO - 清除 Pod dupf-file-sync-8btfr 的网络故障
2026-04-29 17:00:33 - chaos - INFO - 命名空间: ns-dupf, 网络设备: eth0
2026-04-29 17:00:33 - chaos - INFO - 获取 Pod dupf-file-sync-8btfr 的 pause 容器 ID
2026-04-29 17:00:33 - chaos - INFO - 解析后的 pause 容器 ID: effa6e690919
2026-04-29 17:00:33 - chaos - INFO - 获取容器的 PID
2026-04-29 17:00:33 - chaos - INFO - 容器 ID: effa6e690919
2026-04-29 17:00:33 - chaos - INFO - 提取的容器 PID: 9422
2026-04-29 17:00:33 - chaos - INFO - Pod dupf-file-sync-8btfr 的网络故障清除成功
2026-04-29 17:00:33 - chaos - INFO - 清除 Pod dupf-log-monitor-65798c687f-slczc 的网络故障
2026-04-29 17:00:33 - chaos - INFO - 命名空间: ns-dupf, 网络设备: eth0
2026-04-29 17:00:33 - chaos - INFO - 获取 Pod dupf-log-monitor-65798c687f-slczc 的 pause 容器 ID
2026-04-29 17:00:33 - chaos - INFO - 解析后的 pause 容器 ID: 3674c56fec1b
2026-04-29 17:00:33 - chaos - INFO - 获取容器的 PID
2026-04-29 17:00:33 - chaos - INFO - 容器 ID: 3674c56fec1b
2026-04-29 17:00:33 - chaos - INFO - 提取的容器 PID: 44841
2026-04-29 17:00:33 - chaos - INFO - Pod dupf-log-monitor-65798c687f-slczc 的网络故障清除成功
2026-04-29 17:00:33 - chaos - INFO - 清除 Pod dupf-node-monitor-n76hh 的网络故障
2026-04-29 17:00:33 - chaos - INFO - 命名空间: ns-dupf, 网络设备: eth0
2026-04-29 17:00:33 - chaos - INFO - 获取 Pod dupf-node-monitor-n76hh 的 pause 容器 ID
2026-04-29 17:00:33 - chaos - INFO - 解析后的 pause 容器 ID: bf92c7b0747a
2026-04-29 17:00:33 - chaos - INFO - 获取容器的 PID
2026-04-29 17:00:33 - chaos - INFO - 容器 ID: bf92c7b0747a
2026-04-29 17:00:34 - chaos - INFO - 提取的容器 PID: 10841
2026-04-29 17:00:34 - chaos - INFO - Pod dupf-node-monitor-n76hh 的网络故障清除成功
2026-04-29 17:00:34 - chaos - INFO - 清除 Pod dupf-prometheus-795c67c9dc-lkhrq 的网络故障
2026-04-29 17:00:34 - chaos - INFO - 命名空间: ns-dupf, 网络设备: eth0
2026-04-29 17:00:34 - chaos - INFO - 获取 Pod dupf-prometheus-795c67c9dc-lkhrq 的 pause 容器 ID
2026-04-29 17:00:34 - chaos - INFO - 解析后的 pause 容器 ID: bde7aad54c3a
2026-04-29 17:00:34 - chaos - INFO - 获取容器的 PID
2026-04-29 17:00:34 - chaos - INFO - 容器 ID: bde7aad54c3a
2026-04-29 17:00:34 - chaos - INFO - 提取的容器 PID: 32812
2026-04-29 17:00:34 - chaos - INFO - Pod dupf-prometheus-795c67c9dc-lkhrq 的网络故障清除成功
2026-04-29 17:00:34 - chaos - INFO - 清除 Pod dupf-registry-center-1 的网络故障
2026-04-29 17:00:34 - chaos - INFO - 命名空间: ns-dupf, 网络设备: eth0
2026-04-29 17:00:34 - chaos - INFO - 获取 Pod dupf-registry-center-1 的 pause 容器 ID
2026-04-29 17:00:34 - chaos - INFO - 解析后的 pause 容器 ID: 649c663d5da2
2026-04-29 17:00:34 - chaos - INFO - 获取容器的 PID
2026-04-29 17:00:34 - chaos - INFO - 容器 ID: 649c663d5da2
2026-04-29 17:00:34 - chaos - INFO - 提取的容器 PID: 18202
2026-04-29 17:00:34 - chaos - INFO - Pod dupf-registry-center-1 的网络故障清除成功
2026-04-29 17:00:34 - chaos - INFO - 清除 Pod dupf-sdb-1 的网络故障
2026-04-29 17:00:34 - chaos - INFO - 命名空间: ns-dupf, 网络设备: eth0
2026-04-29 17:00:34 - chaos - INFO - 获取 Pod dupf-sdb-1 的 pause 容器 ID
2026-04-29 17:00:34 - chaos - INFO - 解析后的 pause 容器 ID: 12220ab7e7c1
2026-04-29 17:00:34 - chaos - INFO - 获取容器的 PID
2026-04-29 17:00:34 - chaos - INFO - 容器 ID: 12220ab7e7c1
2026-04-29 17:00:34 - chaos - INFO - 提取的容器 PID: 13278
2026-04-29 17:00:35 - chaos - INFO - Pod dupf-sdb-1 的网络故障清除成功
2026-04-29 17:00:35 - chaos - INFO - 清除 Pod dupf-sdb-sentinel-2 的网络故障
2026-04-29 17:00:35 - chaos - INFO - 命名空间: ns-dupf, 网络设备: eth0
2026-04-29 17:00:35 - chaos - INFO - 获取 Pod dupf-sdb-sentinel-2 的 pause 容器 ID
2026-04-29 17:00:35 - chaos - INFO - 解析后的 pause 容器 ID: 79305cc268c3
2026-04-29 17:00:35 - chaos - INFO - 获取容器的 PID
2026-04-29 17:00:35 - chaos - INFO - 容器 ID: 79305cc268c3
2026-04-29 17:00:35 - chaos - INFO - 提取的容器 PID: 18415
2026-04-29 17:00:35 - chaos - INFO - Pod dupf-sdb-sentinel-2 的网络故障清除成功
2026-04-29 17:00:35 - chaos - INFO - 清除 Pod dupf-sf-mq-proxy-2 的网络故障
2026-04-29 17:00:35 - chaos - INFO - 命名空间: ns-dupf, 网络设备: eth0
2026-04-29 17:00:35 - chaos - INFO - 获取 Pod dupf-sf-mq-proxy-2 的 pause 容器 ID
2026-04-29 17:00:35 - chaos - INFO - 解析后的 pause 容器 ID: fc327bacccc8
2026-04-29 17:00:35 - chaos - INFO - 获取容器的 PID
2026-04-29 17:00:35 - chaos - INFO - 容器 ID: fc327bacccc8
2026-04-29 17:00:35 - chaos - INFO - 提取的容器 PID: 17043
2026-04-29 17:00:35 - chaos - INFO - Pod dupf-sf-mq-proxy-2 的网络故障清除成功
2026-04-29 17:00:35 - chaos - INFO - 清除 Pod dupf-upc-76bbbd9fbb-2nsr2 的网络故障
2026-04-29 17:00:35 - chaos - INFO - 命名空间: ns-dupf, 网络设备: eth0
2026-04-29 17:00:35 - chaos - INFO - 获取 Pod dupf-upc-76bbbd9fbb-2nsr2 的 pause 容器 ID
2026-04-29 17:00:35 - chaos - INFO - 解析后的 pause 容器 ID: 43b3cb8acabe
2026-04-29 17:00:35 - chaos - INFO - 获取容器的 PID
2026-04-29 17:00:35 - chaos - INFO - 容器 ID: 43b3cb8acabe
2026-04-29 17:00:35 - chaos - INFO - 提取的容器 PID: 43328
2026-04-29 17:00:35 - chaos - INFO - Pod dupf-upc-76bbbd9fbb-2nsr2 的网络故障清除成功
2026-04-29 17:00:35 - chaos - INFO - 清除 Pod dupf-upc-76bbbd9fbb-rch45 的网络故障
2026-04-29 17:00:35 - chaos - INFO - 命名空间: ns-dupf, 网络设备: eth0
2026-04-29 17:00:35 - chaos - INFO - 获取 Pod dupf-upc-76bbbd9fbb-rch45 的 pause 容器 ID
2026-04-29 17:00:36 - chaos - INFO - 解析后的 pause 容器 ID: bdca3f3b803a
2026-04-29 17:00:36 - chaos - INFO - 获取容器的 PID
2026-04-29 17:00:36 - chaos - INFO - 容器 ID: bdca3f3b803a
2026-04-29 17:00:36 - chaos - INFO - 提取的容器 PID: 43277
2026-04-29 17:00:36 - chaos - INFO - Pod dupf-upc-76bbbd9fbb-rch45 的网络故障清除成功
2026-04-29 17:00:36 - chaos - INFO - 清除 Pod dupf-upc-lb-2-7cc697d97-6jtgx 的网络故障
2026-04-29 17:00:36 - chaos - INFO - 命名空间: ns-dupf, 网络设备: eth0
2026-04-29 17:00:36 - chaos - INFO - 获取 Pod dupf-upc-lb-2-7cc697d97-6jtgx 的 pause 容器 ID
2026-04-29 17:00:36 - chaos - INFO - 解析后的 pause 容器 ID: 32ccf53e8346
2026-04-29 17:00:36 - chaos - INFO - 获取容器的 PID
2026-04-29 17:00:36 - chaos - INFO - 容器 ID: 32ccf53e8346
2026-04-29 17:00:36 - chaos - INFO - 提取的容器 PID: 2404
2026-04-29 17:00:36 - chaos - INFO - Pod dupf-upc-lb-2-7cc697d97-6jtgx 的网络故障清除成功
2026-04-29 17:00:36 - chaos - INFO - 清除 Pod dupf-upu-dupf01-1-7c9b66cbbf-mnsvt 的网络故障
2026-04-29 17:00:36 - chaos - INFO - 命名空间: ns-dupf, 网络设备: eth0
2026-04-29 17:00:36 - chaos - INFO - 获取 Pod dupf-upu-dupf01-1-7c9b66cbbf-mnsvt 的 pause 容器 ID
2026-04-29 17:00:36 - chaos - INFO - 解析后的 pause 容器 ID: 4d63814c8878
2026-04-29 17:00:36 - chaos - INFO - 获取容器的 PID
2026-04-29 17:00:36 - chaos - INFO - 容器 ID: 4d63814c8878
2026-04-29 17:00:36 - chaos - INFO - 提取的容器 PID: 12635
2026-04-29 17:00:36 - chaos - INFO - Pod dupf-upu-dupf01-1-7c9b66cbbf-mnsvt 的网络故障清除成功
2026-04-29 17:00:36 - chaos - INFO - 清除 Pod dupf-upu-dupf01-2-8bf594484-nbrtv 的网络故障
2026-04-29 17:00:36 - chaos - INFO - 命名空间: ns-dupf, 网络设备: eth0
2026-04-29 17:00:36 - chaos - INFO - 获取 Pod dupf-upu-dupf01-2-8bf594484-nbrtv 的 pause 容器 ID
2026-04-29 17:00:36 - chaos - INFO - 解析后的 pause 容器 ID: 758e6d5a76cc
2026-04-29 17:00:36 - chaos - INFO - 获取容器的 PID
2026-04-29 17:00:36 - chaos - INFO - 容器 ID: 758e6d5a76cc
2026-04-29 17:00:36 - chaos - INFO - 提取的容器 PID: 35321
2026-04-29 17:00:37 - chaos - INFO - Pod dupf-upu-dupf01-2-8bf594484-nbrtv 的网络故障清除成功
2026-04-29 17:00:37 - chaos - INFO - 清除 Pod dupf-upu-dupf01-3-5bc77f6459-thnr2 的网络故障
2026-04-29 17:00:37 - chaos - INFO - 命名空间: ns-dupf, 网络设备: eth0
2026-04-29 17:00:37 - chaos - INFO - 获取 Pod dupf-upu-dupf01-3-5bc77f6459-thnr2 的 pause 容器 ID
2026-04-29 17:00:37 - chaos - INFO - 解析后的 pause 容器 ID: 92e012c3f123
2026-04-29 17:00:37 - chaos - INFO - 获取容器的 PID
2026-04-29 17:00:37 - chaos - INFO - 容器 ID: 92e012c3f123
2026-04-29 17:00:37 - chaos - INFO - 提取的容器 PID: 12643
2026-04-29 17:00:37 - chaos - INFO - Pod dupf-upu-dupf01-3-5bc77f6459-thnr2 的网络故障清除成功
2026-04-29 17:00:37 - chaos - INFO - 环境 1_ssh_remote 网络故障清除完成：成功 19, 失败 0
2026-04-29 17:00:37 - chaos - INFO - ============================================================
2026-04-29 17:00:37 - chaos - INFO - workflow 级别的 auto_clear 完成
2026-04-29 17:00:37 - chaos - INFO - ============================================================
2026-04-29 17:00:37 - chaos - INFO - 
================================================================================
2026-04-29 17:00:37 - chaos - INFO - 执行workflow: cases/upu/upu/workflow_serial_reorder_upu.yaml
2026-04-29 17:00:37 - chaos - INFO - ================================================================================
2026-04-29 17:00:37 - chaos - INFO - Successfully parsed workflow: upu_serial_network_reorder_001
2026-04-29 17:00:37 - chaos - INFO - ============================================================
2026-04-29 17:00:37 - chaos - INFO - 开始执行工作流: UPU 串行数据包重排序工作流
2026-04-29 17:00:37 - chaos - INFO - 工作流 ID: upu_serial_network_reorder_001
2026-04-29 17:00:37 - chaos - INFO - 执行模式: serial
2026-04-29 17:00:37 - chaos - INFO - ============================================================
2026-04-29 17:00:37 - chaos - INFO - 启动延迟 10.0s
2026-04-29 17:00:47 - chaos - INFO - 执行计划: 共 1 层
2026-04-29 17:00:47 - chaos - INFO - 
============================================================
2026-04-29 17:00:47 - chaos - INFO - 执行第 1/1 层，共 1 个任务
2026-04-29 17:00:47 - chaos - INFO - ============================================================
2026-04-29 17:00:47 - chaos - INFO - [DEBUG] 开始执行任务: UPU 数据包重排序 (reorder_upu)
2026-04-29 17:00:47 - chaos - INFO - [DEBUG] 任务类型: network, 故障类型: reorder
2026-04-29 17:00:47 - chaos - INFO - [DEBUG] 目标: Pod: upu
2026-04-29 17:00:47 - chaos - INFO - [DEBUG] Duration: 240s, Loop: 1
2026-04-29 17:00:47 - chaos - INFO - [DEBUG] 任务超时时间: 300.0s
2026-04-29 17:00:47 - chaos - INFO - [DEBUG] ========== 开始执行 Case ==========
2026-04-29 17:00:47 - chaos - INFO - [DEBUG] Case名称: upu_reorder
2026-04-29 17:00:47 - chaos - INFO - [DEBUG] Case类型: network
2026-04-29 17:00:47 - chaos - INFO - [DEBUG] 故障类型: reorder
2026-04-29 17:00:47 - chaos - INFO - [DEBUG] 环境: 1_ssh_remote
2026-04-29 17:00:47 - chaos - INFO - [DEBUG] 执行 Case 迭代 1/1
2026-04-29 17:00:47 - chaos - INFO - [DEBUG] 开始获取目标列表...
2026-04-29 17:00:47 - chaos.utils.remote - INFO - 连接 root@10.230.246.167:50163 不可用，需要重连
2026-04-29 17:00:47 - chaos.utils.remote - INFO - 尝试重连: root@10.230.246.167:50163
2026-04-29 17:00:47 - chaos.utils.remote - INFO - SSH连接建立成功: 10.230.246.167:50163, 耗时: 0.10s
2026-04-29 17:00:47 - chaos.utils.remote - INFO - 重连成功: root@10.230.246.167:50163
2026-04-29 17:00:47 - chaos - INFO - 根据名称匹配规则获取 Pod，pattern: upu, namespace: ns-dupf
2026-04-29 17:00:50 - chaos - INFO - 找到包含匹配的 Pod: dupf-upu-dupf01-1-7c9b66cbbf-mnsvt
2026-04-29 17:00:50 - chaos - INFO - 找到包含匹配的 Pod: dupf-upu-dupf01-2-8bf594484-nbrtv
2026-04-29 17:00:50 - chaos - INFO - 找到包含匹配的 Pod: dupf-upu-dupf01-3-5bc77f6459-thnr2
2026-04-29 17:00:50 - chaos - INFO - 找到包含匹配的 Pod: dupf-upu-dupf02-4-f694656fc-g9pcc
2026-04-29 17:00:50 - chaos - INFO - 找到包含匹配的 Pod: dupf-upu-dupf02-5-58475bdc49-wnctf
2026-04-29 17:00:50 - chaos - INFO - 找到包含匹配的 Pod: dupf-upu-dupf02-6-656bcb64c8-j2hf6
2026-04-29 17:00:50 - chaos - INFO - 找到包含匹配的 Pod: dupf-upu-dupf03-7-5d67cd95dc-m28vl
2026-04-29 17:00:50 - chaos - INFO - 找到包含匹配的 Pod: dupf-upu-dupf03-8-9695c974c-ttdqv
2026-04-29 17:00:50 - chaos - INFO - 找到包含匹配的 Pod: dupf-upu-dupf03-9-65876966d9-7n4jr
2026-04-29 17:00:50 - chaos - INFO - 找到包含匹配的 Pod: dupf-upu-dupf04-10-74f57567d9-2fnv7
2026-04-29 17:00:50 - chaos - INFO - 找到包含匹配的 Pod: dupf-upu-dupf04-11-849cf77d64-wdzsz
2026-04-29 17:00:50 - chaos - INFO - 找到包含匹配的 Pod: dupf-upu-dupf04-12-9f7c79f99-hx45f
2026-04-29 17:00:50 - chaos - INFO - 找到 12 个匹配的 Pod
2026-04-29 17:00:50 - chaos - INFO - 随机选择 Pod: dupf-upu-dupf01-3-5bc77f6459-thnr2
2026-04-29 17:00:50 - chaos - INFO - [DEBUG] 找到 1 个目标
2026-04-29 17:00:50 - chaos - INFO - [DEBUG] ---------- 处理目标 1/1 ----------
2026-04-29 17:00:50 - chaos - INFO - [DEBUG] 目标名称: dupf-upu-dupf01-3-5bc77f6459-thnr2
2026-04-29 17:00:50 - chaos - INFO - [DEBUG] 目标节点: None
2026-04-29 17:00:50 - chaos - INFO - [DEBUG] 创建故障注入器...
2026-04-29 17:00:50 - chaos - INFO - [DEBUG] 准备注入故障...
2026-04-29 17:00:50 - chaos - INFO - [DEBUG] 注入参数: {'fault_type': 'reorder', 'correlation': ['30%', '90%'], 'gap': [1, 10], 'percent': ['10%', '90%']}
2026-04-29 17:00:50 - chaos - INFO - 获取 Pod dupf-upu-dupf01-3-5bc77f6459-thnr2 的 pause 容器 ID
2026-04-29 17:00:50 - chaos - INFO - 获取 Pod dupf-upu-dupf01-3-5bc77f6459-thnr2 所在的节点，namespace: ns-dupf
2026-04-29 17:00:50 - chaos - INFO - Pod dupf-upu-dupf01-3-5bc77f6459-thnr2 运行在节点 dupf01
2026-04-29 17:00:50 - chaos - INFO - Pod dupf-upu-dupf01-3-5bc77f6459-thnr2 运行在节点 dupf01
2026-04-29 17:00:50 - chaos - INFO - 找到节点 dupf01 对应的环境: 1_ssh_remote
2026-04-29 17:00:50 - chaos - INFO - 解析后的 pause 容器 ID: 92e012c3f123
2026-04-29 17:00:50 - chaos - INFO - 获取容器的 PID
2026-04-29 17:00:50 - chaos - INFO - 容器 ID: 92e012c3f123
2026-04-29 17:00:50 - chaos - INFO - 提取的容器 PID: 12643
2026-04-29 17:00:50 - chaos - INFO - 为 Pod dupf-upu-dupf01-3-5bc77f6459-thnr2 注入网络数据包重排序
2026-04-29 17:00:50 - chaos - INFO - 重排序比例: 54%
2026-04-29 17:00:50 - chaos - INFO - 相关性: 36%
2026-04-29 17:00:50 - chaos - INFO - Gap: 10
2026-04-29 17:00:50 - chaos - INFO - tc 命令: tc qdisc add dev eth0 root netem delay 100ms reorder 54% 36% gap 10
2026-04-29 17:00:50 - chaos - INFO - 网络数据包重排序注入成功
2026-04-29 17:00:50 - chaos - INFO - [DEBUG] 故障注入成功
2026-04-29 17:00:50 - chaos - INFO - [DEBUG] 故障ID: reorder_dupf-upu-dupf01-3-5bc77f6459-thnr2_ns-dupf_1777453250
2026-04-29 17:00:50 - chaos - INFO - 记录故障：reorder_dupf-upu-dupf01-3-5bc77f6459-thnr2_ns-dupf_1777453250
2026-04-29 17:00:50 - chaos - INFO - [DEBUG] 开始等待 duration: 240s (240.0秒)
2026-04-29 17:05:02 - chaos - INFO - [DEBUG] duration 等待完成
2026-04-29 17:05:02 - chaos - INFO - [DEBUG] 开始清理故障: reorder_dupf-upu-dupf01-3-5bc77f6459-thnr2_ns-dupf_1777453250
2026-04-29 17:05:02 - chaos - INFO - 获取 Pod dupf-upu-dupf01-3-5bc77f6459-thnr2 的 pause 容器 ID
2026-04-29 17:05:02 - chaos - INFO - 获取 Pod dupf-upu-dupf01-3-5bc77f6459-thnr2 所在的节点，namespace: ns-dupf
2026-04-29 17:05:02 - chaos - INFO - Pod dupf-upu-dupf01-3-5bc77f6459-thnr2 运行在节点 dupf01
2026-04-29 17:05:02 - chaos - INFO - Pod dupf-upu-dupf01-3-5bc77f6459-thnr2 运行在节点 dupf01
2026-04-29 17:05:02 - chaos - INFO - 找到节点 dupf01 对应的环境: 1_ssh_remote
2026-04-29 17:05:03 - chaos - INFO - 解析后的 pause 容器 ID: 92e012c3f123
2026-04-29 17:05:03 - chaos - INFO - 获取容器的 PID
2026-04-29 17:05:03 - chaos - INFO - 容器 ID: 92e012c3f123
2026-04-29 17:05:03 - chaos - INFO - 提取的容器 PID: 12643
2026-04-29 17:05:03 - chaos - INFO - 恢复网络故障：reorder_dupf-upu-dupf01-3-5bc77f6459-thnr2_ns-dupf_1777453250
2026-04-29 17:05:03 - chaos - INFO - [DEBUG] 故障清理成功: reorder_dupf-upu-dupf01-3-5bc77f6459-thnr2_ns-dupf_1777453250
2026-04-29 17:05:03 - chaos - INFO - 标记故障已恢复：reorder_dupf-upu-dupf01-3-5bc77f6459-thnr2_ns-dupf_1777453250
2026-04-29 17:05:03 - chaos - INFO - 任务执行成功: UPU 数据包重排序 (耗时: 255.83s)
2026-04-29 17:05:03 - chaos - INFO - 
================================================================================
                           Workflow Execution Report                            
================================================================================
Workflow ID    : upu_serial_network_reorder_001
Workflow Name  : UPU 串行数据包重排序工作流
Status         : SUCCESS
Start Time     : 2026-04-29 17:00:37
End Time       : 2026-04-29 17:05:03
Total Duration : 265.85s
Success Rate   : 100.00%
================================================================================

Task Results:
--------------------------------------------------------------------------------
  [SUCCESS ] UPU 数据包重排序                     Duration: 255.83s  Group: N/A

================================================================================
Summary Statistics
================================================================================
Total Tasks    : 1
Success        : 1
Failed         : 0
Timeout        : 0
Skipped        : 0
================================================================================
2026-04-29 17:05:03 - chaos - INFO - ============================================================
2026-04-29 17:05:03 - chaos - INFO - 执行 workflow 级别的 auto_clear
2026-04-29 17:05:03 - chaos - INFO - ============================================================
2026-04-29 17:05:03 - chaos - INFO - 需要清理的环境: 1_ssh_remote
2026-04-29 17:05:03 - chaos - INFO - 清理环境 1_ssh_remote 的网络故障...
2026-04-29 17:05:03 - chaos - INFO - 获取 Pod 列表，namespace: ns-dupf, nodename: dupf01
2026-04-29 17:05:03 - chaos - INFO - 找到 19 个 Pod
2026-04-29 17:05:03 - chaos - INFO - 找到 19 个 pod
2026-04-29 17:05:03 - chaos - INFO - 清除 Pod dupf-db-operator-7c4b689ff9-8sjll 的网络故障
2026-04-29 17:05:03 - chaos - INFO - 命名空间: ns-dupf, 网络设备: eth0
2026-04-29 17:05:03 - chaos - INFO - 获取 Pod dupf-db-operator-7c4b689ff9-8sjll 的 pause 容器 ID
2026-04-29 17:05:03 - chaos - INFO - 解析后的 pause 容器 ID: a77a532556c8
2026-04-29 17:05:03 - chaos - INFO - 获取容器的 PID
2026-04-29 17:05:03 - chaos - INFO - 容器 ID: a77a532556c8
2026-04-29 17:05:03 - chaos - INFO - 提取的容器 PID: 32309
2026-04-29 17:05:03 - chaos - INFO - Pod dupf-db-operator-7c4b689ff9-8sjll 的网络故障清除成功
2026-04-29 17:05:03 - chaos - INFO - 清除 Pod dupf-ddb-shd-0-1 的网络故障
2026-04-29 17:05:03 - chaos - INFO - 命名空间: ns-dupf, 网络设备: eth0
2026-04-29 17:05:03 - chaos - INFO - 获取 Pod dupf-ddb-shd-0-1 的 pause 容器 ID
2026-04-29 17:05:04 - chaos - INFO - 解析后的 pause 容器 ID: 1f077a28fe53
2026-04-29 17:05:04 - chaos - INFO - 获取容器的 PID
2026-04-29 17:05:04 - chaos - INFO - 容器 ID: 1f077a28fe53
2026-04-29 17:05:04 - chaos - INFO - 提取的容器 PID: 17320
2026-04-29 17:05:04 - chaos - INFO - Pod dupf-ddb-shd-0-1 的网络故障清除成功
2026-04-29 17:05:04 - chaos - INFO - 清除 Pod dupf-ddb-shd-1-0 的网络故障
2026-04-29 17:05:04 - chaos - INFO - 命名空间: ns-dupf, 网络设备: eth0
2026-04-29 17:05:04 - chaos - INFO - 获取 Pod dupf-ddb-shd-1-0 的 pause 容器 ID
2026-04-29 17:05:04 - chaos - INFO - 解析后的 pause 容器 ID: d1d0fe54bc9a
2026-04-29 17:05:04 - chaos - INFO - 获取容器的 PID
2026-04-29 17:05:04 - chaos - INFO - 容器 ID: d1d0fe54bc9a
2026-04-29 17:05:04 - chaos - INFO - 提取的容器 PID: 17632
2026-04-29 17:05:04 - chaos - INFO - Pod dupf-ddb-shd-1-0 的网络故障清除成功
2026-04-29 17:05:04 - chaos - INFO - 清除 Pod dupf-ddb-shd-2-0 的网络故障
2026-04-29 17:05:04 - chaos - INFO - 命名空间: ns-dupf, 网络设备: eth0
2026-04-29 17:05:04 - chaos - INFO - 获取 Pod dupf-ddb-shd-2-0 的 pause 容器 ID
2026-04-29 17:05:04 - chaos - INFO - 解析后的 pause 容器 ID: 30f0f4bd58d1
2026-04-29 17:05:04 - chaos - INFO - 获取容器的 PID
2026-04-29 17:05:04 - chaos - INFO - 容器 ID: 30f0f4bd58d1
2026-04-29 17:05:04 - chaos - INFO - 提取的容器 PID: 17976
2026-04-29 17:05:04 - chaos - INFO - Pod dupf-ddb-shd-2-0 的网络故障清除成功
2026-04-29 17:05:04 - chaos - INFO - 清除 Pod dupf-etcd-2 的网络故障
2026-04-29 17:05:04 - chaos - INFO - 命名空间: ns-dupf, 网络设备: eth0
2026-04-29 17:05:04 - chaos - INFO - 获取 Pod dupf-etcd-2 的 pause 容器 ID
2026-04-29 17:05:04 - chaos - INFO - 解析后的 pause 容器 ID: c256bd69e3d6
2026-04-29 17:05:04 - chaos - INFO - 获取容器的 PID
2026-04-29 17:05:04 - chaos - INFO - 容器 ID: c256bd69e3d6
2026-04-29 17:05:05 - chaos - INFO - 提取的容器 PID: 13185
2026-04-29 17:05:05 - chaos - INFO - Pod dupf-etcd-2 的网络故障清除成功
2026-04-29 17:05:05 - chaos - INFO - 清除 Pod dupf-file-sync-8btfr 的网络故障
2026-04-29 17:05:05 - chaos - INFO - 命名空间: ns-dupf, 网络设备: eth0
2026-04-29 17:05:05 - chaos - INFO - 获取 Pod dupf-file-sync-8btfr 的 pause 容器 ID
2026-04-29 17:05:05 - chaos - INFO - 解析后的 pause 容器 ID: effa6e690919
2026-04-29 17:05:05 - chaos - INFO - 获取容器的 PID
2026-04-29 17:05:05 - chaos - INFO - 容器 ID: effa6e690919
2026-04-29 17:05:05 - chaos - INFO - 提取的容器 PID: 9422
2026-04-29 17:05:05 - chaos - INFO - Pod dupf-file-sync-8btfr 的网络故障清除成功
2026-04-29 17:05:05 - chaos - INFO - 清除 Pod dupf-log-monitor-65798c687f-slczc 的网络故障
2026-04-29 17:05:05 - chaos - INFO - 命名空间: ns-dupf, 网络设备: eth0
2026-04-29 17:05:05 - chaos - INFO - 获取 Pod dupf-log-monitor-65798c687f-slczc 的 pause 容器 ID
2026-04-29 17:05:05 - chaos - INFO - 解析后的 pause 容器 ID: 3674c56fec1b
2026-04-29 17:05:05 - chaos - INFO - 获取容器的 PID
2026-04-29 17:05:05 - chaos - INFO - 容器 ID: 3674c56fec1b
2026-04-29 17:05:05 - chaos - INFO - 提取的容器 PID: 44841
2026-04-29 17:05:05 - chaos - INFO - Pod dupf-log-monitor-65798c687f-slczc 的网络故障清除成功
2026-04-29 17:05:05 - chaos - INFO - 清除 Pod dupf-node-monitor-n76hh 的网络故障
2026-04-29 17:05:05 - chaos - INFO - 命名空间: ns-dupf, 网络设备: eth0
2026-04-29 17:05:05 - chaos - INFO - 获取 Pod dupf-node-monitor-n76hh 的 pause 容器 ID
2026-04-29 17:05:05 - chaos - INFO - 解析后的 pause 容器 ID: bf92c7b0747a
2026-04-29 17:05:05 - chaos - INFO - 获取容器的 PID
2026-04-29 17:05:05 - chaos - INFO - 容器 ID: bf92c7b0747a
2026-04-29 17:05:05 - chaos - INFO - 提取的容器 PID: 10841
2026-04-29 17:05:06 - chaos - INFO - Pod dupf-node-monitor-n76hh 的网络故障清除成功
2026-04-29 17:05:06 - chaos - INFO - 清除 Pod dupf-prometheus-795c67c9dc-lkhrq 的网络故障
2026-04-29 17:05:06 - chaos - INFO - 命名空间: ns-dupf, 网络设备: eth0
2026-04-29 17:05:06 - chaos - INFO - 获取 Pod dupf-prometheus-795c67c9dc-lkhrq 的 pause 容器 ID
2026-04-29 17:05:06 - chaos - INFO - 解析后的 pause 容器 ID: bde7aad54c3a
2026-04-29 17:05:06 - chaos - INFO - 获取容器的 PID
2026-04-29 17:05:06 - chaos - INFO - 容器 ID: bde7aad54c3a
2026-04-29 17:05:06 - chaos - INFO - 提取的容器 PID: 32812
2026-04-29 17:05:06 - chaos - INFO - Pod dupf-prometheus-795c67c9dc-lkhrq 的网络故障清除成功
2026-04-29 17:05:06 - chaos - INFO - 清除 Pod dupf-registry-center-1 的网络故障
2026-04-29 17:05:06 - chaos - INFO - 命名空间: ns-dupf, 网络设备: eth0
2026-04-29 17:05:06 - chaos - INFO - 获取 Pod dupf-registry-center-1 的 pause 容器 ID
2026-04-29 17:05:06 - chaos - INFO - 解析后的 pause 容器 ID: 649c663d5da2
2026-04-29 17:05:06 - chaos - INFO - 获取容器的 PID
2026-04-29 17:05:06 - chaos - INFO - 容器 ID: 649c663d5da2
2026-04-29 17:05:06 - chaos - INFO - 提取的容器 PID: 18202
2026-04-29 17:05:06 - chaos - INFO - Pod dupf-registry-center-1 的网络故障清除成功
2026-04-29 17:05:06 - chaos - INFO - 清除 Pod dupf-sdb-1 的网络故障
2026-04-29 17:05:06 - chaos - INFO - 命名空间: ns-dupf, 网络设备: eth0
2026-04-29 17:05:06 - chaos - INFO - 获取 Pod dupf-sdb-1 的 pause 容器 ID
2026-04-29 17:05:06 - chaos - INFO - 解析后的 pause 容器 ID: 12220ab7e7c1
2026-04-29 17:05:06 - chaos - INFO - 获取容器的 PID
2026-04-29 17:05:06 - chaos - INFO - 容器 ID: 12220ab7e7c1
2026-04-29 17:05:06 - chaos - INFO - 提取的容器 PID: 13278
2026-04-29 17:05:06 - chaos - INFO - Pod dupf-sdb-1 的网络故障清除成功
2026-04-29 17:05:06 - chaos - INFO - 清除 Pod dupf-sdb-sentinel-2 的网络故障
2026-04-29 17:05:06 - chaos - INFO - 命名空间: ns-dupf, 网络设备: eth0
2026-04-29 17:05:06 - chaos - INFO - 获取 Pod dupf-sdb-sentinel-2 的 pause 容器 ID
2026-04-29 17:05:07 - chaos - INFO - 解析后的 pause 容器 ID: 79305cc268c3
2026-04-29 17:05:07 - chaos - INFO - 获取容器的 PID
2026-04-29 17:05:07 - chaos - INFO - 容器 ID: 79305cc268c3
2026-04-29 17:05:07 - chaos - INFO - 提取的容器 PID: 18415
2026-04-29 17:05:07 - chaos - INFO - Pod dupf-sdb-sentinel-2 的网络故障清除成功
2026-04-29 17:05:07 - chaos - INFO - 清除 Pod dupf-sf-mq-proxy-2 的网络故障
2026-04-29 17:05:07 - chaos - INFO - 命名空间: ns-dupf, 网络设备: eth0
2026-04-29 17:05:07 - chaos - INFO - 获取 Pod dupf-sf-mq-proxy-2 的 pause 容器 ID
2026-04-29 17:05:07 - chaos - INFO - 解析后的 pause 容器 ID: fc327bacccc8
2026-04-29 17:05:07 - chaos - INFO - 获取容器的 PID
2026-04-29 17:05:07 - chaos - INFO - 容器 ID: fc327bacccc8
2026-04-29 17:05:07 - chaos - INFO - 提取的容器 PID: 17043
2026-04-29 17:05:07 - chaos - INFO - Pod dupf-sf-mq-proxy-2 的网络故障清除成功
2026-04-29 17:05:07 - chaos - INFO - 清除 Pod dupf-upc-76bbbd9fbb-2nsr2 的网络故障
2026-04-29 17:05:07 - chaos - INFO - 命名空间: ns-dupf, 网络设备: eth0
2026-04-29 17:05:07 - chaos - INFO - 获取 Pod dupf-upc-76bbbd9fbb-2nsr2 的 pause 容器 ID
2026-04-29 17:05:07 - chaos - INFO - 解析后的 pause 容器 ID: 43b3cb8acabe
2026-04-29 17:05:07 - chaos - INFO - 获取容器的 PID
2026-04-29 17:05:07 - chaos - INFO - 容器 ID: 43b3cb8acabe
2026-04-29 17:05:07 - chaos - INFO - 提取的容器 PID: 43328
2026-04-29 17:05:07 - chaos - INFO - Pod dupf-upc-76bbbd9fbb-2nsr2 的网络故障清除成功
2026-04-29 17:05:07 - chaos - INFO - 清除 Pod dupf-upc-76bbbd9fbb-rch45 的网络故障
2026-04-29 17:05:07 - chaos - INFO - 命名空间: ns-dupf, 网络设备: eth0
2026-04-29 17:05:07 - chaos - INFO - 获取 Pod dupf-upc-76bbbd9fbb-rch45 的 pause 容器 ID
2026-04-29 17:05:07 - chaos - INFO - 解析后的 pause 容器 ID: bdca3f3b803a
2026-04-29 17:05:07 - chaos - INFO - 获取容器的 PID
2026-04-29 17:05:07 - chaos - INFO - 容器 ID: bdca3f3b803a
2026-04-29 17:05:08 - chaos - INFO - 提取的容器 PID: 43277
2026-04-29 17:05:08 - chaos - INFO - Pod dupf-upc-76bbbd9fbb-rch45 的网络故障清除成功
2026-04-29 17:05:08 - chaos - INFO - 清除 Pod dupf-upc-lb-2-7cc697d97-6jtgx 的网络故障
2026-04-29 17:05:08 - chaos - INFO - 命名空间: ns-dupf, 网络设备: eth0
2026-04-29 17:05:08 - chaos - INFO - 获取 Pod dupf-upc-lb-2-7cc697d97-6jtgx 的 pause 容器 ID
2026-04-29 17:05:08 - chaos - INFO - 解析后的 pause 容器 ID: 32ccf53e8346
2026-04-29 17:05:08 - chaos - INFO - 获取容器的 PID
2026-04-29 17:05:08 - chaos - INFO - 容器 ID: 32ccf53e8346
2026-04-29 17:05:08 - chaos - INFO - 提取的容器 PID: 2404
2026-04-29 17:05:08 - chaos - INFO - Pod dupf-upc-lb-2-7cc697d97-6jtgx 的网络故障清除成功
2026-04-29 17:05:08 - chaos - INFO - 清除 Pod dupf-upu-dupf01-1-7c9b66cbbf-mnsvt 的网络故障
2026-04-29 17:05:08 - chaos - INFO - 命名空间: ns-dupf, 网络设备: eth0
2026-04-29 17:05:08 - chaos - INFO - 获取 Pod dupf-upu-dupf01-1-7c9b66cbbf-mnsvt 的 pause 容器 ID
2026-04-29 17:05:08 - chaos - INFO - 解析后的 pause 容器 ID: 4d63814c8878
2026-04-29 17:05:08 - chaos - INFO - 获取容器的 PID
2026-04-29 17:05:08 - chaos - INFO - 容器 ID: 4d63814c8878
2026-04-29 17:05:08 - chaos - INFO - 提取的容器 PID: 12635
2026-04-29 17:05:08 - chaos - INFO - Pod dupf-upu-dupf01-1-7c9b66cbbf-mnsvt 的网络故障清除成功
2026-04-29 17:05:08 - chaos - INFO - 清除 Pod dupf-upu-dupf01-2-8bf594484-nbrtv 的网络故障
2026-04-29 17:05:08 - chaos - INFO - 命名空间: ns-dupf, 网络设备: eth0
2026-04-29 17:05:08 - chaos - INFO - 获取 Pod dupf-upu-dupf01-2-8bf594484-nbrtv 的 pause 容器 ID
2026-04-29 17:05:08 - chaos - INFO - 解析后的 pause 容器 ID: 758e6d5a76cc
2026-04-29 17:05:08 - chaos - INFO - 获取容器的 PID
2026-04-29 17:05:08 - chaos - INFO - 容器 ID: 758e6d5a76cc
2026-04-29 17:05:08 - chaos - INFO - 提取的容器 PID: 35321
2026-04-29 17:05:09 - chaos - INFO - Pod dupf-upu-dupf01-2-8bf594484-nbrtv 的网络故障清除成功
2026-04-29 17:05:09 - chaos - INFO - 清除 Pod dupf-upu-dupf01-3-5bc77f6459-thnr2 的网络故障
2026-04-29 17:05:09 - chaos - INFO - 命名空间: ns-dupf, 网络设备: eth0
2026-04-29 17:05:09 - chaos - INFO - 获取 Pod dupf-upu-dupf01-3-5bc77f6459-thnr2 的 pause 容器 ID
2026-04-29 17:05:09 - chaos - INFO - 解析后的 pause 容器 ID: 92e012c3f123
2026-04-29 17:05:09 - chaos - INFO - 获取容器的 PID
2026-04-29 17:05:09 - chaos - INFO - 容器 ID: 92e012c3f123
2026-04-29 17:05:09 - chaos - INFO - 提取的容器 PID: 12643
2026-04-29 17:05:09 - chaos - INFO - Pod dupf-upu-dupf01-3-5bc77f6459-thnr2 的网络故障清除成功
2026-04-29 17:05:09 - chaos - INFO - 环境 1_ssh_remote 网络故障清除完成：成功 19, 失败 0
2026-04-29 17:05:09 - chaos - INFO - ============================================================
2026-04-29 17:05:09 - chaos - INFO - workflow 级别的 auto_clear 完成
2026-04-29 17:05:09 - chaos - INFO - ============================================================
2026-04-29 17:05:09 - chaos - INFO - 
================================================================================
2026-04-29 17:05:09 - chaos - INFO - 执行workflow: cases/upu/upu/workflow_serial_stop_upu.yaml
2026-04-29 17:05:09 - chaos - INFO - ================================================================================
2026-04-29 17:05:09 - chaos - INFO - Successfully parsed workflow: upu_serial_pod_stop_001
2026-04-29 17:05:09 - chaos - INFO - ============================================================
2026-04-29 17:05:09 - chaos - INFO - 开始执行工作流: UPU 串行 Pod 停止工作流
2026-04-29 17:05:09 - chaos - INFO - 工作流 ID: upu_serial_pod_stop_001
2026-04-29 17:05:09 - chaos - INFO - 执行模式: serial
2026-04-29 17:05:09 - chaos - INFO - ============================================================
2026-04-29 17:05:09 - chaos - INFO - 启动延迟 10.0s
2026-04-29 17:05:20 - chaos - INFO - 执行计划: 共 1 层
2026-04-29 17:05:20 - chaos - INFO - 
============================================================
2026-04-29 17:05:20 - chaos - INFO - 执行第 1/1 层，共 1 个任务
2026-04-29 17:05:20 - chaos - INFO - ============================================================
2026-04-29 17:05:20 - chaos - INFO - [DEBUG] 开始执行任务: UPU Pod 停止 (stop_upu)
2026-04-29 17:05:20 - chaos - INFO - [DEBUG] 任务类型: pod, 故障类型: stop
2026-04-29 17:05:20 - chaos - INFO - [DEBUG] 目标: Pod: upu
2026-04-29 17:05:20 - chaos - INFO - [DEBUG] Duration: 240s, Loop: 1
2026-04-29 17:05:20 - chaos - INFO - [DEBUG] 任务超时时间: 300.0s
2026-04-29 17:05:20 - chaos - INFO - [DEBUG] ========== 开始执行 Case ==========
2026-04-29 17:05:20 - chaos - INFO - [DEBUG] Case名称: upu_stop
2026-04-29 17:05:20 - chaos - INFO - [DEBUG] Case类型: pod
2026-04-29 17:05:20 - chaos - INFO - [DEBUG] 故障类型: stop
2026-04-29 17:05:20 - chaos - INFO - [DEBUG] 环境: 1_ssh_remote
2026-04-29 17:05:20 - chaos - INFO - [DEBUG] 执行 Case 迭代 1/1
2026-04-29 17:05:20 - chaos - INFO - [DEBUG] 开始获取目标列表...
2026-04-29 17:05:20 - chaos.utils.remote - INFO - 连接 root@10.230.246.167:50163 不可用，需要重连
2026-04-29 17:05:20 - chaos.utils.remote - INFO - 尝试重连: root@10.230.246.167:50163
2026-04-29 17:05:21 - chaos.utils.remote - INFO - SSH连接建立成功: 10.230.246.167:50163, 耗时: 0.10s
2026-04-29 17:05:21 - chaos.utils.remote - INFO - 重连成功: root@10.230.246.167:50163
2026-04-29 17:05:21 - chaos - INFO - 根据名称匹配规则获取 Pod，pattern: upu, namespace: ns-dupf
2026-04-29 17:05:22 - chaos - INFO - 找到包含匹配的 Pod: dupf-upu-dupf01-1-7c9b66cbbf-mnsvt
2026-04-29 17:05:22 - chaos - INFO - 找到包含匹配的 Pod: dupf-upu-dupf01-2-8bf594484-nbrtv
2026-04-29 17:05:22 - chaos - INFO - 找到包含匹配的 Pod: dupf-upu-dupf01-3-5bc77f6459-thnr2
2026-04-29 17:05:22 - chaos - INFO - 找到包含匹配的 Pod: dupf-upu-dupf02-4-f694656fc-g9pcc
2026-04-29 17:05:22 - chaos - INFO - 找到包含匹配的 Pod: dupf-upu-dupf02-5-58475bdc49-wnctf
2026-04-29 17:05:22 - chaos - INFO - 找到包含匹配的 Pod: dupf-upu-dupf02-6-656bcb64c8-j2hf6
2026-04-29 17:05:22 - chaos - INFO - 找到包含匹配的 Pod: dupf-upu-dupf03-7-5d67cd95dc-m28vl
2026-04-29 17:05:22 - chaos - INFO - 找到包含匹配的 Pod: dupf-upu-dupf03-8-9695c974c-ttdqv
2026-04-29 17:05:22 - chaos - INFO - 找到包含匹配的 Pod: dupf-upu-dupf03-9-65876966d9-7n4jr
2026-04-29 17:05:22 - chaos - INFO - 找到包含匹配的 Pod: dupf-upu-dupf04-10-74f57567d9-2fnv7
2026-04-29 17:05:22 - chaos - INFO - 找到包含匹配的 Pod: dupf-upu-dupf04-11-849cf77d64-wdzsz
2026-04-29 17:05:22 - chaos - INFO - 找到包含匹配的 Pod: dupf-upu-dupf04-12-9f7c79f99-hx45f
2026-04-29 17:05:22 - chaos - INFO - 找到 12 个匹配的 Pod
2026-04-29 17:05:22 - chaos - INFO - 随机选择 Pod: dupf-upu-dupf03-8-9695c974c-ttdqv
2026-04-29 17:05:22 - chaos - INFO - [DEBUG] 找到 1 个目标
2026-04-29 17:05:22 - chaos - INFO - [DEBUG] ---------- 处理目标 1/1 ----------
2026-04-29 17:05:22 - chaos - INFO - [DEBUG] 目标名称: dupf-upu-dupf03-8-9695c974c-ttdqv
2026-04-29 17:05:22 - chaos - INFO - [DEBUG] 目标节点: None
2026-04-29 17:05:22 - chaos - INFO - [DEBUG] 创建故障注入器...
2026-04-29 17:05:22 - chaos - INFO - [DEBUG] 准备注入故障...
2026-04-29 17:05:22 - chaos - INFO - [DEBUG] 注入参数: {'fault_type': 'stop'}
2026-04-29 17:05:22 - chaos - INFO - 获取 Pod dupf-upu-dupf03-8-9695c974c-ttdqv 所在的节点名称
2026-04-29 17:05:23 - chaos - INFO - Pod dupf-upu-dupf03-8-9695c974c-ttdqv 所在的节点: dupf03
2026-04-29 17:05:23 - chaos - INFO - 找到匹配的环境: 3_ssh_remote
2026-04-29 17:05:23 - chaos - INFO - 获取 Pod dupf-upu-dupf03-8-9695c974c-ttdqv 的容器 ID
2026-04-29 17:05:23 - chaos - INFO - 容器 ID: 6b9f23a31c945aa1252265fc00cfda861fe002b9193f2b233c68e8ffa78668b7
2026-04-29 17:05:23 - chaos - INFO - 停止容器 6b9f23a31c945aa1252265fc00cfda861fe002b9193f2b233c68e8ffa78668b7
2026-04-29 17:05:30 - chaos - INFO - 容器 6b9f23a31c945aa1252265fc00cfda861fe002b9193f2b233c68e8ffa78668b7 停止成功
2026-04-29 17:05:30 - chaos - INFO - [DEBUG] 故障注入成功
2026-04-29 17:05:30 - chaos - INFO - [DEBUG] 故障ID: stop_dupf-upu-dupf03-8-9695c974c-ttdqv_ns-dupf_1777453522
2026-04-29 17:05:30 - chaos - INFO - 记录故障：stop_dupf-upu-dupf03-8-9695c974c-ttdqv_ns-dupf_1777453522
2026-04-29 17:05:30 - chaos - INFO - [DEBUG] 开始等待 duration: 240s (240.0秒)
2026-04-29 17:09:41 - chaos - INFO - [DEBUG] duration 等待完成
2026-04-29 17:09:41 - chaos - INFO - [DEBUG] 开始清理故障: stop_dupf-upu-dupf03-8-9695c974c-ttdqv_ns-dupf_1777453522
2026-04-29 17:09:41 - chaos - INFO - 恢复停止的容器，故障 ID: stop_dupf-upu-dupf03-8-9695c974c-ttdqv_ns-dupf_1777453522
2026-04-29 17:09:41 - chaos - INFO - 启动容器 6b9f23a31c945aa1252265fc00cfda861fe002b9193f2b233c68e8ffa78668b7 (Pod: dupf-upu-dupf03-8-9695c974c-ttdqv)
2026-04-29 17:09:41 - chaos - INFO - 容器 6b9f23a31c945aa1252265fc00cfda861fe002b9193f2b233c68e8ffa78668b7 启动成功
2026-04-29 17:09:41 - chaos - INFO - [DEBUG] 故障清理成功: stop_dupf-upu-dupf03-8-9695c974c-ttdqv_ns-dupf_1777453522
2026-04-29 17:09:41 - chaos - INFO - 标记故障已恢复：stop_dupf-upu-dupf03-8-9695c974c-ttdqv_ns-dupf_1777453522
2026-04-29 17:09:41 - chaos - INFO - 任务执行成功: UPU Pod 停止 (耗时: 260.67s)
2026-04-29 17:09:41 - chaos - INFO - 
================================================================================
                           Workflow Execution Report                            
================================================================================
Workflow ID    : upu_serial_pod_stop_001
Workflow Name  : UPU 串行 Pod 停止工作流
Status         : SUCCESS
Start Time     : 2026-04-29 17:05:09
End Time       : 2026-04-29 17:09:41
Total Duration : 272.24s
Success Rate   : 100.00%
================================================================================

Task Results:
--------------------------------------------------------------------------------
  [SUCCESS ] UPU Pod 停止                     Duration: 260.67s  Group: N/A

================================================================================
Summary Statistics
================================================================================
Total Tasks    : 1
Success        : 1
Failed         : 0
Timeout        : 0
Skipped        : 0
================================================================================
