2026-05-08 14:10:21 - chaos - INFO - 找到 32 个workflow文件
2026-05-08 14:10:21 - chaos - INFO - 
================================================================================
2026-05-08 14:10:21 - chaos - INFO - 执行workflow: cases/upu/upu-master_upu-slave/workflow_parallel_corrupt_upu-master_upu-slave.yaml
2026-05-08 14:10:21 - chaos - INFO - ================================================================================
2026-05-08 14:10:21 - chaos - INFO - Successfully parsed workflow: upu_parallel_network_corrupt_001
2026-05-08 14:10:21 - chaos - INFO - ============================================================
2026-05-08 14:10:21 - chaos - INFO - 开始执行工作流: UPU 并行网络数据包破坏工作流
2026-05-08 14:10:21 - chaos - INFO - 工作流 ID: upu_parallel_network_corrupt_001
2026-05-08 14:10:21 - chaos - INFO - 执行模式: parallel
2026-05-08 14:10:21 - chaos - INFO - ============================================================
2026-05-08 14:10:21 - chaos - INFO - 启动延迟 10.0s
2026-05-08 14:10:30 - chaos - INFO - 执行计划: 共 1 层
2026-05-08 14:10:30 - chaos - INFO - 
============================================================
2026-05-08 14:10:30 - chaos - INFO - 执行第 1/1 层，共 2 个任务
2026-05-08 14:10:30 - chaos - INFO - ============================================================
2026-05-08 14:10:30 - chaos - INFO - [DEBUG] 开始执行任务: UPU Master 数据包破坏 (corrupt_upu_master)
2026-05-08 14:10:30 - chaos - INFO - [DEBUG] 任务类型: network, 故障类型: corrupt
2026-05-08 14:10:30 - chaos - INFO - [DEBUG] 目标: Pod: upu-master
2026-05-08 14:10:30 - chaos - INFO - [DEBUG] Duration: 240s, Loop: 1
2026-05-08 14:10:30 - chaos - INFO - [DEBUG] 任务超时时间: 300.0s
2026-05-08 14:10:30 - chaos - INFO - [DEBUG] ========== 开始执行 Case ==========
2026-05-08 14:10:30 - chaos - INFO - [DEBUG] Case名称: upu_master_corrupt
2026-05-08 14:10:30 - chaos - INFO - [DEBUG] Case类型: network
2026-05-08 14:10:30 - chaos - INFO - [DEBUG] 故障类型: corrupt
2026-05-08 14:10:30 - chaos - INFO - [DEBUG] 环境: 1_ssh_remote
2026-05-08 14:10:30 - chaos - INFO - [DEBUG] 执行 Case 迭代 1/1
2026-05-08 14:10:30 - chaos - INFO - [DEBUG] 开始获取目标列表...
2026-05-08 14:10:30 - chaos.utils.remote - INFO - 后台健康检查线程已启动
2026-05-08 14:10:30 - chaos.utils.remote - INFO - 创建新连接: root@10.230.246.167:50163
2026-05-08 14:10:31 - chaos.utils.remote - INFO - SSH连接建立成功: 10.230.246.167:50163, 耗时: 0.14s
2026-05-08 14:10:31 - chaos.utils.remote - INFO - 新连接创建成功: root@10.230.246.167:50163，当前连接池大小: 1
2026-05-08 14:10:31 - chaos - INFO - 获取 UPU Pod 列表，namespace: ns-dupf, filter_type: upu-master
2026-05-08 14:10:32 - chaos - INFO - [DEBUG] 开始执行任务: UPU Slave 数据包破坏 (corrupt_upu_slave)
2026-05-08 14:10:32 - chaos - INFO - [DEBUG] 任务类型: network, 故障类型: corrupt
2026-05-08 14:10:32 - chaos - INFO - [DEBUG] 目标: Pod: upu-slave
2026-05-08 14:10:32 - chaos - INFO - [DEBUG] Duration: 240s, Loop: 1
2026-05-08 14:10:32 - chaos - INFO - [DEBUG] 任务超时时间: 300.0s
2026-05-08 14:10:32 - chaos - INFO - [DEBUG] ========== 开始执行 Case ==========
2026-05-08 14:10:32 - chaos - INFO - [DEBUG] Case名称: upu_slave_corrupt
2026-05-08 14:10:32 - chaos - INFO - [DEBUG] Case类型: network
2026-05-08 14:10:32 - chaos - INFO - [DEBUG] 故障类型: corrupt
2026-05-08 14:10:32 - chaos - INFO - [DEBUG] 环境: 1_ssh_remote
2026-05-08 14:10:32 - chaos - INFO - [DEBUG] 执行 Case 迭代 1/1
2026-05-08 14:10:32 - chaos - INFO - [DEBUG] 开始获取目标列表...
2026-05-08 14:10:32 - chaos - INFO - 获取 UPU Pod 列表，namespace: ns-dupf, filter_type: upu-slave
2026-05-08 14:10:33 - chaos - INFO - 找到 9 个 UPU Pod（过滤类型：upu-master）
2026-05-08 14:10:33 - chaos - INFO - 随机选择 Pod: dupf-upu-dupf04-11-ff6798bf5-9v75t
2026-05-08 14:10:33 - chaos - INFO - [DEBUG] 找到 1 个目标
2026-05-08 14:10:33 - chaos - INFO - [DEBUG] ---------- 处理目标 1/1 ----------
2026-05-08 14:10:33 - chaos - INFO - [DEBUG] 目标名称: dupf-upu-dupf04-11-ff6798bf5-9v75t
2026-05-08 14:10:33 - chaos - INFO - [DEBUG] 目标节点: None
2026-05-08 14:10:33 - chaos - INFO - [DEBUG] 创建故障注入器...
2026-05-08 14:10:33 - chaos - INFO - [DEBUG] 准备注入故障...
2026-05-08 14:10:33 - chaos - INFO - [DEBUG] 注入参数: {'fault_type': 'corrupt', 'correlation': ['30%', '90%'], 'percent': ['10%', '90%']}
2026-05-08 14:10:33 - chaos - INFO - [DEBUG] ========== 开始注入网络数据包破坏 ==========
2026-05-08 14:10:33 - chaos - INFO - [DEBUG] Pod名称: dupf-upu-dupf04-11-ff6798bf5-9v75t
2026-05-08 14:10:33 - chaos - INFO - [DEBUG] 命名空间: ns-dupf
2026-05-08 14:10:33 - chaos - INFO - [DEBUG] 网卡设备: eth0
2026-05-08 14:10:33 - chaos - INFO - [DEBUG] 损坏比例: 34%, 相关性: 52%
2026-05-08 14:10:33 - chaos - INFO - [DEBUG] 获取 pause 容器 ID...
2026-05-08 14:10:33 - chaos - INFO - 获取 Pod dupf-upu-dupf04-11-ff6798bf5-9v75t 的 pause 容器 ID
2026-05-08 14:10:33 - chaos - INFO - 获取 Pod dupf-upu-dupf04-11-ff6798bf5-9v75t 所在的节点，namespace: ns-dupf
2026-05-08 14:10:33 - chaos - INFO - 找到 3 个 UPU Pod（过滤类型：upu-slave）
2026-05-08 14:10:33 - chaos - INFO - 随机选择 Pod: dupf-upu-dupf02-4-6cf676c74d-drjs5
2026-05-08 14:10:33 - chaos - INFO - [DEBUG] 找到 1 个目标
2026-05-08 14:10:33 - chaos - INFO - [DEBUG] ---------- 处理目标 1/1 ----------
2026-05-08 14:10:33 - chaos - INFO - [DEBUG] 目标名称: dupf-upu-dupf02-4-6cf676c74d-drjs5
2026-05-08 14:10:33 - chaos - INFO - [DEBUG] 目标节点: None
2026-05-08 14:10:33 - chaos - INFO - [DEBUG] 创建故障注入器...
2026-05-08 14:10:33 - chaos - INFO - [DEBUG] 准备注入故障...
2026-05-08 14:10:33 - chaos - INFO - [DEBUG] 注入参数: {'fault_type': 'corrupt', 'correlation': ['30%', '90%'], 'percent': ['10%', '90%']}
2026-05-08 14:10:33 - chaos - INFO - [DEBUG] ========== 开始注入网络数据包破坏 ==========
2026-05-08 14:10:33 - chaos - INFO - [DEBUG] Pod名称: dupf-upu-dupf02-4-6cf676c74d-drjs5
2026-05-08 14:10:33 - chaos - INFO - [DEBUG] 命名空间: ns-dupf
2026-05-08 14:10:33 - chaos - INFO - [DEBUG] 网卡设备: eth0
2026-05-08 14:10:33 - chaos - INFO - [DEBUG] 损坏比例: 18%, 相关性: 42%
2026-05-08 14:10:33 - chaos - INFO - [DEBUG] 获取 pause 容器 ID...
2026-05-08 14:10:33 - chaos - INFO - 获取 Pod dupf-upu-dupf02-4-6cf676c74d-drjs5 的 pause 容器 ID
2026-05-08 14:10:33 - chaos - INFO - 获取 Pod dupf-upu-dupf02-4-6cf676c74d-drjs5 所在的节点，namespace: ns-dupf
2026-05-08 14:10:34 - chaos - INFO - Pod dupf-upu-dupf04-11-ff6798bf5-9v75t 运行在节点 dupf04
2026-05-08 14:10:34 - chaos - INFO - Pod dupf-upu-dupf04-11-ff6798bf5-9v75t 运行在节点 dupf04
2026-05-08 14:10:34 - chaos - INFO - 找到节点 dupf04 对应的环境: 4_ssh_remote
2026-05-08 14:10:34 - chaos.utils.remote - INFO - 创建新连接: root@10.230.246.170:50163
2026-05-08 14:10:34 - chaos.utils.remote - INFO - SSH连接建立成功: 10.230.246.170:50163, 耗时: 0.11s
2026-05-08 14:10:34 - chaos.utils.remote - INFO - 新连接创建成功: root@10.230.246.170:50163，当前连接池大小: 2
2026-05-08 14:10:34 - chaos - INFO - Pod dupf-upu-dupf02-4-6cf676c74d-drjs5 运行在节点 dupf02
2026-05-08 14:10:34 - chaos - INFO - Pod dupf-upu-dupf02-4-6cf676c74d-drjs5 运行在节点 dupf02
2026-05-08 14:10:34 - chaos - INFO - 找到节点 dupf02 对应的环境: 2_ssh_remote
2026-05-08 14:10:34 - chaos.utils.remote - INFO - 创建新连接: root@10.230.246.168:50163
2026-05-08 14:10:34 - chaos.utils.remote - INFO - SSH连接建立成功: 10.230.246.168:50163, 耗时: 0.11s
2026-05-08 14:10:34 - chaos.utils.remote - INFO - 新连接创建成功: root@10.230.246.168:50163，当前连接池大小: 3
2026-05-08 14:10:35 - chaos - INFO - 解析后的 pause 容器 ID: 3c61c707063f
2026-05-08 14:10:35 - chaos - INFO - [DEBUG] pause 容器 ID: 3c61c707063f
2026-05-08 14:10:35 - chaos - INFO - [DEBUG] 获取 pause 容器 PID...
2026-05-08 14:10:35 - chaos - INFO - 获取容器的 PID
2026-05-08 14:10:35 - chaos - INFO - 容器 ID: 3c61c707063f
2026-05-08 14:10:36 - chaos - INFO - 提取的容器 PID: 23404
2026-05-08 14:10:36 - chaos - INFO - [DEBUG] pause 容器 PID: 23404
2026-05-08 14:10:36 - chaos - INFO - [DEBUG] 为 Pod dupf-upu-dupf04-11-ff6798bf5-9v75t 注入网络数据包破坏
2026-05-08 14:10:36 - chaos - INFO - [DEBUG] 损坏比例: 34%
2026-05-08 14:10:36 - chaos - INFO - [DEBUG] 相关性: 52%
2026-05-08 14:10:36 - chaos - INFO - [DEBUG] tc 命令: tc qdisc add dev eth0 root netem corrupt 34% 52%
2026-05-08 14:10:36 - chaos - INFO - [DEBUG] 完整命令: nsenter -t 23404 -n tc qdisc add dev eth0 root netem corrupt 34% 52%
2026-05-08 14:10:36 - chaos - INFO - [DEBUG] 执行 tc 命令...
2026-05-08 14:10:36 - chaos - INFO - [DEBUG] 网络数据包破坏注入成功
2026-05-08 14:10:36 - chaos - INFO - [DEBUG] ========== 网络数据包破坏注入完成 ==========
2026-05-08 14:10:36 - chaos - INFO - [DEBUG] 故障注入成功
2026-05-08 14:10:36 - chaos - INFO - [DEBUG] 故障ID: corrupt_dupf-upu-dupf04-11-ff6798bf5-9v75t_ns-dupf_1778220633
2026-05-08 14:10:36 - chaos - INFO - 记录故障：corrupt_dupf-upu-dupf04-11-ff6798bf5-9v75t_ns-dupf_1778220633
2026-05-08 14:10:36 - chaos - INFO - [DEBUG] 开始等待 duration: 240s (240.0秒)
2026-05-08 14:10:36 - chaos - INFO - 解析后的 pause 容器 ID: 3eaa0454a9c7
2026-05-08 14:10:36 - chaos - INFO - [DEBUG] pause 容器 ID: 3eaa0454a9c7
2026-05-08 14:10:36 - chaos - INFO - [DEBUG] 获取 pause 容器 PID...
2026-05-08 14:10:36 - chaos - INFO - 获取容器的 PID
2026-05-08 14:10:36 - chaos - INFO - 容器 ID: 3eaa0454a9c7
2026-05-08 14:10:36 - chaos - INFO - 提取的容器 PID: 31355
2026-05-08 14:10:36 - chaos - INFO - [DEBUG] pause 容器 PID: 31355
2026-05-08 14:10:36 - chaos - INFO - [DEBUG] 为 Pod dupf-upu-dupf02-4-6cf676c74d-drjs5 注入网络数据包破坏
2026-05-08 14:10:36 - chaos - INFO - [DEBUG] 损坏比例: 18%
2026-05-08 14:10:36 - chaos - INFO - [DEBUG] 相关性: 42%
2026-05-08 14:10:36 - chaos - INFO - [DEBUG] tc 命令: tc qdisc add dev eth0 root netem corrupt 18% 42%
2026-05-08 14:10:36 - chaos - INFO - [DEBUG] 完整命令: nsenter -t 31355 -n tc qdisc add dev eth0 root netem corrupt 18% 42%
2026-05-08 14:10:36 - chaos - INFO - [DEBUG] 执行 tc 命令...
2026-05-08 14:10:36 - chaos - INFO - [DEBUG] 网络数据包破坏注入成功
2026-05-08 14:10:36 - chaos - INFO - [DEBUG] ========== 网络数据包破坏注入完成 ==========
2026-05-08 14:10:36 - chaos - INFO - [DEBUG] 故障注入成功
2026-05-08 14:10:36 - chaos - INFO - [DEBUG] 故障ID: corrupt_dupf-upu-dupf02-4-6cf676c74d-drjs5_ns-dupf_1778220633
2026-05-08 14:10:36 - chaos - INFO - 记录故障：corrupt_dupf-upu-dupf02-4-6cf676c74d-drjs5_ns-dupf_1778220633
2026-05-08 14:10:36 - chaos - INFO - [DEBUG] 开始等待 duration: 240s (240.0秒)
2026-05-08 14:14:15 - chaos - INFO - [DEBUG] duration 等待完成
2026-05-08 14:14:15 - chaos - INFO - [DEBUG] 开始清理故障: corrupt_dupf-upu-dupf04-11-ff6798bf5-9v75t_ns-dupf_1778220633
2026-05-08 14:14:15 - chaos - INFO - 获取 Pod dupf-upu-dupf04-11-ff6798bf5-9v75t 的 pause 容器 ID
2026-05-08 14:14:15 - chaos - INFO - 获取 Pod dupf-upu-dupf04-11-ff6798bf5-9v75t 所在的节点，namespace: ns-dupf
2026-05-08 14:14:15 - chaos - INFO - Pod dupf-upu-dupf04-11-ff6798bf5-9v75t 运行在节点 dupf04
2026-05-08 14:14:15 - chaos - INFO - Pod dupf-upu-dupf04-11-ff6798bf5-9v75t 运行在节点 dupf04
2026-05-08 14:14:15 - chaos - INFO - 找到节点 dupf04 对应的环境: 4_ssh_remote
2026-05-08 14:14:15 - chaos - INFO - 解析后的 pause 容器 ID: 3c61c707063f
2026-05-08 14:14:15 - chaos - INFO - 获取容器的 PID
2026-05-08 14:14:15 - chaos - INFO - 容器 ID: 3c61c707063f
2026-05-08 14:14:15 - chaos - INFO - 提取的容器 PID: 23404
2026-05-08 14:14:15 - chaos - INFO - 恢复网络故障：corrupt_dupf-upu-dupf04-11-ff6798bf5-9v75t_ns-dupf_1778220633
2026-05-08 14:14:15 - chaos - INFO - [DEBUG] 故障清理成功: corrupt_dupf-upu-dupf04-11-ff6798bf5-9v75t_ns-dupf_1778220633
2026-05-08 14:14:15 - chaos - INFO - 标记故障已恢复：corrupt_dupf-upu-dupf04-11-ff6798bf5-9v75t_ns-dupf_1778220633
2026-05-08 14:14:15 - chaos - INFO - 任务执行成功: UPU Master 数据包破坏 (耗时: 224.76s)
2026-05-08 14:14:15 - chaos - INFO - [DEBUG] duration 等待完成
2026-05-08 14:14:15 - chaos - INFO - [DEBUG] 开始清理故障: corrupt_dupf-upu-dupf02-4-6cf676c74d-drjs5_ns-dupf_1778220633
2026-05-08 14:14:15 - chaos - INFO - 获取 Pod dupf-upu-dupf02-4-6cf676c74d-drjs5 的 pause 容器 ID
2026-05-08 14:14:15 - chaos - INFO - 获取 Pod dupf-upu-dupf02-4-6cf676c74d-drjs5 所在的节点，namespace: ns-dupf
2026-05-08 14:14:15 - chaos - INFO - Pod dupf-upu-dupf02-4-6cf676c74d-drjs5 运行在节点 dupf02
2026-05-08 14:14:15 - chaos - INFO - Pod dupf-upu-dupf02-4-6cf676c74d-drjs5 运行在节点 dupf02
2026-05-08 14:14:15 - chaos - INFO - 找到节点 dupf02 对应的环境: 2_ssh_remote
2026-05-08 14:14:16 - chaos - INFO - 解析后的 pause 容器 ID: 3eaa0454a9c7
2026-05-08 14:14:16 - chaos - INFO - 获取容器的 PID
2026-05-08 14:14:16 - chaos - INFO - 容器 ID: 3eaa0454a9c7
2026-05-08 14:14:23 - chaos - INFO - 提取的容器 PID: 31355
2026-05-08 14:14:23 - chaos - INFO - 恢复网络故障：corrupt_dupf-upu-dupf02-4-6cf676c74d-drjs5_ns-dupf_1778220633
2026-05-08 14:14:23 - chaos - INFO - [DEBUG] 故障清理成功: corrupt_dupf-upu-dupf02-4-6cf676c74d-drjs5_ns-dupf_1778220633
2026-05-08 14:14:23 - chaos - INFO - 标记故障已恢复：corrupt_dupf-upu-dupf02-4-6cf676c74d-drjs5_ns-dupf_1778220633
2026-05-08 14:14:23 - chaos - INFO - 任务执行成功: UPU Slave 数据包破坏 (耗时: 230.46s)
2026-05-08 14:14:23 - chaos - INFO - 
================================================================================
                           Workflow Execution Report                            
================================================================================
Workflow ID    : upu_parallel_network_corrupt_001
Workflow Name  : UPU 并行网络数据包破坏工作流
Status         : SUCCESS
Start Time     : 2026-05-08 14:10:21
End Time       : 2026-05-08 14:14:23
Total Duration : 241.64s
Success Rate   : 100.00%
================================================================================

Task Results:
--------------------------------------------------------------------------------
  [SUCCESS ] UPU Master 数据包破坏               Duration: 224.76s  Group: N/A
  [SUCCESS ] UPU Slave 数据包破坏                Duration: 230.46s  Group: N/A

================================================================================
Summary Statistics
================================================================================
Total Tasks    : 2
Success        : 2
Failed         : 0
Timeout        : 0
Skipped        : 0
================================================================================
2026-05-08 14:14:23 - chaos - INFO - ============================================================
2026-05-08 14:14:23 - chaos - INFO - 执行 workflow 级别的 auto_clear
2026-05-08 14:14:23 - chaos - INFO - ============================================================
2026-05-08 14:14:23 - chaos - INFO - 需要清理的环境: 1_ssh_remote
2026-05-08 14:14:23 - chaos - INFO - 清理环境 1_ssh_remote 的网络故障...
2026-05-08 14:14:23 - chaos - INFO - 获取 Pod 列表，namespace: ns-dupf, nodename: dupf01
2026-05-08 14:14:16 - chaos - INFO - 找到 15 个 Pod
2026-05-08 14:14:16 - chaos - INFO - 找到 15 个 pod
2026-05-08 14:14:16 - chaos - INFO - 清除 Pod dupf-ddb-shd-0-2 的网络故障
2026-05-08 14:14:16 - chaos - INFO - 命名空间: ns-dupf, 网络设备: eth0
2026-05-08 14:14:16 - chaos - INFO - 获取 Pod dupf-ddb-shd-0-2 的 pause 容器 ID
2026-05-08 14:14:16 - chaos - INFO - 解析后的 pause 容器 ID: 11b9bcfdcc7d
2026-05-08 14:14:16 - chaos - INFO - 获取容器的 PID
2026-05-08 14:14:16 - chaos - INFO - 容器 ID: 11b9bcfdcc7d
2026-05-08 14:14:16 - chaos - INFO - 提取的容器 PID: 56490
2026-05-08 14:14:16 - chaos - INFO - Pod dupf-ddb-shd-0-2 的网络故障清除成功
2026-05-08 14:14:16 - chaos - INFO - 清除 Pod dupf-ddb-shd-2-0 的网络故障
2026-05-08 14:14:16 - chaos - INFO - 命名空间: ns-dupf, 网络设备: eth0
2026-05-08 14:14:16 - chaos - INFO - 获取 Pod dupf-ddb-shd-2-0 的 pause 容器 ID
2026-05-08 14:14:16 - chaos - INFO - 解析后的 pause 容器 ID: eb6741339149
2026-05-08 14:14:16 - chaos - INFO - 获取容器的 PID
2026-05-08 14:14:16 - chaos - INFO - 容器 ID: eb6741339149
2026-05-08 14:14:16 - chaos - INFO - 提取的容器 PID: 60135
2026-05-08 14:14:16 - chaos - INFO - Pod dupf-ddb-shd-2-0 的网络故障清除成功
2026-05-08 14:14:16 - chaos - INFO - 清除 Pod dupf-etcd-2 的网络故障
2026-05-08 14:14:16 - chaos - INFO - 命名空间: ns-dupf, 网络设备: eth0
2026-05-08 14:14:16 - chaos - INFO - 获取 Pod dupf-etcd-2 的 pause 容器 ID
2026-05-08 14:14:17 - chaos - INFO - 解析后的 pause 容器 ID: 3cc8373b2962
2026-05-08 14:14:17 - chaos - INFO - 获取容器的 PID
2026-05-08 14:14:17 - chaos - INFO - 容器 ID: 3cc8373b2962
2026-05-08 14:14:17 - chaos - INFO - 提取的容器 PID: 52344
2026-05-08 14:14:17 - chaos - INFO - Pod dupf-etcd-2 的网络故障清除成功
2026-05-08 14:14:17 - chaos - INFO - 清除 Pod dupf-file-sync-cp7xf 的网络故障
2026-05-08 14:14:17 - chaos - INFO - 命名空间: ns-dupf, 网络设备: eth0
2026-05-08 14:14:17 - chaos - INFO - 获取 Pod dupf-file-sync-cp7xf 的 pause 容器 ID
2026-05-08 14:14:17 - chaos - INFO - 解析后的 pause 容器 ID: d0ea761e5e4e
2026-05-08 14:14:17 - chaos - INFO - 获取容器的 PID
2026-05-08 14:14:17 - chaos - INFO - 容器 ID: d0ea761e5e4e
2026-05-08 14:14:17 - chaos - INFO - 提取的容器 PID: 55694
2026-05-08 14:14:17 - chaos - INFO - Pod dupf-file-sync-cp7xf 的网络故障清除成功
2026-05-08 14:14:17 - chaos - INFO - 清除 Pod dupf-node-monitor-67qq8 的网络故障
2026-05-08 14:14:17 - chaos - INFO - 命名空间: ns-dupf, 网络设备: eth0
2026-05-08 14:14:17 - chaos - INFO - 获取 Pod dupf-node-monitor-67qq8 的 pause 容器 ID
2026-05-08 14:14:17 - chaos - INFO - 解析后的 pause 容器 ID: 511f0726aca2
2026-05-08 14:14:17 - chaos - INFO - 获取容器的 PID
2026-05-08 14:14:17 - chaos - INFO - 容器 ID: 511f0726aca2
2026-05-08 14:14:17 - chaos - INFO - 提取的容器 PID: 55791
2026-05-08 14:14:17 - chaos - INFO - Pod dupf-node-monitor-67qq8 的网络故障清除成功
2026-05-08 14:14:17 - chaos - INFO - 清除 Pod dupf-prometheus-7f486d9788-856l7 的网络故障
2026-05-08 14:14:17 - chaos - INFO - 命名空间: ns-dupf, 网络设备: eth0
2026-05-08 14:14:17 - chaos - INFO - 获取 Pod dupf-prometheus-7f486d9788-856l7 的 pause 容器 ID
2026-05-08 14:14:18 - chaos - INFO - 解析后的 pause 容器 ID: 64a24fc1308b
2026-05-08 14:14:18 - chaos - INFO - 获取容器的 PID
2026-05-08 14:14:18 - chaos - INFO - 容器 ID: 64a24fc1308b
2026-05-08 14:14:18 - chaos - INFO - 提取的容器 PID: 52912
2026-05-08 14:14:18 - chaos - INFO - Pod dupf-prometheus-7f486d9788-856l7 的网络故障清除成功
2026-05-08 14:14:18 - chaos - INFO - 清除 Pod dupf-registry-center-2 的网络故障
2026-05-08 14:14:18 - chaos - INFO - 命名空间: ns-dupf, 网络设备: eth0
2026-05-08 14:14:18 - chaos - INFO - 获取 Pod dupf-registry-center-2 的 pause 容器 ID
2026-05-08 14:14:18 - chaos - INFO - 解析后的 pause 容器 ID: 09cccee66afb
2026-05-08 14:14:18 - chaos - INFO - 获取容器的 PID
2026-05-08 14:14:18 - chaos - INFO - 容器 ID: 09cccee66afb
2026-05-08 14:14:18 - chaos - INFO - 提取的容器 PID: 8097
2026-05-08 14:14:18 - chaos - INFO - Pod dupf-registry-center-2 的网络故障清除成功
2026-05-08 14:14:18 - chaos - INFO - 清除 Pod dupf-sdb-1 的网络故障
2026-05-08 14:14:18 - chaos - INFO - 命名空间: ns-dupf, 网络设备: eth0
2026-05-08 14:14:18 - chaos - INFO - 获取 Pod dupf-sdb-1 的 pause 容器 ID
2026-05-08 14:14:18 - chaos - INFO - 解析后的 pause 容器 ID: c83947f725c5
2026-05-08 14:14:18 - chaos - INFO - 获取容器的 PID
2026-05-08 14:14:18 - chaos - INFO - 容器 ID: c83947f725c5
2026-05-08 14:14:18 - chaos - INFO - 提取的容器 PID: 56495
2026-05-08 14:14:18 - chaos - INFO - Pod dupf-sdb-1 的网络故障清除成功
2026-05-08 14:14:18 - chaos - INFO - 清除 Pod dupf-sdb-sentinel-2 的网络故障
2026-05-08 14:14:18 - chaos - INFO - 命名空间: ns-dupf, 网络设备: eth0
2026-05-08 14:14:18 - chaos - INFO - 获取 Pod dupf-sdb-sentinel-2 的 pause 容器 ID
2026-05-08 14:14:19 - chaos - INFO - 解析后的 pause 容器 ID: 45a2fb40f9c3
2026-05-08 14:14:19 - chaos - INFO - 获取容器的 PID
2026-05-08 14:14:19 - chaos - INFO - 容器 ID: 45a2fb40f9c3
2026-05-08 14:14:19 - chaos - INFO - 提取的容器 PID: 56485
2026-05-08 14:14:19 - chaos - INFO - Pod dupf-sdb-sentinel-2 的网络故障清除成功
2026-05-08 14:14:19 - chaos - INFO - 清除 Pod dupf-sf-mq-proxy-2 的网络故障
2026-05-08 14:14:19 - chaos - INFO - 命名空间: ns-dupf, 网络设备: eth0
2026-05-08 14:14:19 - chaos - INFO - 获取 Pod dupf-sf-mq-proxy-2 的 pause 容器 ID
2026-05-08 14:14:19 - chaos - INFO - 解析后的 pause 容器 ID: aedeffcae771
2026-05-08 14:14:19 - chaos - INFO - 获取容器的 PID
2026-05-08 14:14:19 - chaos - INFO - 容器 ID: aedeffcae771
2026-05-08 14:14:19 - chaos - INFO - 提取的容器 PID: 59302
2026-05-08 14:14:19 - chaos - INFO - Pod dupf-sf-mq-proxy-2 的网络故障清除成功
2026-05-08 14:14:19 - chaos - INFO - 清除 Pod dupf-upc-5c84ff589c-btt52 的网络故障
2026-05-08 14:14:19 - chaos - INFO - 命名空间: ns-dupf, 网络设备: eth0
2026-05-08 14:14:19 - chaos - INFO - 获取 Pod dupf-upc-5c84ff589c-btt52 的 pause 容器 ID
2026-05-08 14:14:19 - chaos - INFO - 解析后的 pause 容器 ID: 30deac2c6220
2026-05-08 14:14:19 - chaos - INFO - 获取容器的 PID
2026-05-08 14:14:19 - chaos - INFO - 容器 ID: 30deac2c6220
2026-05-08 14:14:19 - chaos - INFO - 提取的容器 PID: 53503
2026-05-08 14:14:20 - chaos - INFO - Pod dupf-upc-5c84ff589c-btt52 的网络故障清除成功
2026-05-08 14:14:20 - chaos - INFO - 清除 Pod dupf-upc-5c84ff589c-fqnf7 的网络故障
2026-05-08 14:14:20 - chaos - INFO - 命名空间: ns-dupf, 网络设备: eth0
2026-05-08 14:14:20 - chaos - INFO - 获取 Pod dupf-upc-5c84ff589c-fqnf7 的 pause 容器 ID
2026-05-08 14:14:20 - chaos - INFO - 解析后的 pause 容器 ID: 6f392aa15848
2026-05-08 14:14:20 - chaos - INFO - 获取容器的 PID
2026-05-08 14:14:20 - chaos - INFO - 容器 ID: 6f392aa15848
2026-05-08 14:14:20 - chaos - INFO - 提取的容器 PID: 53471
2026-05-08 14:14:20 - chaos - INFO - Pod dupf-upc-5c84ff589c-fqnf7 的网络故障清除成功
2026-05-08 14:14:20 - chaos - INFO - 清除 Pod dupf-upu-dupf01-1-7578c56d88-dd8qf 的网络故障
2026-05-08 14:14:20 - chaos - INFO - 命名空间: ns-dupf, 网络设备: eth0
2026-05-08 14:14:20 - chaos - INFO - 获取 Pod dupf-upu-dupf01-1-7578c56d88-dd8qf 的 pause 容器 ID
2026-05-08 14:14:20 - chaos - INFO - 解析后的 pause 容器 ID: d8c18e184701
2026-05-08 14:14:20 - chaos - INFO - 获取容器的 PID
2026-05-08 14:14:20 - chaos - INFO - 容器 ID: d8c18e184701
2026-05-08 14:14:20 - chaos - INFO - 提取的容器 PID: 54289
2026-05-08 14:14:20 - chaos - INFO - Pod dupf-upu-dupf01-1-7578c56d88-dd8qf 的网络故障清除成功
2026-05-08 14:14:20 - chaos - INFO - 清除 Pod dupf-upu-dupf01-2-7cd9b494c-mcvmv 的网络故障
2026-05-08 14:14:20 - chaos - INFO - 命名空间: ns-dupf, 网络设备: eth0
2026-05-08 14:14:20 - chaos - INFO - 获取 Pod dupf-upu-dupf01-2-7cd9b494c-mcvmv 的 pause 容器 ID
2026-05-08 14:14:20 - chaos - INFO - 解析后的 pause 容器 ID: 3667a1e157c8
2026-05-08 14:14:20 - chaos - INFO - 获取容器的 PID
2026-05-08 14:14:20 - chaos - INFO - 容器 ID: 3667a1e157c8
2026-05-08 14:14:21 - chaos - INFO - 提取的容器 PID: 54447
2026-05-08 14:14:28 - chaos - INFO - Pod dupf-upu-dupf01-2-7cd9b494c-mcvmv 的网络故障清除成功
2026-05-08 14:14:28 - chaos - INFO - 清除 Pod dupf-upu-dupf01-3-585d949f88-x9fdd 的网络故障
2026-05-08 14:14:28 - chaos - INFO - 命名空间: ns-dupf, 网络设备: eth0
2026-05-08 14:14:28 - chaos - INFO - 获取 Pod dupf-upu-dupf01-3-585d949f88-x9fdd 的 pause 容器 ID
2026-05-08 14:14:28 - chaos - INFO - 解析后的 pause 容器 ID: df4f22e1420a
2026-05-08 14:14:28 - chaos - INFO - 获取容器的 PID
2026-05-08 14:14:28 - chaos - INFO - 容器 ID: df4f22e1420a
2026-05-08 14:14:20 - chaos - INFO - 提取的容器 PID: 54597
2026-05-08 14:14:20 - chaos - INFO - Pod dupf-upu-dupf01-3-585d949f88-x9fdd 的网络故障清除成功
2026-05-08 14:14:20 - chaos - INFO - 环境 1_ssh_remote 网络故障清除完成：成功 15, 失败 0
2026-05-08 14:14:20 - chaos - INFO - ============================================================
2026-05-08 14:14:20 - chaos - INFO - workflow 级别的 auto_clear 完成
2026-05-08 14:14:20 - chaos - INFO - ============================================================
2026-05-08 14:14:20 - chaos - INFO - 
================================================================================
2026-05-08 14:14:20 - chaos - INFO - 执行workflow: cases/upu/upu-master_upu-slave/workflow_parallel_delay_upu-master_upu-slave.yaml
2026-05-08 14:14:20 - chaos - INFO - ================================================================================
2026-05-08 14:14:20 - chaos - INFO - Successfully parsed workflow: upu_parallel_network_delay_001
2026-05-08 14:14:20 - chaos - INFO - ============================================================
2026-05-08 14:14:20 - chaos - INFO - 开始执行工作流: UPU 并行网络延迟工作流
2026-05-08 14:14:20 - chaos - INFO - 工作流 ID: upu_parallel_network_delay_001
2026-05-08 14:14:20 - chaos - INFO - 执行模式: parallel
2026-05-08 14:14:20 - chaos - INFO - ============================================================
2026-05-08 14:14:20 - chaos - INFO - 启动延迟 10.0s
2026-05-08 14:14:30 - chaos - INFO - 执行计划: 共 1 层
2026-05-08 14:14:30 - chaos - INFO - 
============================================================
2026-05-08 14:14:30 - chaos - INFO - 执行第 1/1 层，共 2 个任务
2026-05-08 14:14:30 - chaos - INFO - ============================================================
2026-05-08 14:14:30 - chaos - INFO - [DEBUG] 开始执行任务: UPU Master 网络延迟 (delay_upu_master)
2026-05-08 14:14:30 - chaos - INFO - [DEBUG] 任务类型: network, 故障类型: delay
2026-05-08 14:14:30 - chaos - INFO - [DEBUG] 目标: Pod: upu-master
2026-05-08 14:14:30 - chaos - INFO - [DEBUG] Duration: 240s, Loop: 1
2026-05-08 14:14:30 - chaos - INFO - [DEBUG] 任务超时时间: 300.0s
2026-05-08 14:14:30 - chaos - INFO - [DEBUG] ========== 开始执行 Case ==========
2026-05-08 14:14:30 - chaos - INFO - [DEBUG] Case名称: upu_master_delay
2026-05-08 14:14:30 - chaos - INFO - [DEBUG] Case类型: network
2026-05-08 14:14:30 - chaos - INFO - [DEBUG] 故障类型: delay
2026-05-08 14:14:30 - chaos - INFO - [DEBUG] 环境: 1_ssh_remote
2026-05-08 14:14:30 - chaos - INFO - [DEBUG] 执行 Case 迭代 1/1
2026-05-08 14:14:30 - chaos - INFO - [DEBUG] 开始获取目标列表...
2026-05-08 14:14:30 - chaos.utils.remote - INFO - 连接 root@10.230.246.167:50163 不可用，需要重连
2026-05-08 14:14:30 - chaos.utils.remote - INFO - 尝试重连: root@10.230.246.167:50163
2026-05-08 14:14:30 - chaos.utils.remote - INFO - SSH连接建立成功: 10.230.246.167:50163, 耗时: 0.11s
2026-05-08 14:14:30 - chaos.utils.remote - INFO - 重连成功: root@10.230.246.167:50163
2026-05-08 14:14:30 - chaos - INFO - 获取 UPU Pod 列表，namespace: ns-dupf, filter_type: upu-master
2026-05-08 14:14:30 - chaos - INFO - 找到 9 个 UPU Pod（过滤类型：upu-master）
2026-05-08 14:14:30 - chaos - INFO - 随机选择 Pod: dupf-upu-dupf04-10-d795f9b6d-jvcrm
2026-05-08 14:14:30 - chaos - INFO - [DEBUG] 找到 1 个目标
2026-05-08 14:14:30 - chaos - INFO - [DEBUG] ---------- 处理目标 1/1 ----------
2026-05-08 14:14:30 - chaos - INFO - [DEBUG] 目标名称: dupf-upu-dupf04-10-d795f9b6d-jvcrm
2026-05-08 14:14:30 - chaos - INFO - [DEBUG] 目标节点: None
2026-05-08 14:14:30 - chaos - INFO - [DEBUG] 创建故障注入器...
2026-05-08 14:14:30 - chaos - INFO - [DEBUG] 准备注入故障...
2026-05-08 14:14:30 - chaos - INFO - [DEBUG] 注入参数: {'fault_type': 'delay', 'correlation': ['20%', '90%'], 'distribution': ['normal', 'pareto', 'paretonormal'], 'jitter': ['10ms', '100ms'], 'time': ['100ms', '1000ms']}
2026-05-08 14:14:30 - chaos - WARNING - 无效的分布模型: ['normal', 'pareto', 'paretonormal'], 随机选择
2026-05-08 14:14:30 - chaos - INFO - 获取 Pod dupf-upu-dupf04-10-d795f9b6d-jvcrm 的 pause 容器 ID
2026-05-08 14:14:30 - chaos - INFO - 获取 Pod dupf-upu-dupf04-10-d795f9b6d-jvcrm 所在的节点，namespace: ns-dupf
2026-05-08 14:14:31 - chaos - INFO - Pod dupf-upu-dupf04-10-d795f9b6d-jvcrm 运行在节点 dupf04
2026-05-08 14:14:31 - chaos - INFO - Pod dupf-upu-dupf04-10-d795f9b6d-jvcrm 运行在节点 dupf04
2026-05-08 14:14:31 - chaos - INFO - 找到节点 dupf04 对应的环境: 4_ssh_remote
2026-05-08 14:14:31 - chaos - INFO - 解析后的 pause 容器 ID: 20171f7c71f3
2026-05-08 14:14:31 - chaos - INFO - 获取容器的 PID
2026-05-08 14:14:31 - chaos - INFO - 容器 ID: 20171f7c71f3
2026-05-08 14:14:31 - chaos - INFO - 提取的容器 PID: 23321
2026-05-08 14:14:31 - chaos - INFO - 为 Pod dupf-upu-dupf04-10-d795f9b6d-jvcrm 注入网络延迟
2026-05-08 14:14:31 - chaos - INFO - 延迟参数: {'time': '143ms', 'jitter': '76ms', 'correlation': '69%', 'distribution': 'uniform'}
2026-05-08 14:14:31 - chaos - INFO - tc 命令: tc qdisc add dev eth0 root netem delay 143ms 76ms 69% distribution uniform
2026-05-08 14:14:31 - chaos - ERROR - 网络延迟注入失败：No distribution data for uniform (/usr/lib/x86_64-linux-gnu/tc//uniform.dist: No such file or directory)

2026-05-08 14:14:31 - chaos - ERROR - [DEBUG] 在第 1 次迭代注入故障失败，目标：dupf-upu-dupf04-10-d795f9b6d-jvcrm
2026-05-08 14:14:31 - chaos - ERROR - 任务执行失败: UPU Master 网络延迟
2026-05-08 14:14:32 - chaos - INFO - [DEBUG] 开始执行任务: UPU Slave 网络延迟 (delay_upu_slave)
2026-05-08 14:14:32 - chaos - INFO - [DEBUG] 任务类型: network, 故障类型: delay
2026-05-08 14:14:32 - chaos - INFO - [DEBUG] 目标: Pod: upu-slave
2026-05-08 14:14:32 - chaos - INFO - [DEBUG] Duration: 240s, Loop: 1
2026-05-08 14:14:32 - chaos - INFO - [DEBUG] 任务超时时间: 300.0s
2026-05-08 14:14:32 - chaos - INFO - [DEBUG] ========== 开始执行 Case ==========
2026-05-08 14:14:32 - chaos - INFO - [DEBUG] Case名称: upu_slave_delay
2026-05-08 14:14:32 - chaos - INFO - [DEBUG] Case类型: network
2026-05-08 14:14:32 - chaos - INFO - [DEBUG] 故障类型: delay
2026-05-08 14:14:32 - chaos - INFO - [DEBUG] 环境: 1_ssh_remote
2026-05-08 14:14:32 - chaos - INFO - [DEBUG] 执行 Case 迭代 1/1
2026-05-08 14:14:32 - chaos - INFO - [DEBUG] 开始获取目标列表...
2026-05-08 14:14:32 - chaos - INFO - 获取 UPU Pod 列表，namespace: ns-dupf, filter_type: upu-slave
2026-05-08 14:14:32 - chaos - INFO - 找到 3 个 UPU Pod（过滤类型：upu-slave）
2026-05-08 14:14:32 - chaos - INFO - 随机选择 Pod: dupf-upu-dupf03-8-c86996c4d-2m78z
2026-05-08 14:14:32 - chaos - INFO - [DEBUG] 找到 1 个目标
2026-05-08 14:14:32 - chaos - INFO - [DEBUG] ---------- 处理目标 1/1 ----------
2026-05-08 14:14:32 - chaos - INFO - [DEBUG] 目标名称: dupf-upu-dupf03-8-c86996c4d-2m78z
2026-05-08 14:14:32 - chaos - INFO - [DEBUG] 目标节点: None
2026-05-08 14:14:32 - chaos - INFO - [DEBUG] 创建故障注入器...
2026-05-08 14:14:32 - chaos - INFO - [DEBUG] 准备注入故障...
2026-05-08 14:14:32 - chaos - INFO - [DEBUG] 注入参数: {'fault_type': 'delay', 'correlation': ['20%', '90%'], 'distribution': ['normal', 'pareto', 'paretonormal'], 'jitter': ['10ms', '100ms'], 'time': ['100ms', '1000ms']}
2026-05-08 14:14:32 - chaos - WARNING - 无效的分布模型: ['normal', 'pareto', 'paretonormal'], 随机选择
2026-05-08 14:14:32 - chaos - INFO - 获取 Pod dupf-upu-dupf03-8-c86996c4d-2m78z 的 pause 容器 ID
2026-05-08 14:14:32 - chaos - INFO - 获取 Pod dupf-upu-dupf03-8-c86996c4d-2m78z 所在的节点，namespace: ns-dupf
2026-05-08 14:14:32 - chaos - INFO - Pod dupf-upu-dupf03-8-c86996c4d-2m78z 运行在节点 dupf03
2026-05-08 14:14:32 - chaos - INFO - Pod dupf-upu-dupf03-8-c86996c4d-2m78z 运行在节点 dupf03
2026-05-08 14:14:32 - chaos - INFO - 找到节点 dupf03 对应的环境: 3_ssh_remote
2026-05-08 14:14:32 - chaos.utils.remote - INFO - 创建新连接: root@10.230.246.169:50163
2026-05-08 14:14:32 - chaos.utils.remote - INFO - SSH连接建立成功: 10.230.246.169:50163, 耗时: 0.12s
2026-05-08 14:14:32 - chaos.utils.remote - INFO - 新连接创建成功: root@10.230.246.169:50163，当前连接池大小: 4
2026-05-08 14:14:35 - chaos - INFO - 解析后的 pause 容器 ID: cdf69ecd148b
2026-05-08 14:14:35 - chaos - INFO - 获取容器的 PID
2026-05-08 14:14:35 - chaos - INFO - 容器 ID: cdf69ecd148b
2026-05-08 14:14:35 - chaos - INFO - 提取的容器 PID: 32720
2026-05-08 14:14:35 - chaos - INFO - 为 Pod dupf-upu-dupf03-8-c86996c4d-2m78z 注入网络延迟
2026-05-08 14:14:35 - chaos - INFO - 延迟参数: {'time': '729ms', 'jitter': '62ms', 'correlation': '39%', 'distribution': 'uniform'}
2026-05-08 14:14:35 - chaos - INFO - tc 命令: tc qdisc add dev eth0 root netem delay 729ms 62ms 39% distribution uniform
2026-05-08 14:14:35 - chaos - ERROR - 网络延迟注入失败：No distribution data for uniform (/usr/lib/x86_64-linux-gnu/tc//uniform.dist: No such file or directory)

2026-05-08 14:14:35 - chaos - ERROR - [DEBUG] 在第 1 次迭代注入故障失败，目标：dupf-upu-dupf03-8-c86996c4d-2m78z
2026-05-08 14:14:35 - chaos - ERROR - 任务执行失败: UPU Slave 网络延迟
2026-05-08 14:14:35 - chaos - INFO - 
================================================================================
                           Workflow Execution Report                            
================================================================================
Workflow ID    : upu_parallel_network_delay_001
Workflow Name  : UPU 并行网络延迟工作流
Status         : FAILED
Start Time     : 2026-05-08 14:14:20
End Time       : 2026-05-08 14:14:35
Total Duration : 14.73s
Success Rate   : 0.00%
================================================================================

Task Results:
--------------------------------------------------------------------------------
  [FAILED  ] UPU Master 网络延迟                Duration:   0.73s  Group: N/A
  [FAILED  ] UPU Slave 网络延迟                 Duration:   3.54s  Group: N/A

================================================================================
Summary Statistics
================================================================================
Total Tasks    : 2
Success        : 0
Failed         : 2
Timeout        : 0
Skipped        : 0
================================================================================
2026-05-08 14:14:35 - chaos - INFO - ============================================================
2026-05-08 14:14:35 - chaos - INFO - 执行 workflow 级别的 auto_clear
2026-05-08 14:14:35 - chaos - INFO - ============================================================
2026-05-08 14:14:35 - chaos - INFO - 需要清理的环境: 1_ssh_remote
2026-05-08 14:14:35 - chaos - INFO - 清理环境 1_ssh_remote 的网络故障...
2026-05-08 14:14:35 - chaos - INFO - 获取 Pod 列表，namespace: ns-dupf, nodename: dupf01
2026-05-08 14:14:43 - chaos - INFO - 找到 15 个 Pod
2026-05-08 14:14:43 - chaos - INFO - 找到 15 个 pod
2026-05-08 14:14:43 - chaos - INFO - 清除 Pod dupf-ddb-shd-0-2 的网络故障
2026-05-08 14:14:43 - chaos - INFO - 命名空间: ns-dupf, 网络设备: eth0
2026-05-08 14:14:43 - chaos - INFO - 获取 Pod dupf-ddb-shd-0-2 的 pause 容器 ID
2026-05-08 14:14:43 - chaos - INFO - 解析后的 pause 容器 ID: 11b9bcfdcc7d
2026-05-08 14:14:43 - chaos - INFO - 获取容器的 PID
2026-05-08 14:14:43 - chaos - INFO - 容器 ID: 11b9bcfdcc7d
2026-05-08 14:14:35 - chaos - INFO - 提取的容器 PID: 56490
2026-05-08 14:14:36 - chaos - INFO - Pod dupf-ddb-shd-0-2 的网络故障清除成功
2026-05-08 14:14:36 - chaos - INFO - 清除 Pod dupf-ddb-shd-2-0 的网络故障
2026-05-08 14:14:36 - chaos - INFO - 命名空间: ns-dupf, 网络设备: eth0
2026-05-08 14:14:36 - chaos - INFO - 获取 Pod dupf-ddb-shd-2-0 的 pause 容器 ID
2026-05-08 14:14:36 - chaos - INFO - 解析后的 pause 容器 ID: eb6741339149
2026-05-08 14:14:36 - chaos - INFO - 获取容器的 PID
2026-05-08 14:14:36 - chaos - INFO - 容器 ID: eb6741339149
2026-05-08 14:14:36 - chaos - INFO - 提取的容器 PID: 60135
2026-05-08 14:14:36 - chaos - INFO - Pod dupf-ddb-shd-2-0 的网络故障清除成功
2026-05-08 14:14:36 - chaos - INFO - 清除 Pod dupf-etcd-2 的网络故障
2026-05-08 14:14:36 - chaos - INFO - 命名空间: ns-dupf, 网络设备: eth0
2026-05-08 14:14:36 - chaos - INFO - 获取 Pod dupf-etcd-2 的 pause 容器 ID
2026-05-08 14:14:36 - chaos - INFO - 解析后的 pause 容器 ID: 3cc8373b2962
2026-05-08 14:14:36 - chaos - INFO - 获取容器的 PID
2026-05-08 14:14:36 - chaos - INFO - 容器 ID: 3cc8373b2962
2026-05-08 14:14:36 - chaos - INFO - 提取的容器 PID: 52344
2026-05-08 14:14:36 - chaos - INFO - Pod dupf-etcd-2 的网络故障清除成功
2026-05-08 14:14:36 - chaos - INFO - 清除 Pod dupf-file-sync-cp7xf 的网络故障
2026-05-08 14:14:36 - chaos - INFO - 命名空间: ns-dupf, 网络设备: eth0
2026-05-08 14:14:36 - chaos - INFO - 获取 Pod dupf-file-sync-cp7xf 的 pause 容器 ID
2026-05-08 14:14:36 - chaos - INFO - 解析后的 pause 容器 ID: d0ea761e5e4e
2026-05-08 14:14:36 - chaos - INFO - 获取容器的 PID
2026-05-08 14:14:36 - chaos - INFO - 容器 ID: d0ea761e5e4e
2026-05-08 14:14:36 - chaos - INFO - 提取的容器 PID: 55694
2026-05-08 14:14:37 - chaos - INFO - Pod dupf-file-sync-cp7xf 的网络故障清除成功
2026-05-08 14:14:37 - chaos - INFO - 清除 Pod dupf-node-monitor-67qq8 的网络故障
2026-05-08 14:14:37 - chaos - INFO - 命名空间: ns-dupf, 网络设备: eth0
2026-05-08 14:14:37 - chaos - INFO - 获取 Pod dupf-node-monitor-67qq8 的 pause 容器 ID
2026-05-08 14:14:37 - chaos - INFO - 解析后的 pause 容器 ID: 511f0726aca2
2026-05-08 14:14:37 - chaos - INFO - 获取容器的 PID
2026-05-08 14:14:37 - chaos - INFO - 容器 ID: 511f0726aca2
2026-05-08 14:14:37 - chaos - INFO - 提取的容器 PID: 55791
2026-05-08 14:14:37 - chaos - INFO - Pod dupf-node-monitor-67qq8 的网络故障清除成功
2026-05-08 14:14:37 - chaos - INFO - 清除 Pod dupf-prometheus-7f486d9788-856l7 的网络故障
2026-05-08 14:14:37 - chaos - INFO - 命名空间: ns-dupf, 网络设备: eth0
2026-05-08 14:14:37 - chaos - INFO - 获取 Pod dupf-prometheus-7f486d9788-856l7 的 pause 容器 ID
2026-05-08 14:14:37 - chaos - INFO - 解析后的 pause 容器 ID: 64a24fc1308b
2026-05-08 14:14:37 - chaos - INFO - 获取容器的 PID
2026-05-08 14:14:37 - chaos - INFO - 容器 ID: 64a24fc1308b
2026-05-08 14:14:37 - chaos - INFO - 提取的容器 PID: 52912
2026-05-08 14:14:37 - chaos - INFO - Pod dupf-prometheus-7f486d9788-856l7 的网络故障清除成功
2026-05-08 14:14:37 - chaos - INFO - 清除 Pod dupf-registry-center-2 的网络故障
2026-05-08 14:14:37 - chaos - INFO - 命名空间: ns-dupf, 网络设备: eth0
2026-05-08 14:14:37 - chaos - INFO - 获取 Pod dupf-registry-center-2 的 pause 容器 ID
2026-05-08 14:14:37 - chaos - INFO - 解析后的 pause 容器 ID: 09cccee66afb
2026-05-08 14:14:37 - chaos - INFO - 获取容器的 PID
2026-05-08 14:14:37 - chaos - INFO - 容器 ID: 09cccee66afb
2026-05-08 14:14:38 - chaos - INFO - 提取的容器 PID: 8097
2026-05-08 14:14:38 - chaos - INFO - Pod dupf-registry-center-2 的网络故障清除成功
2026-05-08 14:14:38 - chaos - INFO - 清除 Pod dupf-sdb-1 的网络故障
2026-05-08 14:14:38 - chaos - INFO - 命名空间: ns-dupf, 网络设备: eth0
2026-05-08 14:14:38 - chaos - INFO - 获取 Pod dupf-sdb-1 的 pause 容器 ID
2026-05-08 14:14:38 - chaos - INFO - 解析后的 pause 容器 ID: c83947f725c5
2026-05-08 14:14:38 - chaos - INFO - 获取容器的 PID
2026-05-08 14:14:38 - chaos - INFO - 容器 ID: c83947f725c5
2026-05-08 14:14:38 - chaos - INFO - 提取的容器 PID: 56495
2026-05-08 14:14:38 - chaos - INFO - Pod dupf-sdb-1 的网络故障清除成功
2026-05-08 14:14:38 - chaos - INFO - 清除 Pod dupf-sdb-sentinel-2 的网络故障
2026-05-08 14:14:38 - chaos - INFO - 命名空间: ns-dupf, 网络设备: eth0
2026-05-08 14:14:38 - chaos - INFO - 获取 Pod dupf-sdb-sentinel-2 的 pause 容器 ID
2026-05-08 14:14:38 - chaos - INFO - 解析后的 pause 容器 ID: 45a2fb40f9c3
2026-05-08 14:14:38 - chaos - INFO - 获取容器的 PID
2026-05-08 14:14:38 - chaos - INFO - 容器 ID: 45a2fb40f9c3
2026-05-08 14:14:38 - chaos - INFO - 提取的容器 PID: 56485
2026-05-08 14:14:38 - chaos - INFO - Pod dupf-sdb-sentinel-2 的网络故障清除成功
2026-05-08 14:14:38 - chaos - INFO - 清除 Pod dupf-sf-mq-proxy-2 的网络故障
2026-05-08 14:14:38 - chaos - INFO - 命名空间: ns-dupf, 网络设备: eth0
2026-05-08 14:14:38 - chaos - INFO - 获取 Pod dupf-sf-mq-proxy-2 的 pause 容器 ID
2026-05-08 14:14:39 - chaos - INFO - 解析后的 pause 容器 ID: aedeffcae771
2026-05-08 14:14:39 - chaos - INFO - 获取容器的 PID
2026-05-08 14:14:39 - chaos - INFO - 容器 ID: aedeffcae771
2026-05-08 14:14:39 - chaos - INFO - 提取的容器 PID: 59302
2026-05-08 14:14:39 - chaos - INFO - Pod dupf-sf-mq-proxy-2 的网络故障清除成功
2026-05-08 14:14:39 - chaos - INFO - 清除 Pod dupf-upc-5c84ff589c-btt52 的网络故障
2026-05-08 14:14:39 - chaos - INFO - 命名空间: ns-dupf, 网络设备: eth0
2026-05-08 14:14:39 - chaos - INFO - 获取 Pod dupf-upc-5c84ff589c-btt52 的 pause 容器 ID
2026-05-08 14:14:39 - chaos - INFO - 解析后的 pause 容器 ID: 30deac2c6220
2026-05-08 14:14:39 - chaos - INFO - 获取容器的 PID
2026-05-08 14:14:39 - chaos - INFO - 容器 ID: 30deac2c6220
2026-05-08 14:14:39 - chaos - INFO - 提取的容器 PID: 53503
2026-05-08 14:14:39 - chaos - INFO - Pod dupf-upc-5c84ff589c-btt52 的网络故障清除成功
2026-05-08 14:14:39 - chaos - INFO - 清除 Pod dupf-upc-5c84ff589c-fqnf7 的网络故障
2026-05-08 14:14:39 - chaos - INFO - 命名空间: ns-dupf, 网络设备: eth0
2026-05-08 14:14:39 - chaos - INFO - 获取 Pod dupf-upc-5c84ff589c-fqnf7 的 pause 容器 ID
2026-05-08 14:14:39 - chaos - INFO - 解析后的 pause 容器 ID: 6f392aa15848
2026-05-08 14:14:39 - chaos - INFO - 获取容器的 PID
2026-05-08 14:14:39 - chaos - INFO - 容器 ID: 6f392aa15848
2026-05-08 14:14:39 - chaos - INFO - 提取的容器 PID: 53471
2026-05-08 14:14:39 - chaos - INFO - Pod dupf-upc-5c84ff589c-fqnf7 的网络故障清除成功
2026-05-08 14:14:39 - chaos - INFO - 清除 Pod dupf-upu-dupf01-1-7578c56d88-dd8qf 的网络故障
2026-05-08 14:14:39 - chaos - INFO - 命名空间: ns-dupf, 网络设备: eth0
2026-05-08 14:14:39 - chaos - INFO - 获取 Pod dupf-upu-dupf01-1-7578c56d88-dd8qf 的 pause 容器 ID
2026-05-08 14:14:40 - chaos - INFO - 解析后的 pause 容器 ID: d8c18e184701
2026-05-08 14:14:40 - chaos - INFO - 获取容器的 PID
2026-05-08 14:14:40 - chaos - INFO - 容器 ID: d8c18e184701
2026-05-08 14:14:40 - chaos - INFO - 提取的容器 PID: 54289
2026-05-08 14:14:40 - chaos - INFO - Pod dupf-upu-dupf01-1-7578c56d88-dd8qf 的网络故障清除成功
2026-05-08 14:14:40 - chaos - INFO - 清除 Pod dupf-upu-dupf01-2-7cd9b494c-mcvmv 的网络故障
2026-05-08 14:14:40 - chaos - INFO - 命名空间: ns-dupf, 网络设备: eth0
2026-05-08 14:14:40 - chaos - INFO - 获取 Pod dupf-upu-dupf01-2-7cd9b494c-mcvmv 的 pause 容器 ID
2026-05-08 14:14:40 - chaos - INFO - 解析后的 pause 容器 ID: 3667a1e157c8
2026-05-08 14:14:40 - chaos - INFO - 获取容器的 PID
2026-05-08 14:14:40 - chaos - INFO - 容器 ID: 3667a1e157c8
2026-05-08 14:14:40 - chaos - INFO - 提取的容器 PID: 54447
2026-05-08 14:14:40 - chaos - INFO - Pod dupf-upu-dupf01-2-7cd9b494c-mcvmv 的网络故障清除成功
2026-05-08 14:14:40 - chaos - INFO - 清除 Pod dupf-upu-dupf01-3-585d949f88-x9fdd 的网络故障
2026-05-08 14:14:40 - chaos - INFO - 命名空间: ns-dupf, 网络设备: eth0
2026-05-08 14:14:40 - chaos - INFO - 获取 Pod dupf-upu-dupf01-3-585d949f88-x9fdd 的 pause 容器 ID
2026-05-08 14:14:40 - chaos - INFO - 解析后的 pause 容器 ID: df4f22e1420a
2026-05-08 14:14:40 - chaos - INFO - 获取容器的 PID
2026-05-08 14:14:40 - chaos - INFO - 容器 ID: df4f22e1420a
2026-05-08 14:14:40 - chaos - INFO - 提取的容器 PID: 54597
2026-05-08 14:14:40 - chaos - INFO - Pod dupf-upu-dupf01-3-585d949f88-x9fdd 的网络故障清除成功
2026-05-08 14:14:40 - chaos - INFO - 环境 1_ssh_remote 网络故障清除完成：成功 15, 失败 0
2026-05-08 14:14:40 - chaos - INFO - ============================================================
2026-05-08 14:14:40 - chaos - INFO - workflow 级别的 auto_clear 完成
2026-05-08 14:14:40 - chaos - INFO - ============================================================
2026-05-08 14:14:40 - chaos - INFO - 
================================================================================
2026-05-08 14:14:40 - chaos - INFO - 执行workflow: cases/upu/upu-master_upu-slave/workflow_parallel_delete_upu-master_upu-slave.yaml
2026-05-08 14:14:40 - chaos - INFO - ================================================================================
2026-05-08 14:14:40 - chaos - INFO - Successfully parsed workflow: upu_parallel_pod_delete_001
2026-05-08 14:14:40 - chaos - INFO - ============================================================
2026-05-08 14:14:40 - chaos - INFO - 开始执行工作流: UPU 并行 Pod 删除工作流
2026-05-08 14:14:40 - chaos - INFO - 工作流 ID: upu_parallel_pod_delete_001
2026-05-08 14:14:40 - chaos - INFO - 执行模式: parallel
2026-05-08 14:14:40 - chaos - INFO - ============================================================
2026-05-08 14:14:40 - chaos - INFO - 启动延迟 10.0s
2026-05-08 14:14:50 - chaos - INFO - 执行计划: 共 1 层
2026-05-08 14:14:50 - chaos - INFO - 
============================================================
2026-05-08 14:14:50 - chaos - INFO - 执行第 1/1 层，共 2 个任务
2026-05-08 14:14:50 - chaos - INFO - ============================================================
2026-05-08 14:14:50 - chaos - INFO - [DEBUG] 开始执行任务: UPU Master Pod 删除 (delete_upu_master)
2026-05-08 14:14:50 - chaos - INFO - [DEBUG] 任务类型: pod, 故障类型: delete
2026-05-08 14:14:50 - chaos - INFO - [DEBUG] 目标: Pod: upu-master
2026-05-08 14:14:50 - chaos - INFO - [DEBUG] Duration: 240s, Loop: 1
2026-05-08 14:14:50 - chaos - INFO - [DEBUG] 任务超时时间: 300.0s
2026-05-08 14:14:50 - chaos - INFO - [DEBUG] ========== 开始执行 Case ==========
2026-05-08 14:14:50 - chaos - INFO - [DEBUG] Case名称: upu_master_delete
2026-05-08 14:14:50 - chaos - INFO - [DEBUG] Case类型: pod
2026-05-08 14:14:50 - chaos - INFO - [DEBUG] 故障类型: delete
2026-05-08 14:14:50 - chaos - INFO - [DEBUG] 环境: 1_ssh_remote
2026-05-08 14:14:50 - chaos - INFO - [DEBUG] 执行 Case 迭代 1/1
2026-05-08 14:14:50 - chaos - INFO - [DEBUG] 开始获取目标列表...
2026-05-08 14:14:50 - chaos.utils.remote - INFO - 连接 root@10.230.246.167:50163 不可用，需要重连
2026-05-08 14:14:50 - chaos.utils.remote - INFO - 尝试重连: root@10.230.246.167:50163
2026-05-08 14:14:50 - chaos.utils.remote - INFO - SSH连接建立成功: 10.230.246.167:50163, 耗时: 0.11s
2026-05-08 14:14:50 - chaos.utils.remote - INFO - 重连成功: root@10.230.246.167:50163
2026-05-08 14:14:50 - chaos - INFO - 获取 UPU Pod 列表，namespace: ns-dupf, filter_type: upu-master
2026-05-08 14:14:58 - chaos - INFO - 找到 9 个 UPU Pod（过滤类型：upu-master）
2026-05-08 14:14:58 - chaos - INFO - 随机选择 Pod: dupf-upu-dupf01-2-7cd9b494c-mcvmv
2026-05-08 14:14:58 - chaos - INFO - [DEBUG] 找到 1 个目标
2026-05-08 14:14:58 - chaos - INFO - [DEBUG] ---------- 处理目标 1/1 ----------
2026-05-08 14:14:58 - chaos - INFO - [DEBUG] 目标名称: dupf-upu-dupf01-2-7cd9b494c-mcvmv
2026-05-08 14:14:58 - chaos - INFO - [DEBUG] 目标节点: None
2026-05-08 14:14:58 - chaos - INFO - [DEBUG] 创建故障注入器...
2026-05-08 14:14:58 - chaos - INFO - [DEBUG] 准备注入故障...
2026-05-08 14:14:58 - chaos - INFO - [DEBUG] 注入参数: {'fault_type': 'delete'}
2026-05-08 14:14:58 - chaos - INFO - 删除 Pod: dupf-upu-dupf01-2-7cd9b494c-mcvmv (namespace: ns-dupf)
2026-05-08 14:14:58 - chaos - INFO - Pod dupf-upu-dupf01-2-7cd9b494c-mcvmv 删除成功
2026-05-08 14:14:58 - chaos - INFO - [DEBUG] 故障注入成功
2026-05-08 14:14:58 - chaos - INFO - [DEBUG] 故障ID: delete_dupf-upu-dupf01-2-7cd9b494c-mcvmv_ns-dupf_1778220898
2026-05-08 14:14:58 - chaos - INFO - 记录故障：delete_dupf-upu-dupf01-2-7cd9b494c-mcvmv_ns-dupf_1778220898
2026-05-08 14:14:58 - chaos - INFO - [DEBUG] 开始等待 duration: 240s (240.0秒)
2026-05-08 14:14:51 - chaos - INFO - [DEBUG] 开始执行任务: UPU Slave Pod 删除 (delete_upu_slave)
2026-05-08 14:14:51 - chaos - INFO - [DEBUG] 任务类型: pod, 故障类型: delete
2026-05-08 14:14:51 - chaos - INFO - [DEBUG] 目标: Pod: upu-slave
2026-05-08 14:14:51 - chaos - INFO - [DEBUG] Duration: 240s, Loop: 1
2026-05-08 14:14:51 - chaos - INFO - [DEBUG] 任务超时时间: 300.0s
2026-05-08 14:14:51 - chaos - INFO - [DEBUG] ========== 开始执行 Case ==========
2026-05-08 14:14:51 - chaos - INFO - [DEBUG] Case名称: upu_slave_delete
2026-05-08 14:14:51 - chaos - INFO - [DEBUG] Case类型: pod
2026-05-08 14:14:51 - chaos - INFO - [DEBUG] 故障类型: delete
2026-05-08 14:14:51 - chaos - INFO - [DEBUG] 环境: 1_ssh_remote
2026-05-08 14:14:51 - chaos - INFO - [DEBUG] 执行 Case 迭代 1/1
2026-05-08 14:14:51 - chaos - INFO - [DEBUG] 开始获取目标列表...
2026-05-08 14:14:51 - chaos - INFO - 获取 UPU Pod 列表，namespace: ns-dupf, filter_type: upu-slave
2026-05-08 14:14:52 - chaos - INFO - 找到 3 个 UPU Pod（过滤类型：upu-slave）
2026-05-08 14:14:52 - chaos - INFO - 随机选择 Pod: dupf-upu-dupf04-12-56b5ddb4fb-lv5c2
2026-05-08 14:14:52 - chaos - INFO - [DEBUG] 找到 1 个目标
2026-05-08 14:14:52 - chaos - INFO - [DEBUG] ---------- 处理目标 1/1 ----------
2026-05-08 14:14:52 - chaos - INFO - [DEBUG] 目标名称: dupf-upu-dupf04-12-56b5ddb4fb-lv5c2
2026-05-08 14:14:52 - chaos - INFO - [DEBUG] 目标节点: None
2026-05-08 14:14:52 - chaos - INFO - [DEBUG] 创建故障注入器...
2026-05-08 14:14:52 - chaos - INFO - [DEBUG] 准备注入故障...
2026-05-08 14:14:52 - chaos - INFO - [DEBUG] 注入参数: {'fault_type': 'delete'}
2026-05-08 14:14:52 - chaos - INFO - 删除 Pod: dupf-upu-dupf04-12-56b5ddb4fb-lv5c2 (namespace: ns-dupf)
2026-05-08 14:14:52 - chaos - INFO - Pod dupf-upu-dupf04-12-56b5ddb4fb-lv5c2 删除成功
2026-05-08 14:14:52 - chaos - INFO - [DEBUG] 故障注入成功
2026-05-08 14:14:52 - chaos - INFO - [DEBUG] 故障ID: delete_dupf-upu-dupf04-12-56b5ddb4fb-lv5c2_ns-dupf_1778220892
2026-05-08 14:14:52 - chaos - INFO - 记录故障：delete_dupf-upu-dupf04-12-56b5ddb4fb-lv5c2_ns-dupf_1778220892
2026-05-08 14:14:52 - chaos - INFO - [DEBUG] 开始等待 duration: 240s (240.0秒)
2026-05-08 14:18:29 - chaos - INFO - [DEBUG] duration 等待完成
2026-05-08 14:18:29 - chaos - INFO - [DEBUG] 开始清理故障: delete_dupf-upu-dupf01-2-7cd9b494c-mcvmv_ns-dupf_1778220898
2026-05-08 14:18:29 - chaos - INFO - Pod 故障自动恢复：delete_dupf-upu-dupf01-2-7cd9b494c-mcvmv_ns-dupf_1778220898
2026-05-08 14:18:29 - chaos - INFO - [DEBUG] 故障清理成功: delete_dupf-upu-dupf01-2-7cd9b494c-mcvmv_ns-dupf_1778220898
2026-05-08 14:18:29 - chaos - INFO - 标记故障已恢复：delete_dupf-upu-dupf01-2-7cd9b494c-mcvmv_ns-dupf_1778220898
2026-05-08 14:18:29 - chaos - INFO - 任务执行成功: UPU Master Pod 删除 (耗时: 219.51s)
2026-05-08 14:18:31 - chaos - INFO - [DEBUG] duration 等待完成
2026-05-08 14:18:31 - chaos - INFO - [DEBUG] 开始清理故障: delete_dupf-upu-dupf04-12-56b5ddb4fb-lv5c2_ns-dupf_1778220892
2026-05-08 14:18:31 - chaos - INFO - Pod 故障自动恢复：delete_dupf-upu-dupf04-12-56b5ddb4fb-lv5c2_ns-dupf_1778220892
2026-05-08 14:18:31 - chaos - INFO - [DEBUG] 故障清理成功: delete_dupf-upu-dupf04-12-56b5ddb4fb-lv5c2_ns-dupf_1778220892
2026-05-08 14:18:38 - chaos - INFO - 标记故障已恢复：delete_dupf-upu-dupf04-12-56b5ddb4fb-lv5c2_ns-dupf_1778220892
2026-05-08 14:18:38 - chaos - INFO - 任务执行成功: UPU Slave Pod 删除 (耗时: 226.77s)
2026-05-08 14:18:38 - chaos - INFO - 
================================================================================
                           Workflow Execution Report                            
================================================================================
Workflow ID    : upu_parallel_pod_delete_001
Workflow Name  : UPU 并行 Pod 删除工作流
Status         : SUCCESS
Start Time     : 2026-05-08 14:14:40
End Time       : 2026-05-08 14:18:38
Total Duration : 237.76s
Success Rate   : 100.00%
================================================================================

Task Results:
--------------------------------------------------------------------------------
  [SUCCESS ] UPU Master Pod 删除              Duration: 219.51s  Group: N/A
  [SUCCESS ] UPU Slave Pod 删除               Duration: 226.77s  Group: N/A

================================================================================
Summary Statistics
================================================================================
Total Tasks    : 2
Success        : 2
Failed         : 0
Timeout        : 0
Skipped        : 0
================================================================================
2026-05-08 14:18:38 - chaos - INFO - 
================================================================================
2026-05-08 14:18:38 - chaos - INFO - 执行workflow: cases/upu/upu-master_upu-slave/workflow_parallel_duplicate_upu-master_upu-slave.yaml
2026-05-08 14:18:38 - chaos - INFO - ================================================================================
2026-05-08 14:18:38 - chaos - INFO - Successfully parsed workflow: upu_parallel_network_duplicate_001
2026-05-08 14:18:38 - chaos - INFO - ============================================================
2026-05-08 14:18:38 - chaos - INFO - 开始执行工作流: UPU 并行网络数据包重复工作流
2026-05-08 14:18:38 - chaos - INFO - 工作流 ID: upu_parallel_network_duplicate_001
2026-05-08 14:18:38 - chaos - INFO - 执行模式: parallel
2026-05-08 14:18:38 - chaos - INFO - ============================================================
2026-05-08 14:18:38 - chaos - INFO - 启动延迟 10.0s
2026-05-08 14:18:40 - chaos - INFO - 执行计划: 共 1 层
2026-05-08 14:18:40 - chaos - INFO - 
============================================================
2026-05-08 14:18:40 - chaos - INFO - 执行第 1/1 层，共 2 个任务
2026-05-08 14:18:40 - chaos - INFO - ============================================================
2026-05-08 14:18:40 - chaos - INFO - [DEBUG] 开始执行任务: UPU Master 数据包重复 (duplicate_upu_master)
2026-05-08 14:18:40 - chaos - INFO - [DEBUG] 任务类型: network, 故障类型: duplicate
2026-05-08 14:18:40 - chaos - INFO - [DEBUG] 目标: Pod: upu-master
2026-05-08 14:18:40 - chaos - INFO - [DEBUG] Duration: 240s, Loop: 1
2026-05-08 14:18:40 - chaos - INFO - [DEBUG] 任务超时时间: 300.0s
2026-05-08 14:18:40 - chaos - INFO - [DEBUG] ========== 开始执行 Case ==========
2026-05-08 14:18:40 - chaos - INFO - [DEBUG] Case名称: upu_master_duplicate
2026-05-08 14:18:40 - chaos - INFO - [DEBUG] Case类型: network
2026-05-08 14:18:40 - chaos - INFO - [DEBUG] 故障类型: duplicate
2026-05-08 14:18:40 - chaos - INFO - [DEBUG] 环境: 1_ssh_remote
2026-05-08 14:18:40 - chaos - INFO - [DEBUG] 执行 Case 迭代 1/1
2026-05-08 14:18:40 - chaos - INFO - [DEBUG] 开始获取目标列表...
2026-05-08 14:18:40 - chaos - INFO - 获取 UPU Pod 列表，namespace: ns-dupf, filter_type: upu-master
2026-05-08 14:18:41 - chaos - INFO - 找到 9 个 UPU Pod（过滤类型：upu-master）
2026-05-08 14:18:41 - chaos - INFO - 随机选择 Pod: dupf-upu-dupf04-11-ff6798bf5-9v75t
2026-05-08 14:18:41 - chaos - INFO - [DEBUG] 找到 1 个目标
2026-05-08 14:18:41 - chaos - INFO - [DEBUG] ---------- 处理目标 1/1 ----------
2026-05-08 14:18:41 - chaos - INFO - [DEBUG] 目标名称: dupf-upu-dupf04-11-ff6798bf5-9v75t
2026-05-08 14:18:41 - chaos - INFO - [DEBUG] 目标节点: None
2026-05-08 14:18:41 - chaos - INFO - [DEBUG] 创建故障注入器...
2026-05-08 14:18:41 - chaos - INFO - [DEBUG] 准备注入故障...
2026-05-08 14:18:41 - chaos - INFO - [DEBUG] 注入参数: {'fault_type': 'duplicate', 'correlation': ['30%', '90%'], 'percent': ['10%', '90%']}
2026-05-08 14:18:41 - chaos - INFO - 获取 Pod dupf-upu-dupf04-11-ff6798bf5-9v75t 的 pause 容器 ID
2026-05-08 14:18:41 - chaos - INFO - 获取 Pod dupf-upu-dupf04-11-ff6798bf5-9v75t 所在的节点，namespace: ns-dupf
2026-05-08 14:18:41 - chaos - INFO - Pod dupf-upu-dupf04-11-ff6798bf5-9v75t 运行在节点 dupf04
2026-05-08 14:18:41 - chaos - INFO - Pod dupf-upu-dupf04-11-ff6798bf5-9v75t 运行在节点 dupf04
2026-05-08 14:18:41 - chaos - INFO - 找到节点 dupf04 对应的环境: 4_ssh_remote
2026-05-08 14:18:41 - chaos - INFO - 解析后的 pause 容器 ID: 3c61c707063f
2026-05-08 14:18:41 - chaos - INFO - 获取容器的 PID
2026-05-08 14:18:41 - chaos - INFO - 容器 ID: 3c61c707063f
2026-05-08 14:18:48 - chaos - INFO - 提取的容器 PID: 23404
2026-05-08 14:18:48 - chaos - INFO - 为 Pod dupf-upu-dupf04-11-ff6798bf5-9v75t 注入网络数据包重复
2026-05-08 14:18:48 - chaos - INFO - 重复比例: 89%
2026-05-08 14:18:48 - chaos - INFO - 相关性: 81%
2026-05-08 14:18:48 - chaos - INFO - tc 命令: tc qdisc add dev eth0 root netem duplicate 89% 81%
2026-05-08 14:18:48 - chaos - INFO - 网络数据包重复注入成功
2026-05-08 14:18:48 - chaos - INFO - [DEBUG] 故障注入成功
2026-05-08 14:18:48 - chaos - INFO - [DEBUG] 故障ID: duplicate_dupf-upu-dupf04-11-ff6798bf5-9v75t_ns-dupf_1778221121
2026-05-08 14:18:48 - chaos - INFO - 记录故障：duplicate_dupf-upu-dupf04-11-ff6798bf5-9v75t_ns-dupf_1778221121
2026-05-08 14:18:48 - chaos - INFO - [DEBUG] 开始等待 duration: 240s (240.0秒)
2026-05-08 14:18:42 - chaos - INFO - [DEBUG] 开始执行任务: UPU Slave 数据包重复 (duplicate_upu_slave)
2026-05-08 14:18:42 - chaos - INFO - [DEBUG] 任务类型: network, 故障类型: duplicate
2026-05-08 14:18:42 - chaos - INFO - [DEBUG] 目标: Pod: upu-slave
2026-05-08 14:18:42 - chaos - INFO - [DEBUG] Duration: 240s, Loop: 1
2026-05-08 14:18:42 - chaos - INFO - [DEBUG] 任务超时时间: 300.0s
2026-05-08 14:18:42 - chaos - INFO - [DEBUG] ========== 开始执行 Case ==========
2026-05-08 14:18:42 - chaos - INFO - [DEBUG] Case名称: upu_slave_duplicate
2026-05-08 14:18:42 - chaos - INFO - [DEBUG] Case类型: network
2026-05-08 14:18:42 - chaos - INFO - [DEBUG] 故障类型: duplicate
2026-05-08 14:18:42 - chaos - INFO - [DEBUG] 环境: 1_ssh_remote
2026-05-08 14:18:42 - chaos - INFO - [DEBUG] 执行 Case 迭代 1/1
2026-05-08 14:18:42 - chaos - INFO - [DEBUG] 开始获取目标列表...
2026-05-08 14:18:42 - chaos - INFO - 获取 UPU Pod 列表，namespace: ns-dupf, filter_type: upu-slave
2026-05-08 14:18:42 - chaos - INFO - 找到 3 个 UPU Pod（过滤类型：upu-slave）
2026-05-08 14:18:42 - chaos - INFO - 随机选择 Pod: dupf-upu-dupf02-4-6cf676c74d-drjs5
2026-05-08 14:18:42 - chaos - INFO - [DEBUG] 找到 1 个目标
2026-05-08 14:18:42 - chaos - INFO - [DEBUG] ---------- 处理目标 1/1 ----------
2026-05-08 14:18:42 - chaos - INFO - [DEBUG] 目标名称: dupf-upu-dupf02-4-6cf676c74d-drjs5
2026-05-08 14:18:42 - chaos - INFO - [DEBUG] 目标节点: None
2026-05-08 14:18:42 - chaos - INFO - [DEBUG] 创建故障注入器...
2026-05-08 14:18:42 - chaos - INFO - [DEBUG] 准备注入故障...
2026-05-08 14:18:42 - chaos - INFO - [DEBUG] 注入参数: {'fault_type': 'duplicate', 'correlation': ['30%', '90%'], 'percent': ['10%', '90%']}
2026-05-08 14:18:42 - chaos - INFO - 获取 Pod dupf-upu-dupf02-4-6cf676c74d-drjs5 的 pause 容器 ID
2026-05-08 14:18:42 - chaos - INFO - 获取 Pod dupf-upu-dupf02-4-6cf676c74d-drjs5 所在的节点，namespace: ns-dupf
2026-05-08 14:18:42 - chaos - INFO - Pod dupf-upu-dupf02-4-6cf676c74d-drjs5 运行在节点 dupf02
2026-05-08 14:18:42 - chaos - INFO - Pod dupf-upu-dupf02-4-6cf676c74d-drjs5 运行在节点 dupf02
2026-05-08 14:18:42 - chaos - INFO - 找到节点 dupf02 对应的环境: 2_ssh_remote
2026-05-08 14:18:43 - chaos - INFO - 解析后的 pause 容器 ID: 3eaa0454a9c7
2026-05-08 14:18:43 - chaos - INFO - 获取容器的 PID
2026-05-08 14:18:43 - chaos - INFO - 容器 ID: 3eaa0454a9c7
2026-05-08 14:18:43 - chaos - INFO - 提取的容器 PID: 31355
2026-05-08 14:18:43 - chaos - INFO - 为 Pod dupf-upu-dupf02-4-6cf676c74d-drjs5 注入网络数据包重复
2026-05-08 14:18:43 - chaos - INFO - 重复比例: 60%
2026-05-08 14:18:43 - chaos - INFO - 相关性: 32%
2026-05-08 14:18:43 - chaos - INFO - tc 命令: tc qdisc add dev eth0 root netem duplicate 60% 32%
2026-05-08 14:18:43 - chaos - INFO - 网络数据包重复注入成功
2026-05-08 14:18:43 - chaos - INFO - [DEBUG] 故障注入成功
2026-05-08 14:18:43 - chaos - INFO - [DEBUG] 故障ID: duplicate_dupf-upu-dupf02-4-6cf676c74d-drjs5_ns-dupf_1778221122
2026-05-08 14:18:43 - chaos - INFO - 记录故障：duplicate_dupf-upu-dupf02-4-6cf676c74d-drjs5_ns-dupf_1778221122
2026-05-08 14:18:43 - chaos - INFO - [DEBUG] 开始等待 duration: 240s (240.0秒)
2026-05-08 14:22:19 - chaos - INFO - [DEBUG] duration 等待完成
2026-05-08 14:22:19 - chaos - INFO - [DEBUG] 开始清理故障: duplicate_dupf-upu-dupf04-11-ff6798bf5-9v75t_ns-dupf_1778221121
2026-05-08 14:22:19 - chaos - INFO - 获取 Pod dupf-upu-dupf04-11-ff6798bf5-9v75t 的 pause 容器 ID
2026-05-08 14:22:19 - chaos - INFO - 获取 Pod dupf-upu-dupf04-11-ff6798bf5-9v75t 所在的节点，namespace: ns-dupf
2026-05-08 14:22:19 - chaos - INFO - Pod dupf-upu-dupf04-11-ff6798bf5-9v75t 运行在节点 dupf04
2026-05-08 14:22:19 - chaos - INFO - Pod dupf-upu-dupf04-11-ff6798bf5-9v75t 运行在节点 dupf04
2026-05-08 14:22:19 - chaos - INFO - 找到节点 dupf04 对应的环境: 4_ssh_remote
2026-05-08 14:22:20 - chaos - INFO - 解析后的 pause 容器 ID: 3c61c707063f
2026-05-08 14:22:20 - chaos - INFO - 获取容器的 PID
2026-05-08 14:22:20 - chaos - INFO - 容器 ID: 3c61c707063f
2026-05-08 14:22:20 - chaos - INFO - 提取的容器 PID: 23404
2026-05-08 14:22:20 - chaos - INFO - 恢复网络故障：duplicate_dupf-upu-dupf04-11-ff6798bf5-9v75t_ns-dupf_1778221121
2026-05-08 14:22:20 - chaos - INFO - [DEBUG] 故障清理成功: duplicate_dupf-upu-dupf04-11-ff6798bf5-9v75t_ns-dupf_1778221121
2026-05-08 14:22:20 - chaos - INFO - 标记故障已恢复：duplicate_dupf-upu-dupf04-11-ff6798bf5-9v75t_ns-dupf_1778221121
2026-05-08 14:22:20 - chaos - INFO - 任务执行成功: UPU Master 数据包重复 (耗时: 219.45s)
2026-05-08 14:22:21 - chaos - INFO - [DEBUG] duration 等待完成
2026-05-08 14:22:21 - chaos - INFO - [DEBUG] 开始清理故障: duplicate_dupf-upu-dupf02-4-6cf676c74d-drjs5_ns-dupf_1778221122
2026-05-08 14:22:21 - chaos - INFO - 获取 Pod dupf-upu-dupf02-4-6cf676c74d-drjs5 的 pause 容器 ID
2026-05-08 14:22:21 - chaos - INFO - 获取 Pod dupf-upu-dupf02-4-6cf676c74d-drjs5 所在的节点，namespace: ns-dupf
2026-05-08 14:22:29 - chaos - INFO - Pod dupf-upu-dupf02-4-6cf676c74d-drjs5 运行在节点 dupf02
2026-05-08 14:22:29 - chaos - INFO - Pod dupf-upu-dupf02-4-6cf676c74d-drjs5 运行在节点 dupf02
2026-05-08 14:22:29 - chaos - INFO - 找到节点 dupf02 对应的环境: 2_ssh_remote
2026-05-08 14:22:29 - chaos - INFO - 解析后的 pause 容器 ID: 3eaa0454a9c7
2026-05-08 14:22:29 - chaos - INFO - 获取容器的 PID
2026-05-08 14:22:29 - chaos - INFO - 容器 ID: 3eaa0454a9c7
2026-05-08 14:22:29 - chaos - INFO - 提取的容器 PID: 31355
2026-05-08 14:22:29 - chaos - INFO - 恢复网络故障：duplicate_dupf-upu-dupf02-4-6cf676c74d-drjs5_ns-dupf_1778221122
2026-05-08 14:22:29 - chaos - INFO - [DEBUG] 故障清理成功: duplicate_dupf-upu-dupf02-4-6cf676c74d-drjs5_ns-dupf_1778221122
2026-05-08 14:22:21 - chaos - INFO - 标记故障已恢复：duplicate_dupf-upu-dupf02-4-6cf676c74d-drjs5_ns-dupf_1778221122
2026-05-08 14:22:21 - chaos - INFO - 任务执行成功: UPU Slave 数据包重复 (耗时: 219.49s)
2026-05-08 14:22:21 - chaos - INFO - 
================================================================================
                           Workflow Execution Report                            
================================================================================
Workflow ID    : upu_parallel_network_duplicate_001
Workflow Name  : UPU 并行网络数据包重复工作流
Status         : SUCCESS
Start Time     : 2026-05-08 14:18:38
End Time       : 2026-05-08 14:22:21
Total Duration : 223.12s
Success Rate   : 100.00%
================================================================================

Task Results:
--------------------------------------------------------------------------------
  [SUCCESS ] UPU Master 数据包重复               Duration: 219.45s  Group: N/A
  [SUCCESS ] UPU Slave 数据包重复                Duration: 219.49s  Group: N/A

================================================================================
Summary Statistics
================================================================================
Total Tasks    : 2
Success        : 2
Failed         : 0
Timeout        : 0
Skipped        : 0
================================================================================
2026-05-08 14:22:21 - chaos - INFO - ============================================================
2026-05-08 14:22:21 - chaos - INFO - 执行 workflow 级别的 auto_clear
2026-05-08 14:22:21 - chaos - INFO - ============================================================
2026-05-08 14:22:21 - chaos - INFO - 需要清理的环境: 1_ssh_remote
2026-05-08 14:22:21 - chaos - INFO - 清理环境 1_ssh_remote 的网络故障...
2026-05-08 14:22:21 - chaos - INFO - 获取 Pod 列表，namespace: ns-dupf, nodename: dupf01
2026-05-08 14:22:22 - chaos - INFO - 找到 15 个 Pod
2026-05-08 14:22:22 - chaos - INFO - 找到 15 个 pod
2026-05-08 14:22:22 - chaos - INFO - 清除 Pod dupf-ddb-shd-0-2 的网络故障
2026-05-08 14:22:22 - chaos - INFO - 命名空间: ns-dupf, 网络设备: eth0
2026-05-08 14:22:22 - chaos - INFO - 获取 Pod dupf-ddb-shd-0-2 的 pause 容器 ID
2026-05-08 14:22:22 - chaos - INFO - 解析后的 pause 容器 ID: 11b9bcfdcc7d
2026-05-08 14:22:22 - chaos - INFO - 获取容器的 PID
2026-05-08 14:22:22 - chaos - INFO - 容器 ID: 11b9bcfdcc7d
2026-05-08 14:22:22 - chaos - INFO - 提取的容器 PID: 56490
2026-05-08 14:22:22 - chaos - INFO - Pod dupf-ddb-shd-0-2 的网络故障清除成功
2026-05-08 14:22:22 - chaos - INFO - 清除 Pod dupf-ddb-shd-2-0 的网络故障
2026-05-08 14:22:22 - chaos - INFO - 命名空间: ns-dupf, 网络设备: eth0
2026-05-08 14:22:22 - chaos - INFO - 获取 Pod dupf-ddb-shd-2-0 的 pause 容器 ID
2026-05-08 14:22:22 - chaos - INFO - 解析后的 pause 容器 ID: eb6741339149
2026-05-08 14:22:22 - chaos - INFO - 获取容器的 PID
2026-05-08 14:22:22 - chaos - INFO - 容器 ID: eb6741339149
2026-05-08 14:22:22 - chaos - INFO - 提取的容器 PID: 60135
2026-05-08 14:22:22 - chaos - INFO - Pod dupf-ddb-shd-2-0 的网络故障清除成功
2026-05-08 14:22:22 - chaos - INFO - 清除 Pod dupf-etcd-2 的网络故障
2026-05-08 14:22:22 - chaos - INFO - 命名空间: ns-dupf, 网络设备: eth0
2026-05-08 14:22:22 - chaos - INFO - 获取 Pod dupf-etcd-2 的 pause 容器 ID
2026-05-08 14:22:23 - chaos - INFO - 解析后的 pause 容器 ID: 3cc8373b2962
2026-05-08 14:22:23 - chaos - INFO - 获取容器的 PID
2026-05-08 14:22:23 - chaos - INFO - 容器 ID: 3cc8373b2962
2026-05-08 14:22:23 - chaos - INFO - 提取的容器 PID: 52344
2026-05-08 14:22:23 - chaos - INFO - Pod dupf-etcd-2 的网络故障清除成功
2026-05-08 14:22:23 - chaos - INFO - 清除 Pod dupf-file-sync-cp7xf 的网络故障
2026-05-08 14:22:23 - chaos - INFO - 命名空间: ns-dupf, 网络设备: eth0
2026-05-08 14:22:23 - chaos - INFO - 获取 Pod dupf-file-sync-cp7xf 的 pause 容器 ID
2026-05-08 14:22:23 - chaos - INFO - 解析后的 pause 容器 ID: d0ea761e5e4e
2026-05-08 14:22:23 - chaos - INFO - 获取容器的 PID
2026-05-08 14:22:23 - chaos - INFO - 容器 ID: d0ea761e5e4e
2026-05-08 14:22:23 - chaos - INFO - 提取的容器 PID: 55694
2026-05-08 14:22:23 - chaos - INFO - Pod dupf-file-sync-cp7xf 的网络故障清除成功
2026-05-08 14:22:23 - chaos - INFO - 清除 Pod dupf-node-monitor-67qq8 的网络故障
2026-05-08 14:22:23 - chaos - INFO - 命名空间: ns-dupf, 网络设备: eth0
2026-05-08 14:22:23 - chaos - INFO - 获取 Pod dupf-node-monitor-67qq8 的 pause 容器 ID
2026-05-08 14:22:23 - chaos - INFO - 解析后的 pause 容器 ID: 511f0726aca2
2026-05-08 14:22:23 - chaos - INFO - 获取容器的 PID
2026-05-08 14:22:23 - chaos - INFO - 容器 ID: 511f0726aca2
2026-05-08 14:22:23 - chaos - INFO - 提取的容器 PID: 55791
2026-05-08 14:22:23 - chaos - INFO - Pod dupf-node-monitor-67qq8 的网络故障清除成功
2026-05-08 14:22:23 - chaos - INFO - 清除 Pod dupf-prometheus-7f486d9788-856l7 的网络故障
2026-05-08 14:22:23 - chaos - INFO - 命名空间: ns-dupf, 网络设备: eth0
2026-05-08 14:22:23 - chaos - INFO - 获取 Pod dupf-prometheus-7f486d9788-856l7 的 pause 容器 ID
2026-05-08 14:22:24 - chaos - INFO - 解析后的 pause 容器 ID: 64a24fc1308b
2026-05-08 14:22:24 - chaos - INFO - 获取容器的 PID
2026-05-08 14:22:24 - chaos - INFO - 容器 ID: 64a24fc1308b
2026-05-08 14:22:24 - chaos - INFO - 提取的容器 PID: 52912
2026-05-08 14:22:24 - chaos - INFO - Pod dupf-prometheus-7f486d9788-856l7 的网络故障清除成功
2026-05-08 14:22:24 - chaos - INFO - 清除 Pod dupf-registry-center-2 的网络故障
2026-05-08 14:22:24 - chaos - INFO - 命名空间: ns-dupf, 网络设备: eth0
2026-05-08 14:22:24 - chaos - INFO - 获取 Pod dupf-registry-center-2 的 pause 容器 ID
2026-05-08 14:22:24 - chaos - INFO - 解析后的 pause 容器 ID: 09cccee66afb
2026-05-08 14:22:24 - chaos - INFO - 获取容器的 PID
2026-05-08 14:22:24 - chaos - INFO - 容器 ID: 09cccee66afb
2026-05-08 14:22:24 - chaos - INFO - 提取的容器 PID: 8097
2026-05-08 14:22:24 - chaos - INFO - Pod dupf-registry-center-2 的网络故障清除成功
2026-05-08 14:22:24 - chaos - INFO - 清除 Pod dupf-sdb-1 的网络故障
2026-05-08 14:22:24 - chaos - INFO - 命名空间: ns-dupf, 网络设备: eth0
2026-05-08 14:22:24 - chaos - INFO - 获取 Pod dupf-sdb-1 的 pause 容器 ID
2026-05-08 14:22:24 - chaos - INFO - 解析后的 pause 容器 ID: c83947f725c5
2026-05-08 14:22:24 - chaos - INFO - 获取容器的 PID
2026-05-08 14:22:24 - chaos - INFO - 容器 ID: c83947f725c5
2026-05-08 14:22:24 - chaos - INFO - 提取的容器 PID: 56495
2026-05-08 14:22:25 - chaos - INFO - Pod dupf-sdb-1 的网络故障清除成功
2026-05-08 14:22:25 - chaos - INFO - 清除 Pod dupf-sdb-sentinel-2 的网络故障
2026-05-08 14:22:25 - chaos - INFO - 命名空间: ns-dupf, 网络设备: eth0
2026-05-08 14:22:25 - chaos - INFO - 获取 Pod dupf-sdb-sentinel-2 的 pause 容器 ID
2026-05-08 14:22:25 - chaos - INFO - 解析后的 pause 容器 ID: 45a2fb40f9c3
2026-05-08 14:22:25 - chaos - INFO - 获取容器的 PID
2026-05-08 14:22:25 - chaos - INFO - 容器 ID: 45a2fb40f9c3
2026-05-08 14:22:25 - chaos - INFO - 提取的容器 PID: 56485
2026-05-08 14:22:25 - chaos - INFO - Pod dupf-sdb-sentinel-2 的网络故障清除成功
2026-05-08 14:22:25 - chaos - INFO - 清除 Pod dupf-sf-mq-proxy-2 的网络故障
2026-05-08 14:22:25 - chaos - INFO - 命名空间: ns-dupf, 网络设备: eth0
2026-05-08 14:22:25 - chaos - INFO - 获取 Pod dupf-sf-mq-proxy-2 的 pause 容器 ID
2026-05-08 14:22:25 - chaos - INFO - 解析后的 pause 容器 ID: aedeffcae771
2026-05-08 14:22:25 - chaos - INFO - 获取容器的 PID
2026-05-08 14:22:25 - chaos - INFO - 容器 ID: aedeffcae771
2026-05-08 14:22:25 - chaos - INFO - 提取的容器 PID: 59302
2026-05-08 14:22:25 - chaos - INFO - Pod dupf-sf-mq-proxy-2 的网络故障清除成功
2026-05-08 14:22:25 - chaos - INFO - 清除 Pod dupf-upc-5c84ff589c-btt52 的网络故障
2026-05-08 14:22:25 - chaos - INFO - 命名空间: ns-dupf, 网络设备: eth0
2026-05-08 14:22:25 - chaos - INFO - 获取 Pod dupf-upc-5c84ff589c-btt52 的 pause 容器 ID
2026-05-08 14:22:25 - chaos - INFO - 解析后的 pause 容器 ID: 30deac2c6220
2026-05-08 14:22:25 - chaos - INFO - 获取容器的 PID
2026-05-08 14:22:25 - chaos - INFO - 容器 ID: 30deac2c6220
2026-05-08 14:22:25 - chaos - INFO - 提取的容器 PID: 53503
2026-05-08 14:22:26 - chaos - INFO - Pod dupf-upc-5c84ff589c-btt52 的网络故障清除成功
2026-05-08 14:22:26 - chaos - INFO - 清除 Pod dupf-upc-5c84ff589c-fqnf7 的网络故障
2026-05-08 14:22:26 - chaos - INFO - 命名空间: ns-dupf, 网络设备: eth0
2026-05-08 14:22:26 - chaos - INFO - 获取 Pod dupf-upc-5c84ff589c-fqnf7 的 pause 容器 ID
2026-05-08 14:22:26 - chaos - INFO - 解析后的 pause 容器 ID: 6f392aa15848
2026-05-08 14:22:26 - chaos - INFO - 获取容器的 PID
2026-05-08 14:22:26 - chaos - INFO - 容器 ID: 6f392aa15848
2026-05-08 14:22:26 - chaos - INFO - 提取的容器 PID: 53471
2026-05-08 14:22:26 - chaos - INFO - Pod dupf-upc-5c84ff589c-fqnf7 的网络故障清除成功
2026-05-08 14:22:26 - chaos - INFO - 清除 Pod dupf-upu-dupf01-1-7578c56d88-dd8qf 的网络故障
2026-05-08 14:22:26 - chaos - INFO - 命名空间: ns-dupf, 网络设备: eth0
2026-05-08 14:22:26 - chaos - INFO - 获取 Pod dupf-upu-dupf01-1-7578c56d88-dd8qf 的 pause 容器 ID
2026-05-08 14:22:26 - chaos - INFO - 解析后的 pause 容器 ID: d8c18e184701
2026-05-08 14:22:26 - chaos - INFO - 获取容器的 PID
2026-05-08 14:22:26 - chaos - INFO - 容器 ID: d8c18e184701
2026-05-08 14:22:26 - chaos - INFO - 提取的容器 PID: 54289
2026-05-08 14:22:26 - chaos - INFO - Pod dupf-upu-dupf01-1-7578c56d88-dd8qf 的网络故障清除成功
2026-05-08 14:22:26 - chaos - INFO - 清除 Pod dupf-upu-dupf01-2-7cd9b494c-5wrzj 的网络故障
2026-05-08 14:22:26 - chaos - INFO - 命名空间: ns-dupf, 网络设备: eth0
2026-05-08 14:22:26 - chaos - INFO - 获取 Pod dupf-upu-dupf01-2-7cd9b494c-5wrzj 的 pause 容器 ID
2026-05-08 14:22:26 - chaos - INFO - 解析后的 pause 容器 ID: 045e1b477bbf
2026-05-08 14:22:26 - chaos - INFO - 获取容器的 PID
2026-05-08 14:22:26 - chaos - INFO - 容器 ID: 045e1b477bbf
2026-05-08 14:22:27 - chaos - INFO - 提取的容器 PID: 33786
2026-05-08 14:22:34 - chaos - INFO - Pod dupf-upu-dupf01-2-7cd9b494c-5wrzj 的网络故障清除成功
2026-05-08 14:22:34 - chaos - INFO - 清除 Pod dupf-upu-dupf01-3-585d949f88-x9fdd 的网络故障
2026-05-08 14:22:34 - chaos - INFO - 命名空间: ns-dupf, 网络设备: eth0
2026-05-08 14:22:34 - chaos - INFO - 获取 Pod dupf-upu-dupf01-3-585d949f88-x9fdd 的 pause 容器 ID
2026-05-08 14:22:34 - chaos - INFO - 解析后的 pause 容器 ID: df4f22e1420a
2026-05-08 14:22:34 - chaos - INFO - 获取容器的 PID
2026-05-08 14:22:34 - chaos - INFO - 容器 ID: df4f22e1420a
2026-05-08 14:22:26 - chaos - INFO - 提取的容器 PID: 54597
2026-05-08 14:22:26 - chaos - INFO - Pod dupf-upu-dupf01-3-585d949f88-x9fdd 的网络故障清除成功
2026-05-08 14:22:26 - chaos - INFO - 环境 1_ssh_remote 网络故障清除完成：成功 15, 失败 0
2026-05-08 14:22:26 - chaos - INFO - ============================================================
2026-05-08 14:22:26 - chaos - INFO - workflow 级别的 auto_clear 完成
2026-05-08 14:22:26 - chaos - INFO - ============================================================
2026-05-08 14:22:26 - chaos - INFO - 
================================================================================
2026-05-08 14:22:26 - chaos - INFO - 执行workflow: cases/upu/upu-master_upu-slave/workflow_parallel_kill_upu-master_upu-slave.yaml
2026-05-08 14:22:26 - chaos - INFO - ================================================================================
2026-05-08 14:22:26 - chaos - INFO - Successfully parsed workflow: upu_parallel_process_kill_001
2026-05-08 14:22:26 - chaos - INFO - ============================================================
2026-05-08 14:22:27 - chaos - INFO - 开始执行工作流: UPU 并行进程杀除工作流
2026-05-08 14:22:27 - chaos - INFO - 工作流 ID: upu_parallel_process_kill_001
2026-05-08 14:22:27 - chaos - INFO - 执行模式: parallel
2026-05-08 14:22:27 - chaos - INFO - ============================================================
2026-05-08 14:22:27 - chaos - INFO - 启动延迟 10.0s
2026-05-08 14:22:36 - chaos - INFO - 执行计划: 共 1 层
2026-05-08 14:22:36 - chaos - INFO - 
============================================================
2026-05-08 14:22:36 - chaos - INFO - 执行第 1/1 层，共 2 个任务
2026-05-08 14:22:36 - chaos - INFO - ============================================================
2026-05-08 14:22:36 - chaos - INFO - [DEBUG] 开始执行任务: UPU Master 进程杀除 (kill_upu_master)
2026-05-08 14:22:36 - chaos - INFO - [DEBUG] 任务类型: process, 故障类型: kill
2026-05-08 14:22:36 - chaos - INFO - [DEBUG] 目标: Pod: upu-master
2026-05-08 14:22:36 - chaos - INFO - [DEBUG] Duration: 240s, Loop: 1
2026-05-08 14:22:36 - chaos - INFO - [DEBUG] 任务超时时间: 300.0s
2026-05-08 14:22:36 - chaos - INFO - [DEBUG] ========== 开始执行 Case ==========
2026-05-08 14:22:36 - chaos - INFO - [DEBUG] Case名称: upu_master_kill
2026-05-08 14:22:36 - chaos - INFO - [DEBUG] Case类型: process
2026-05-08 14:22:36 - chaos - INFO - [DEBUG] 故障类型: kill
2026-05-08 14:22:36 - chaos - INFO - [DEBUG] 环境: 1_ssh_remote
2026-05-08 14:22:36 - chaos - INFO - [DEBUG] 执行 Case 迭代 1/1
2026-05-08 14:22:36 - chaos - INFO - [DEBUG] 开始获取目标列表...
2026-05-08 14:22:36 - chaos.utils.remote - INFO - 连接 root@10.230.246.167:50163 不可用，需要重连
2026-05-08 14:22:36 - chaos.utils.remote - INFO - 尝试重连: root@10.230.246.167:50163
2026-05-08 14:22:36 - chaos.utils.remote - INFO - SSH连接建立成功: 10.230.246.167:50163, 耗时: 0.11s
2026-05-08 14:22:36 - chaos.utils.remote - INFO - 重连成功: root@10.230.246.167:50163
2026-05-08 14:22:36 - chaos - INFO - 获取 UPU Pod 列表，namespace: ns-dupf, filter_type: upu-master
2026-05-08 14:22:36 - chaos - INFO - 找到 9 个 UPU Pod（过滤类型：upu-master）
2026-05-08 14:22:36 - chaos - INFO - 随机选择 Pod: dupf-upu-dupf04-10-d795f9b6d-jvcrm
2026-05-08 14:22:36 - chaos - INFO - [DEBUG] 找到 1 个目标
2026-05-08 14:22:36 - chaos - INFO - [DEBUG] ---------- 处理目标 1/1 ----------
2026-05-08 14:22:36 - chaos - INFO - [DEBUG] 目标名称: dupf-upu-dupf04-10-d795f9b6d-jvcrm
2026-05-08 14:22:36 - chaos - INFO - [DEBUG] 目标节点: None
2026-05-08 14:22:36 - chaos - INFO - [DEBUG] 创建故障注入器...
2026-05-08 14:22:36 - chaos - INFO - [DEBUG] 准备注入故障...
2026-05-08 14:22:36 - chaos - INFO - [DEBUG] 注入参数: {'fault_type': 'kill', 'main_process_pid': 1, 'signal': 15}
2026-05-08 14:22:36 - chaos - INFO - Kill 进程: Pod=dupf-upu-dupf04-10-d795f9b6d-jvcrm, Namespace=ns-dupf, Signal=15, PID=1
2026-05-08 14:22:37 - chaos - INFO - 进程 kill 成功: Signal=15, PID=1
2026-05-08 14:22:37 - chaos - INFO - [DEBUG] 故障注入成功
2026-05-08 14:22:37 - chaos - INFO - [DEBUG] 故障ID: process_kill_dupf-upu-dupf04-10-d795f9b6d-jvcrm_ns-dupf_15_1_1778221356
2026-05-08 14:22:37 - chaos - INFO - 记录故障：process_kill_dupf-upu-dupf04-10-d795f9b6d-jvcrm_ns-dupf_15_1_1778221356
2026-05-08 14:22:37 - chaos - INFO - [DEBUG] 开始等待 duration: 240s (240.0秒)
2026-05-08 14:22:38 - chaos - INFO - [DEBUG] 开始执行任务: UPU Slave 进程杀除 (kill_upu_slave)
2026-05-08 14:22:38 - chaos - INFO - [DEBUG] 任务类型: process, 故障类型: kill
2026-05-08 14:22:38 - chaos - INFO - [DEBUG] 目标: Pod: upu-slave
2026-05-08 14:22:38 - chaos - INFO - [DEBUG] Duration: 240s, Loop: 1
2026-05-08 14:22:38 - chaos - INFO - [DEBUG] 任务超时时间: 300.0s
2026-05-08 14:22:38 - chaos - INFO - [DEBUG] ========== 开始执行 Case ==========
2026-05-08 14:22:38 - chaos - INFO - [DEBUG] Case名称: upu_slave_kill
2026-05-08 14:22:38 - chaos - INFO - [DEBUG] Case类型: process
2026-05-08 14:22:38 - chaos - INFO - [DEBUG] 故障类型: kill
2026-05-08 14:22:38 - chaos - INFO - [DEBUG] 环境: 1_ssh_remote
2026-05-08 14:22:38 - chaos - INFO - [DEBUG] 执行 Case 迭代 1/1
2026-05-08 14:22:38 - chaos - INFO - [DEBUG] 开始获取目标列表...
2026-05-08 14:22:38 - chaos - INFO - 获取 UPU Pod 列表，namespace: ns-dupf, filter_type: upu-slave
2026-05-08 14:22:38 - chaos - INFO - 找到 3 个 UPU Pod（过滤类型：upu-slave）
2026-05-08 14:22:38 - chaos - INFO - 随机选择 Pod: dupf-upu-dupf04-12-56b5ddb4fb-2j4rs
2026-05-08 14:22:38 - chaos - INFO - [DEBUG] 找到 1 个目标
2026-05-08 14:22:38 - chaos - INFO - [DEBUG] ---------- 处理目标 1/1 ----------
2026-05-08 14:22:38 - chaos - INFO - [DEBUG] 目标名称: dupf-upu-dupf04-12-56b5ddb4fb-2j4rs
2026-05-08 14:22:38 - chaos - INFO - [DEBUG] 目标节点: None
2026-05-08 14:22:38 - chaos - INFO - [DEBUG] 创建故障注入器...
2026-05-08 14:22:38 - chaos - INFO - [DEBUG] 准备注入故障...
2026-05-08 14:22:38 - chaos - INFO - [DEBUG] 注入参数: {'fault_type': 'kill', 'main_process_pid': 1, 'signal': 15}
2026-05-08 14:22:38 - chaos - INFO - Kill 进程: Pod=dupf-upu-dupf04-12-56b5ddb4fb-2j4rs, Namespace=ns-dupf, Signal=15, PID=1
2026-05-08 14:22:38 - chaos - INFO - 进程 kill 成功: Signal=15, PID=1
2026-05-08 14:22:38 - chaos - INFO - [DEBUG] 故障注入成功
2026-05-08 14:22:38 - chaos - INFO - [DEBUG] 故障ID: process_kill_dupf-upu-dupf04-12-56b5ddb4fb-2j4rs_ns-dupf_15_1_1778221358
2026-05-08 14:22:39 - chaos - INFO - 记录故障：process_kill_dupf-upu-dupf04-12-56b5ddb4fb-2j4rs_ns-dupf_15_1_1778221358
2026-05-08 14:22:39 - chaos - INFO - [DEBUG] 开始等待 duration: 240s (240.0秒)
2026-05-08 14:26:20 - chaos - INFO - [DEBUG] duration 等待完成
2026-05-08 14:26:20 - chaos - INFO - [DEBUG] 开始清理故障: process_kill_dupf-upu-dupf04-10-d795f9b6d-jvcrm_ns-dupf_15_1_1778221356
2026-05-08 14:26:20 - chaos - INFO - 进程故障自动恢复（进程守护自动拉起）: process_kill_dupf-upu-dupf04-10-d795f9b6d-jvcrm_ns-dupf_15_1_1778221356
2026-05-08 14:26:20 - chaos - INFO - [DEBUG] 故障清理成功: process_kill_dupf-upu-dupf04-10-d795f9b6d-jvcrm_ns-dupf_15_1_1778221356
2026-05-08 14:26:20 - chaos - INFO - 标记故障已恢复：process_kill_dupf-upu-dupf04-10-d795f9b6d-jvcrm_ns-dupf_15_1_1778221356
2026-05-08 14:26:20 - chaos - INFO - 任务执行成功: UPU Master 进程杀除 (耗时: 223.74s)
2026-05-08 14:26:22 - chaos - INFO - [DEBUG] duration 等待完成
2026-05-08 14:26:22 - chaos - INFO - [DEBUG] 开始清理故障: process_kill_dupf-upu-dupf04-12-56b5ddb4fb-2j4rs_ns-dupf_15_1_1778221358
2026-05-08 14:26:22 - chaos - INFO - 进程故障自动恢复（进程守护自动拉起）: process_kill_dupf-upu-dupf04-12-56b5ddb4fb-2j4rs_ns-dupf_15_1_1778221358
2026-05-08 14:26:22 - chaos - INFO - [DEBUG] 故障清理成功: process_kill_dupf-upu-dupf04-12-56b5ddb4fb-2j4rs_ns-dupf_15_1_1778221358
2026-05-08 14:26:22 - chaos - INFO - 标记故障已恢复：process_kill_dupf-upu-dupf04-12-56b5ddb4fb-2j4rs_ns-dupf_15_1_1778221358
2026-05-08 14:26:22 - chaos - INFO - 任务执行成功: UPU Slave 进程杀除 (耗时: 223.91s)
2026-05-08 14:26:22 - chaos - INFO - 
================================================================================
                           Workflow Execution Report                            
================================================================================
Workflow ID    : upu_parallel_process_kill_001
Workflow Name  : UPU 并行进程杀除工作流
Status         : SUCCESS
Start Time     : 2026-05-08 14:22:26
End Time       : 2026-05-08 14:26:22
Total Duration : 235.11s
Success Rate   : 100.00%
================================================================================

Task Results:
--------------------------------------------------------------------------------
  [SUCCESS ] UPU Master 进程杀除                Duration: 223.74s  Group: N/A
  [SUCCESS ] UPU Slave 进程杀除                 Duration: 223.91s  Group: N/A

================================================================================
Summary Statistics
================================================================================
Total Tasks    : 2
Success        : 2
Failed         : 0
Timeout        : 0
Skipped        : 0
================================================================================
2026-05-08 14:26:22 - chaos - INFO - 
================================================================================
2026-05-08 14:26:22 - chaos - INFO - 执行workflow: cases/upu/upu-master_upu-slave/workflow_parallel_loss_upu-master_upu-slave.yaml
2026-05-08 14:26:22 - chaos - INFO - ================================================================================
2026-05-08 14:26:22 - chaos - INFO - Successfully parsed workflow: upu_parallel_network_loss_001
2026-05-08 14:26:22 - chaos - INFO - ============================================================
2026-05-08 14:26:22 - chaos - INFO - 开始执行工作流: UPU 并行网络丢包工作流
2026-05-08 14:26:22 - chaos - INFO - 工作流 ID: upu_parallel_network_loss_001
2026-05-08 14:26:22 - chaos - INFO - 执行模式: parallel
2026-05-08 14:26:22 - chaos - INFO - ============================================================
2026-05-08 14:26:22 - chaos - INFO - 启动延迟 10.0s
2026-05-08 14:26:31 - chaos - INFO - 执行计划: 共 1 层
2026-05-08 14:26:31 - chaos - INFO - 
============================================================
2026-05-08 14:26:31 - chaos - INFO - 执行第 1/1 层，共 2 个任务
2026-05-08 14:26:31 - chaos - INFO - ============================================================
2026-05-08 14:26:31 - chaos - INFO - [DEBUG] 开始执行任务: UPU Master 网络丢包 (loss_upu_master)
2026-05-08 14:26:31 - chaos - INFO - [DEBUG] 任务类型: network, 故障类型: loss
2026-05-08 14:26:31 - chaos - INFO - [DEBUG] 目标: Pod: upu-master
2026-05-08 14:26:31 - chaos - INFO - [DEBUG] Duration: 240s, Loop: 1
2026-05-08 14:26:31 - chaos - INFO - [DEBUG] 任务超时时间: 300.0s
2026-05-08 14:26:31 - chaos - INFO - [DEBUG] ========== 开始执行 Case ==========
2026-05-08 14:26:31 - chaos - INFO - [DEBUG] Case名称: upu_master_loss
2026-05-08 14:26:31 - chaos - INFO - [DEBUG] Case类型: network
2026-05-08 14:26:31 - chaos - INFO - [DEBUG] 故障类型: loss
2026-05-08 14:26:31 - chaos - INFO - [DEBUG] 环境: 1_ssh_remote
2026-05-08 14:26:31 - chaos - INFO - [DEBUG] 执行 Case 迭代 1/1
2026-05-08 14:26:31 - chaos - INFO - [DEBUG] 开始获取目标列表...
2026-05-08 14:26:31 - chaos - INFO - 获取 UPU Pod 列表，namespace: ns-dupf, filter_type: upu-master
2026-05-08 14:26:31 - chaos - INFO - 找到 9 个 UPU Pod（过滤类型：upu-master）
2026-05-08 14:26:31 - chaos - INFO - 随机选择 Pod: dupf-upu-dupf02-5-59f4fcc94-xnnsm
2026-05-08 14:26:31 - chaos - INFO - [DEBUG] 找到 1 个目标
2026-05-08 14:26:31 - chaos - INFO - [DEBUG] ---------- 处理目标 1/1 ----------
2026-05-08 14:26:31 - chaos - INFO - [DEBUG] 目标名称: dupf-upu-dupf02-5-59f4fcc94-xnnsm
2026-05-08 14:26:31 - chaos - INFO - [DEBUG] 目标节点: None
2026-05-08 14:26:31 - chaos - INFO - [DEBUG] 创建故障注入器...
2026-05-08 14:26:31 - chaos - INFO - [DEBUG] 准备注入故障...
2026-05-08 14:26:31 - chaos - INFO - [DEBUG] 注入参数: {'fault_type': 'loss', 'correlation': ['30%', '90%'], 'percent': ['10%', '90%']}
2026-05-08 14:26:31 - chaos - INFO - 获取 Pod dupf-upu-dupf02-5-59f4fcc94-xnnsm 的 pause 容器 ID
2026-05-08 14:26:31 - chaos - INFO - 获取 Pod dupf-upu-dupf02-5-59f4fcc94-xnnsm 所在的节点，namespace: ns-dupf
2026-05-08 14:26:32 - chaos - INFO - Pod dupf-upu-dupf02-5-59f4fcc94-xnnsm 运行在节点 dupf02
2026-05-08 14:26:32 - chaos - INFO - Pod dupf-upu-dupf02-5-59f4fcc94-xnnsm 运行在节点 dupf02
2026-05-08 14:26:32 - chaos - INFO - 找到节点 dupf02 对应的环境: 2_ssh_remote
2026-05-08 14:26:32 - chaos - INFO - 解析后的 pause 容器 ID: 84a7003282a0
2026-05-08 14:26:32 - chaos - INFO - 获取容器的 PID
2026-05-08 14:26:32 - chaos - INFO - 容器 ID: 84a7003282a0
2026-05-08 14:26:32 - chaos - INFO - 提取的容器 PID: 31502
2026-05-08 14:26:32 - chaos - INFO - 为 Pod dupf-upu-dupf02-5-59f4fcc94-xnnsm 注入网络丢包
2026-05-08 14:26:32 - chaos - INFO - 丢包模型: gemodel
2026-05-08 14:26:32 - chaos - INFO - 丢包参数: {'p': '52%', 'pr': '87%', 'pr1-h': '23%', 'pr1-h1-k': '0.36%'}
2026-05-08 14:26:32 - chaos - INFO - ECN: True
2026-05-08 14:26:32 - chaos - INFO - tc 命令: tc qdisc add dev eth0 root netem loss gemodel 52% 87% 23% 0.36% ecn
2026-05-08 14:26:39 - chaos - INFO - 网络丢包注入成功
2026-05-08 14:26:39 - chaos - INFO - [DEBUG] 故障注入成功
2026-05-08 14:26:39 - chaos - INFO - [DEBUG] 故障ID: loss_dupf-upu-dupf02-5-59f4fcc94-xnnsm_ns-dupf_1778221591
2026-05-08 14:26:39 - chaos - INFO - 记录故障：loss_dupf-upu-dupf02-5-59f4fcc94-xnnsm_ns-dupf_1778221591
2026-05-08 14:26:39 - chaos - INFO - [DEBUG] 开始等待 duration: 240s (240.0秒)
2026-05-08 14:26:33 - chaos - INFO - [DEBUG] 开始执行任务: UPU Slave 网络丢包 (loss_upu_slave)
2026-05-08 14:26:33 - chaos - INFO - [DEBUG] 任务类型: network, 故障类型: loss
2026-05-08 14:26:33 - chaos - INFO - [DEBUG] 目标: Pod: upu-slave
2026-05-08 14:26:33 - chaos - INFO - [DEBUG] Duration: 240s, Loop: 1
2026-05-08 14:26:33 - chaos - INFO - [DEBUG] 任务超时时间: 300.0s
2026-05-08 14:26:33 - chaos - INFO - [DEBUG] ========== 开始执行 Case ==========
2026-05-08 14:26:33 - chaos - INFO - [DEBUG] Case名称: upu_slave_loss
2026-05-08 14:26:33 - chaos - INFO - [DEBUG] Case类型: network
2026-05-08 14:26:33 - chaos - INFO - [DEBUG] 故障类型: loss
2026-05-08 14:26:33 - chaos - INFO - [DEBUG] 环境: 1_ssh_remote
2026-05-08 14:26:33 - chaos - INFO - [DEBUG] 执行 Case 迭代 1/1
2026-05-08 14:26:33 - chaos - INFO - [DEBUG] 开始获取目标列表...
2026-05-08 14:26:33 - chaos - INFO - 获取 UPU Pod 列表，namespace: ns-dupf, filter_type: upu-slave
2026-05-08 14:26:33 - chaos - INFO - 找到 3 个 UPU Pod（过滤类型：upu-slave）
2026-05-08 14:26:33 - chaos - INFO - 随机选择 Pod: dupf-upu-dupf03-8-c86996c4d-2m78z
2026-05-08 14:26:33 - chaos - INFO - [DEBUG] 找到 1 个目标
2026-05-08 14:26:33 - chaos - INFO - [DEBUG] ---------- 处理目标 1/1 ----------
2026-05-08 14:26:33 - chaos - INFO - [DEBUG] 目标名称: dupf-upu-dupf03-8-c86996c4d-2m78z
2026-05-08 14:26:33 - chaos - INFO - [DEBUG] 目标节点: None
2026-05-08 14:26:33 - chaos - INFO - [DEBUG] 创建故障注入器...
2026-05-08 14:26:33 - chaos - INFO - [DEBUG] 准备注入故障...
2026-05-08 14:26:33 - chaos - INFO - [DEBUG] 注入参数: {'fault_type': 'loss', 'correlation': ['30%', '90%'], 'percent': ['10%', '90%']}
2026-05-08 14:26:33 - chaos - INFO - 获取 Pod dupf-upu-dupf03-8-c86996c4d-2m78z 的 pause 容器 ID
2026-05-08 14:26:33 - chaos - INFO - 获取 Pod dupf-upu-dupf03-8-c86996c4d-2m78z 所在的节点，namespace: ns-dupf
2026-05-08 14:26:33 - chaos - INFO - Pod dupf-upu-dupf03-8-c86996c4d-2m78z 运行在节点 dupf03
2026-05-08 14:26:33 - chaos - INFO - Pod dupf-upu-dupf03-8-c86996c4d-2m78z 运行在节点 dupf03
2026-05-08 14:26:33 - chaos - INFO - 找到节点 dupf03 对应的环境: 3_ssh_remote
2026-05-08 14:26:33 - chaos - INFO - 解析后的 pause 容器 ID: cdf69ecd148b
2026-05-08 14:26:33 - chaos - INFO - 获取容器的 PID
2026-05-08 14:26:33 - chaos - INFO - 容器 ID: cdf69ecd148b
2026-05-08 14:26:34 - chaos - INFO - 提取的容器 PID: 32720
2026-05-08 14:26:34 - chaos - INFO - 为 Pod dupf-upu-dupf03-8-c86996c4d-2m78z 注入网络丢包
2026-05-08 14:26:34 - chaos - INFO - 丢包模型: random
2026-05-08 14:26:34 - chaos - INFO - 丢包参数: {'percent': '21%'}
2026-05-08 14:26:34 - chaos - INFO - ECN: True
2026-05-08 14:26:34 - chaos - INFO - tc 命令: tc qdisc add dev eth0 root netem loss random 21% ecn
2026-05-08 14:26:34 - chaos - INFO - 网络丢包注入成功
2026-05-08 14:26:34 - chaos - INFO - [DEBUG] 故障注入成功
2026-05-08 14:26:34 - chaos - INFO - [DEBUG] 故障ID: loss_dupf-upu-dupf03-8-c86996c4d-2m78z_ns-dupf_1778221593
2026-05-08 14:26:34 - chaos - INFO - 记录故障：loss_dupf-upu-dupf03-8-c86996c4d-2m78z_ns-dupf_1778221593
2026-05-08 14:26:34 - chaos - INFO - [DEBUG] 开始等待 duration: 240s (240.0秒)
2026-05-08 14:30:10 - chaos - INFO - [DEBUG] duration 等待完成
2026-05-08 14:30:10 - chaos - INFO - [DEBUG] 开始清理故障: loss_dupf-upu-dupf02-5-59f4fcc94-xnnsm_ns-dupf_1778221591
2026-05-08 14:30:10 - chaos - INFO - 获取 Pod dupf-upu-dupf02-5-59f4fcc94-xnnsm 的 pause 容器 ID
2026-05-08 14:30:10 - chaos - INFO - 获取 Pod dupf-upu-dupf02-5-59f4fcc94-xnnsm 所在的节点，namespace: ns-dupf
2026-05-08 14:30:11 - chaos - INFO - Pod dupf-upu-dupf02-5-59f4fcc94-xnnsm 运行在节点 dupf02
2026-05-08 14:30:11 - chaos - INFO - Pod dupf-upu-dupf02-5-59f4fcc94-xnnsm 运行在节点 dupf02
2026-05-08 14:30:11 - chaos - INFO - 找到节点 dupf02 对应的环境: 2_ssh_remote
2026-05-08 14:30:11 - chaos - INFO - 解析后的 pause 容器 ID: 84a7003282a0
2026-05-08 14:30:11 - chaos - INFO - 获取容器的 PID
2026-05-08 14:30:11 - chaos - INFO - 容器 ID: 84a7003282a0
2026-05-08 14:30:11 - chaos - INFO - 提取的容器 PID: 31502
2026-05-08 14:30:11 - chaos - INFO - 恢复网络故障：loss_dupf-upu-dupf02-5-59f4fcc94-xnnsm_ns-dupf_1778221591
2026-05-08 14:30:11 - chaos - INFO - [DEBUG] 故障清理成功: loss_dupf-upu-dupf02-5-59f4fcc94-xnnsm_ns-dupf_1778221591
2026-05-08 14:30:11 - chaos - INFO - 标记故障已恢复：loss_dupf-upu-dupf02-5-59f4fcc94-xnnsm_ns-dupf_1778221591
2026-05-08 14:30:11 - chaos - INFO - 任务执行成功: UPU Master 网络丢包 (耗时: 219.88s)
2026-05-08 14:30:20 - chaos - INFO - [DEBUG] duration 等待完成
2026-05-08 14:30:20 - chaos - INFO - [DEBUG] 开始清理故障: loss_dupf-upu-dupf03-8-c86996c4d-2m78z_ns-dupf_1778221593
2026-05-08 14:30:20 - chaos - INFO - 获取 Pod dupf-upu-dupf03-8-c86996c4d-2m78z 的 pause 容器 ID
2026-05-08 14:30:20 - chaos - INFO - 获取 Pod dupf-upu-dupf03-8-c86996c4d-2m78z 所在的节点，namespace: ns-dupf
2026-05-08 14:30:20 - chaos - INFO - Pod dupf-upu-dupf03-8-c86996c4d-2m78z 运行在节点 dupf03
2026-05-08 14:30:20 - chaos - INFO - Pod dupf-upu-dupf03-8-c86996c4d-2m78z 运行在节点 dupf03
2026-05-08 14:30:20 - chaos - INFO - 找到节点 dupf03 对应的环境: 3_ssh_remote
2026-05-08 14:30:20 - chaos - INFO - 解析后的 pause 容器 ID: cdf69ecd148b
2026-05-08 14:30:20 - chaos - INFO - 获取容器的 PID
2026-05-08 14:30:20 - chaos - INFO - 容器 ID: cdf69ecd148b
2026-05-08 14:30:12 - chaos - INFO - 提取的容器 PID: 32720
2026-05-08 14:30:12 - chaos - INFO - 恢复网络故障：loss_dupf-upu-dupf03-8-c86996c4d-2m78z_ns-dupf_1778221593
2026-05-08 14:30:12 - chaos - INFO - [DEBUG] 故障清理成功: loss_dupf-upu-dupf03-8-c86996c4d-2m78z_ns-dupf_1778221593
2026-05-08 14:30:12 - chaos - INFO - 标记故障已恢复：loss_dupf-upu-dupf03-8-c86996c4d-2m78z_ns-dupf_1778221593
2026-05-08 14:30:12 - chaos - INFO - 任务执行成功: UPU Slave 网络丢包 (耗时: 219.76s)
2026-05-08 14:30:12 - chaos - INFO - 
================================================================================
                           Workflow Execution Report                            
================================================================================
Workflow ID    : upu_parallel_network_loss_001
Workflow Name  : UPU 并行网络丢包工作流
Status         : SUCCESS
Start Time     : 2026-05-08 14:26:22
End Time       : 2026-05-08 14:30:12
Total Duration : 230.86s
Success Rate   : 100.00%
================================================================================

Task Results:
--------------------------------------------------------------------------------
  [SUCCESS ] UPU Master 网络丢包                Duration: 219.88s  Group: N/A
  [SUCCESS ] UPU Slave 网络丢包                 Duration: 219.76s  Group: N/A

================================================================================
Summary Statistics
================================================================================
Total Tasks    : 2
Success        : 2
Failed         : 0
Timeout        : 0
Skipped        : 0
================================================================================
2026-05-08 14:30:12 - chaos - INFO - ============================================================
2026-05-08 14:30:12 - chaos - INFO - 执行 workflow 级别的 auto_clear
2026-05-08 14:30:12 - chaos - INFO - ============================================================
2026-05-08 14:30:12 - chaos - INFO - 需要清理的环境: 1_ssh_remote
2026-05-08 14:30:12 - chaos - INFO - 清理环境 1_ssh_remote 的网络故障...
2026-05-08 14:30:12 - chaos - INFO - 获取 Pod 列表，namespace: ns-dupf, nodename: dupf01
2026-05-08 14:30:13 - chaos - INFO - 找到 15 个 Pod
2026-05-08 14:30:13 - chaos - INFO - 找到 15 个 pod
2026-05-08 14:30:13 - chaos - INFO - 清除 Pod dupf-ddb-shd-0-2 的网络故障
2026-05-08 14:30:13 - chaos - INFO - 命名空间: ns-dupf, 网络设备: eth0
2026-05-08 14:30:13 - chaos - INFO - 获取 Pod dupf-ddb-shd-0-2 的 pause 容器 ID
2026-05-08 14:30:13 - chaos - INFO - 解析后的 pause 容器 ID: 11b9bcfdcc7d
2026-05-08 14:30:13 - chaos - INFO - 获取容器的 PID
2026-05-08 14:30:13 - chaos - INFO - 容器 ID: 11b9bcfdcc7d
2026-05-08 14:30:13 - chaos - INFO - 提取的容器 PID: 56490
2026-05-08 14:30:13 - chaos - INFO - Pod dupf-ddb-shd-0-2 的网络故障清除成功
2026-05-08 14:30:13 - chaos - INFO - 清除 Pod dupf-ddb-shd-2-0 的网络故障
2026-05-08 14:30:13 - chaos - INFO - 命名空间: ns-dupf, 网络设备: eth0
2026-05-08 14:30:13 - chaos - INFO - 获取 Pod dupf-ddb-shd-2-0 的 pause 容器 ID
2026-05-08 14:30:13 - chaos - INFO - 解析后的 pause 容器 ID: eb6741339149
2026-05-08 14:30:13 - chaos - INFO - 获取容器的 PID
2026-05-08 14:30:13 - chaos - INFO - 容器 ID: eb6741339149
2026-05-08 14:30:13 - chaos - INFO - 提取的容器 PID: 60135
2026-05-08 14:30:14 - chaos - INFO - Pod dupf-ddb-shd-2-0 的网络故障清除成功
2026-05-08 14:30:14 - chaos - INFO - 清除 Pod dupf-etcd-2 的网络故障
2026-05-08 14:30:14 - chaos - INFO - 命名空间: ns-dupf, 网络设备: eth0
2026-05-08 14:30:14 - chaos - INFO - 获取 Pod dupf-etcd-2 的 pause 容器 ID
2026-05-08 14:30:14 - chaos - INFO - 解析后的 pause 容器 ID: 3cc8373b2962
2026-05-08 14:30:14 - chaos - INFO - 获取容器的 PID
2026-05-08 14:30:14 - chaos - INFO - 容器 ID: 3cc8373b2962
2026-05-08 14:30:14 - chaos - INFO - 提取的容器 PID: 52344
2026-05-08 14:30:14 - chaos - INFO - Pod dupf-etcd-2 的网络故障清除成功
2026-05-08 14:30:14 - chaos - INFO - 清除 Pod dupf-file-sync-cp7xf 的网络故障
2026-05-08 14:30:14 - chaos - INFO - 命名空间: ns-dupf, 网络设备: eth0
2026-05-08 14:30:14 - chaos - INFO - 获取 Pod dupf-file-sync-cp7xf 的 pause 容器 ID
2026-05-08 14:30:14 - chaos - INFO - 解析后的 pause 容器 ID: d0ea761e5e4e
2026-05-08 14:30:14 - chaos - INFO - 获取容器的 PID
2026-05-08 14:30:14 - chaos - INFO - 容器 ID: d0ea761e5e4e
2026-05-08 14:30:14 - chaos - INFO - 提取的容器 PID: 55694
2026-05-08 14:30:14 - chaos - INFO - Pod dupf-file-sync-cp7xf 的网络故障清除成功
2026-05-08 14:30:14 - chaos - INFO - 清除 Pod dupf-node-monitor-67qq8 的网络故障
2026-05-08 14:30:14 - chaos - INFO - 命名空间: ns-dupf, 网络设备: eth0
2026-05-08 14:30:14 - chaos - INFO - 获取 Pod dupf-node-monitor-67qq8 的 pause 容器 ID
2026-05-08 14:30:14 - chaos - INFO - 解析后的 pause 容器 ID: 511f0726aca2
2026-05-08 14:30:14 - chaos - INFO - 获取容器的 PID
2026-05-08 14:30:14 - chaos - INFO - 容器 ID: 511f0726aca2
2026-05-08 14:30:15 - chaos - INFO - 提取的容器 PID: 55791
2026-05-08 14:30:15 - chaos - INFO - Pod dupf-node-monitor-67qq8 的网络故障清除成功
2026-05-08 14:30:15 - chaos - INFO - 清除 Pod dupf-prometheus-7f486d9788-856l7 的网络故障
2026-05-08 14:30:15 - chaos - INFO - 命名空间: ns-dupf, 网络设备: eth0
2026-05-08 14:30:15 - chaos - INFO - 获取 Pod dupf-prometheus-7f486d9788-856l7 的 pause 容器 ID
2026-05-08 14:30:15 - chaos - INFO - 解析后的 pause 容器 ID: 64a24fc1308b
2026-05-08 14:30:15 - chaos - INFO - 获取容器的 PID
2026-05-08 14:30:15 - chaos - INFO - 容器 ID: 64a24fc1308b
2026-05-08 14:30:15 - chaos - INFO - 提取的容器 PID: 52912
2026-05-08 14:30:15 - chaos - INFO - Pod dupf-prometheus-7f486d9788-856l7 的网络故障清除成功
2026-05-08 14:30:15 - chaos - INFO - 清除 Pod dupf-registry-center-2 的网络故障
2026-05-08 14:30:15 - chaos - INFO - 命名空间: ns-dupf, 网络设备: eth0
2026-05-08 14:30:15 - chaos - INFO - 获取 Pod dupf-registry-center-2 的 pause 容器 ID
2026-05-08 14:30:15 - chaos - INFO - 解析后的 pause 容器 ID: 09cccee66afb
2026-05-08 14:30:15 - chaos - INFO - 获取容器的 PID
2026-05-08 14:30:15 - chaos - INFO - 容器 ID: 09cccee66afb
2026-05-08 14:30:15 - chaos - INFO - 提取的容器 PID: 8097
2026-05-08 14:30:15 - chaos - INFO - Pod dupf-registry-center-2 的网络故障清除成功
2026-05-08 14:30:15 - chaos - INFO - 清除 Pod dupf-sdb-1 的网络故障
2026-05-08 14:30:15 - chaos - INFO - 命名空间: ns-dupf, 网络设备: eth0
2026-05-08 14:30:15 - chaos - INFO - 获取 Pod dupf-sdb-1 的 pause 容器 ID
2026-05-08 14:30:16 - chaos - INFO - 解析后的 pause 容器 ID: c83947f725c5
2026-05-08 14:30:16 - chaos - INFO - 获取容器的 PID
2026-05-08 14:30:16 - chaos - INFO - 容器 ID: c83947f725c5
2026-05-08 14:30:16 - chaos - INFO - 提取的容器 PID: 56495
2026-05-08 14:30:16 - chaos - INFO - Pod dupf-sdb-1 的网络故障清除成功
2026-05-08 14:30:16 - chaos - INFO - 清除 Pod dupf-sdb-sentinel-2 的网络故障
2026-05-08 14:30:16 - chaos - INFO - 命名空间: ns-dupf, 网络设备: eth0
2026-05-08 14:30:16 - chaos - INFO - 获取 Pod dupf-sdb-sentinel-2 的 pause 容器 ID
2026-05-08 14:30:16 - chaos - INFO - 解析后的 pause 容器 ID: 45a2fb40f9c3
2026-05-08 14:30:16 - chaos - INFO - 获取容器的 PID
2026-05-08 14:30:16 - chaos - INFO - 容器 ID: 45a2fb40f9c3
2026-05-08 14:30:16 - chaos - INFO - 提取的容器 PID: 56485
2026-05-08 14:30:16 - chaos - INFO - Pod dupf-sdb-sentinel-2 的网络故障清除成功
2026-05-08 14:30:16 - chaos - INFO - 清除 Pod dupf-sf-mq-proxy-2 的网络故障
2026-05-08 14:30:16 - chaos - INFO - 命名空间: ns-dupf, 网络设备: eth0
2026-05-08 14:30:16 - chaos - INFO - 获取 Pod dupf-sf-mq-proxy-2 的 pause 容器 ID
2026-05-08 14:30:16 - chaos - INFO - 解析后的 pause 容器 ID: aedeffcae771
2026-05-08 14:30:16 - chaos - INFO - 获取容器的 PID
2026-05-08 14:30:16 - chaos - INFO - 容器 ID: aedeffcae771
2026-05-08 14:30:16 - chaos - INFO - 提取的容器 PID: 59302
2026-05-08 14:30:16 - chaos - INFO - Pod dupf-sf-mq-proxy-2 的网络故障清除成功
2026-05-08 14:30:16 - chaos - INFO - 清除 Pod dupf-upc-5c84ff589c-btt52 的网络故障
2026-05-08 14:30:16 - chaos - INFO - 命名空间: ns-dupf, 网络设备: eth0
2026-05-08 14:30:16 - chaos - INFO - 获取 Pod dupf-upc-5c84ff589c-btt52 的 pause 容器 ID
2026-05-08 14:30:17 - chaos - INFO - 解析后的 pause 容器 ID: 30deac2c6220
2026-05-08 14:30:17 - chaos - INFO - 获取容器的 PID
2026-05-08 14:30:17 - chaos - INFO - 容器 ID: 30deac2c6220
2026-05-08 14:30:17 - chaos - INFO - 提取的容器 PID: 53503
2026-05-08 14:30:17 - chaos - INFO - Pod dupf-upc-5c84ff589c-btt52 的网络故障清除成功
2026-05-08 14:30:17 - chaos - INFO - 清除 Pod dupf-upc-5c84ff589c-fqnf7 的网络故障
2026-05-08 14:30:17 - chaos - INFO - 命名空间: ns-dupf, 网络设备: eth0
2026-05-08 14:30:17 - chaos - INFO - 获取 Pod dupf-upc-5c84ff589c-fqnf7 的 pause 容器 ID
2026-05-08 14:30:17 - chaos - INFO - 解析后的 pause 容器 ID: 6f392aa15848
2026-05-08 14:30:17 - chaos - INFO - 获取容器的 PID
2026-05-08 14:30:17 - chaos - INFO - 容器 ID: 6f392aa15848
2026-05-08 14:30:17 - chaos - INFO - 提取的容器 PID: 53471
2026-05-08 14:30:17 - chaos - INFO - Pod dupf-upc-5c84ff589c-fqnf7 的网络故障清除成功
2026-05-08 14:30:17 - chaos - INFO - 清除 Pod dupf-upu-dupf01-1-7578c56d88-dd8qf 的网络故障
2026-05-08 14:30:17 - chaos - INFO - 命名空间: ns-dupf, 网络设备: eth0
2026-05-08 14:30:17 - chaos - INFO - 获取 Pod dupf-upu-dupf01-1-7578c56d88-dd8qf 的 pause 容器 ID
2026-05-08 14:30:17 - chaos - INFO - 解析后的 pause 容器 ID: d8c18e184701
2026-05-08 14:30:17 - chaos - INFO - 获取容器的 PID
2026-05-08 14:30:17 - chaos - INFO - 容器 ID: d8c18e184701
2026-05-08 14:30:17 - chaos - INFO - 提取的容器 PID: 54289
2026-05-08 14:30:17 - chaos - INFO - Pod dupf-upu-dupf01-1-7578c56d88-dd8qf 的网络故障清除成功
2026-05-08 14:30:17 - chaos - INFO - 清除 Pod dupf-upu-dupf01-2-7cd9b494c-5wrzj 的网络故障
2026-05-08 14:30:17 - chaos - INFO - 命名空间: ns-dupf, 网络设备: eth0
2026-05-08 14:30:17 - chaos - INFO - 获取 Pod dupf-upu-dupf01-2-7cd9b494c-5wrzj 的 pause 容器 ID
2026-05-08 14:30:25 - chaos - INFO - 解析后的 pause 容器 ID: 045e1b477bbf
2026-05-08 14:30:25 - chaos - INFO - 获取容器的 PID
2026-05-08 14:30:25 - chaos - INFO - 容器 ID: 045e1b477bbf
2026-05-08 14:30:25 - chaos - INFO - 提取的容器 PID: 33786
2026-05-08 14:30:17 - chaos - INFO - Pod dupf-upu-dupf01-2-7cd9b494c-5wrzj 的网络故障清除成功
2026-05-08 14:30:17 - chaos - INFO - 清除 Pod dupf-upu-dupf01-3-585d949f88-x9fdd 的网络故障
2026-05-08 14:30:17 - chaos - INFO - 命名空间: ns-dupf, 网络设备: eth0
2026-05-08 14:30:17 - chaos - INFO - 获取 Pod dupf-upu-dupf01-3-585d949f88-x9fdd 的 pause 容器 ID
2026-05-08 14:30:17 - chaos - INFO - 解析后的 pause 容器 ID: df4f22e1420a
2026-05-08 14:30:17 - chaos - INFO - 获取容器的 PID
2026-05-08 14:30:17 - chaos - INFO - 容器 ID: df4f22e1420a
2026-05-08 14:30:18 - chaos - INFO - 提取的容器 PID: 54597
2026-05-08 14:30:18 - chaos - INFO - Pod dupf-upu-dupf01-3-585d949f88-x9fdd 的网络故障清除成功
2026-05-08 14:30:18 - chaos - INFO - 环境 1_ssh_remote 网络故障清除完成：成功 15, 失败 0
2026-05-08 14:30:18 - chaos - INFO - ============================================================
2026-05-08 14:30:18 - chaos - INFO - workflow 级别的 auto_clear 完成
2026-05-08 14:30:18 - chaos - INFO - ============================================================
2026-05-08 14:30:18 - chaos - INFO - 
================================================================================
2026-05-08 14:30:18 - chaos - INFO - 执行workflow: cases/upu/upu-master_upu-slave/workflow_parallel_reorder_upu-master_upu-slave.yaml
2026-05-08 14:30:18 - chaos - INFO - ================================================================================
2026-05-08 14:30:18 - chaos - INFO - Successfully parsed workflow: upu_parallel_network_reorder_001
2026-05-08 14:30:18 - chaos - INFO - ============================================================
2026-05-08 14:30:18 - chaos - INFO - 开始执行工作流: UPU 并行网络数据包重排序工作流
2026-05-08 14:30:18 - chaos - INFO - 工作流 ID: upu_parallel_network_reorder_001
2026-05-08 14:30:18 - chaos - INFO - 执行模式: parallel
2026-05-08 14:30:18 - chaos - INFO - ============================================================
2026-05-08 14:30:18 - chaos - INFO - 启动延迟 10.0s
2026-05-08 14:30:27 - chaos - INFO - 执行计划: 共 1 层
2026-05-08 14:30:27 - chaos - INFO - 
============================================================
2026-05-08 14:30:27 - chaos - INFO - 执行第 1/1 层，共 2 个任务
2026-05-08 14:30:27 - chaos - INFO - ============================================================
2026-05-08 14:30:27 - chaos - INFO - [DEBUG] 开始执行任务: UPU Master 数据包重排序 (reorder_upu_master)
2026-05-08 14:30:27 - chaos - INFO - [DEBUG] 任务类型: network, 故障类型: reorder
2026-05-08 14:30:27 - chaos - INFO - [DEBUG] 目标: Pod: upu-master
2026-05-08 14:30:27 - chaos - INFO - [DEBUG] Duration: 240s, Loop: 1
2026-05-08 14:30:27 - chaos - INFO - [DEBUG] 任务超时时间: 300.0s
2026-05-08 14:30:27 - chaos - INFO - [DEBUG] ========== 开始执行 Case ==========
2026-05-08 14:30:27 - chaos - INFO - [DEBUG] Case名称: upu_master_reorder
2026-05-08 14:30:27 - chaos - INFO - [DEBUG] Case类型: network
2026-05-08 14:30:27 - chaos - INFO - [DEBUG] 故障类型: reorder
2026-05-08 14:30:27 - chaos - INFO - [DEBUG] 环境: 1_ssh_remote
2026-05-08 14:30:27 - chaos - INFO - [DEBUG] 执行 Case 迭代 1/1
2026-05-08 14:30:27 - chaos - INFO - [DEBUG] 开始获取目标列表...
2026-05-08 14:30:27 - chaos.utils.remote - INFO - 连接 root@10.230.246.167:50163 不可用，需要重连
2026-05-08 14:30:27 - chaos.utils.remote - INFO - 尝试重连: root@10.230.246.167:50163
2026-05-08 14:30:27 - chaos.utils.remote - INFO - SSH连接建立成功: 10.230.246.167:50163, 耗时: 0.13s
2026-05-08 14:30:27 - chaos.utils.remote - INFO - 重连成功: root@10.230.246.167:50163
2026-05-08 14:30:27 - chaos - INFO - 获取 UPU Pod 列表，namespace: ns-dupf, filter_type: upu-master
2026-05-08 14:30:27 - chaos - INFO - 找到 9 个 UPU Pod（过滤类型：upu-master）
2026-05-08 14:30:27 - chaos - INFO - 随机选择 Pod: dupf-upu-dupf04-11-ff6798bf5-9v75t
2026-05-08 14:30:27 - chaos - INFO - [DEBUG] 找到 1 个目标
2026-05-08 14:30:27 - chaos - INFO - [DEBUG] ---------- 处理目标 1/1 ----------
2026-05-08 14:30:27 - chaos - INFO - [DEBUG] 目标名称: dupf-upu-dupf04-11-ff6798bf5-9v75t
2026-05-08 14:30:27 - chaos - INFO - [DEBUG] 目标节点: None
2026-05-08 14:30:27 - chaos - INFO - [DEBUG] 创建故障注入器...
2026-05-08 14:30:27 - chaos - INFO - [DEBUG] 准备注入故障...
2026-05-08 14:30:27 - chaos - INFO - [DEBUG] 注入参数: {'fault_type': 'reorder', 'correlation': ['10%', '90%'], 'gap': [1, 10], 'percent': ['0.5%', '10%']}
2026-05-08 14:30:27 - chaos - INFO - 获取 Pod dupf-upu-dupf04-11-ff6798bf5-9v75t 的 pause 容器 ID
2026-05-08 14:30:27 - chaos - INFO - 获取 Pod dupf-upu-dupf04-11-ff6798bf5-9v75t 所在的节点，namespace: ns-dupf
2026-05-08 14:30:28 - chaos - INFO - Pod dupf-upu-dupf04-11-ff6798bf5-9v75t 运行在节点 dupf04
2026-05-08 14:30:28 - chaos - INFO - Pod dupf-upu-dupf04-11-ff6798bf5-9v75t 运行在节点 dupf04
2026-05-08 14:30:28 - chaos - INFO - 找到节点 dupf04 对应的环境: 4_ssh_remote
2026-05-08 14:30:28 - chaos - INFO - 解析后的 pause 容器 ID: 3c61c707063f
2026-05-08 14:30:28 - chaos - INFO - 获取容器的 PID
2026-05-08 14:30:28 - chaos - INFO - 容器 ID: 3c61c707063f
2026-05-08 14:30:28 - chaos - INFO - 提取的容器 PID: 23404
2026-05-08 14:30:28 - chaos - INFO - 为 Pod dupf-upu-dupf04-11-ff6798bf5-9v75t 注入网络数据包重排序
2026-05-08 14:30:28 - chaos - INFO - 重排序比例: 5.99%
2026-05-08 14:30:28 - chaos - INFO - 相关性: 58%
2026-05-08 14:30:28 - chaos - INFO - Gap: 3
2026-05-08 14:30:28 - chaos - INFO - tc 命令: tc qdisc add dev eth0 root netem delay 100ms reorder 5.99% 58% gap 3
2026-05-08 14:30:28 - chaos - INFO - 网络数据包重排序注入成功
2026-05-08 14:30:28 - chaos - INFO - [DEBUG] 故障注入成功
2026-05-08 14:30:28 - chaos - INFO - [DEBUG] 故障ID: reorder_dupf-upu-dupf04-11-ff6798bf5-9v75t_ns-dupf_1778221827
2026-05-08 14:30:28 - chaos - INFO - 记录故障：reorder_dupf-upu-dupf04-11-ff6798bf5-9v75t_ns-dupf_1778221827
2026-05-08 14:30:28 - chaos - INFO - [DEBUG] 开始等待 duration: 240s (240.0秒)
2026-05-08 14:30:29 - chaos - INFO - [DEBUG] 开始执行任务: UPU Slave 数据包重排序 (reorder_upu_slave)
2026-05-08 14:30:29 - chaos - INFO - [DEBUG] 任务类型: network, 故障类型: reorder
2026-05-08 14:30:29 - chaos - INFO - [DEBUG] 目标: Pod: upu-slave
2026-05-08 14:30:29 - chaos - INFO - [DEBUG] Duration: 240s, Loop: 1
2026-05-08 14:30:29 - chaos - INFO - [DEBUG] 任务超时时间: 300.0s
2026-05-08 14:30:29 - chaos - INFO - [DEBUG] ========== 开始执行 Case ==========
2026-05-08 14:30:29 - chaos - INFO - [DEBUG] Case名称: upu_slave_reorder
2026-05-08 14:30:29 - chaos - INFO - [DEBUG] Case类型: network
2026-05-08 14:30:29 - chaos - INFO - [DEBUG] 故障类型: reorder
2026-05-08 14:30:29 - chaos - INFO - [DEBUG] 环境: 1_ssh_remote
2026-05-08 14:30:29 - chaos - INFO - [DEBUG] 执行 Case 迭代 1/1
2026-05-08 14:30:29 - chaos - INFO - [DEBUG] 开始获取目标列表...
2026-05-08 14:30:29 - chaos - INFO - 获取 UPU Pod 列表，namespace: ns-dupf, filter_type: upu-slave
2026-05-08 14:30:29 - chaos - INFO - 找到 3 个 UPU Pod（过滤类型：upu-slave）
2026-05-08 14:30:29 - chaos - INFO - 随机选择 Pod: dupf-upu-dupf04-12-56b5ddb4fb-2j4rs
2026-05-08 14:30:29 - chaos - INFO - [DEBUG] 找到 1 个目标
2026-05-08 14:30:29 - chaos - INFO - [DEBUG] ---------- 处理目标 1/1 ----------
2026-05-08 14:30:29 - chaos - INFO - [DEBUG] 目标名称: dupf-upu-dupf04-12-56b5ddb4fb-2j4rs
2026-05-08 14:30:29 - chaos - INFO - [DEBUG] 目标节点: None
2026-05-08 14:30:29 - chaos - INFO - [DEBUG] 创建故障注入器...
2026-05-08 14:30:29 - chaos - INFO - [DEBUG] 准备注入故障...
2026-05-08 14:30:29 - chaos - INFO - [DEBUG] 注入参数: {'fault_type': 'reorder', 'correlation': ['10%', '90%'], 'gap': [1, 10], 'percent': ['0.5%', '10%']}
2026-05-08 14:30:29 - chaos - INFO - 获取 Pod dupf-upu-dupf04-12-56b5ddb4fb-2j4rs 的 pause 容器 ID
2026-05-08 14:30:29 - chaos - INFO - 获取 Pod dupf-upu-dupf04-12-56b5ddb4fb-2j4rs 所在的节点，namespace: ns-dupf
2026-05-08 14:30:29 - chaos - INFO - Pod dupf-upu-dupf04-12-56b5ddb4fb-2j4rs 运行在节点 dupf04
2026-05-08 14:30:29 - chaos - INFO - Pod dupf-upu-dupf04-12-56b5ddb4fb-2j4rs 运行在节点 dupf04
2026-05-08 14:30:29 - chaos - INFO - 找到节点 dupf04 对应的环境: 4_ssh_remote
2026-05-08 14:30:30 - chaos - INFO - 解析后的 pause 容器 ID: c3819a29fa54
2026-05-08 14:30:30 - chaos - INFO - 获取容器的 PID
2026-05-08 14:30:30 - chaos - INFO - 容器 ID: c3819a29fa54
2026-05-08 14:30:30 - chaos - INFO - 提取的容器 PID: 56483
2026-05-08 14:30:30 - chaos - INFO - 为 Pod dupf-upu-dupf04-12-56b5ddb4fb-2j4rs 注入网络数据包重排序
2026-05-08 14:30:30 - chaos - INFO - 重排序比例: 3.58%
2026-05-08 14:30:30 - chaos - INFO - 相关性: 40%
2026-05-08 14:30:30 - chaos - INFO - Gap: 2
2026-05-08 14:30:30 - chaos - INFO - tc 命令: tc qdisc add dev eth0 root netem delay 100ms reorder 3.58% 40% gap 2
2026-05-08 14:30:30 - chaos - INFO - 网络数据包重排序注入成功
2026-05-08 14:30:30 - chaos - INFO - [DEBUG] 故障注入成功
2026-05-08 14:30:30 - chaos - INFO - [DEBUG] 故障ID: reorder_dupf-upu-dupf04-12-56b5ddb4fb-2j4rs_ns-dupf_1778221829
2026-05-08 14:30:30 - chaos - INFO - 记录故障：reorder_dupf-upu-dupf04-12-56b5ddb4fb-2j4rs_ns-dupf_1778221829
2026-05-08 14:30:30 - chaos - INFO - [DEBUG] 开始等待 duration: 240s (240.0秒)
2026-05-08 14:34:07 - chaos - INFO - [DEBUG] duration 等待完成
2026-05-08 14:34:07 - chaos - INFO - [DEBUG] 开始清理故障: reorder_dupf-upu-dupf04-11-ff6798bf5-9v75t_ns-dupf_1778221827
2026-05-08 14:34:07 - chaos - INFO - 获取 Pod dupf-upu-dupf04-11-ff6798bf5-9v75t 的 pause 容器 ID
2026-05-08 14:34:07 - chaos - INFO - 获取 Pod dupf-upu-dupf04-11-ff6798bf5-9v75t 所在的节点，namespace: ns-dupf
2026-05-08 14:34:07 - chaos - INFO - Pod dupf-upu-dupf04-11-ff6798bf5-9v75t 运行在节点 dupf04
2026-05-08 14:34:07 - chaos - INFO - Pod dupf-upu-dupf04-11-ff6798bf5-9v75t 运行在节点 dupf04
2026-05-08 14:34:07 - chaos - INFO - 找到节点 dupf04 对应的环境: 4_ssh_remote
2026-05-08 14:34:07 - chaos - INFO - 解析后的 pause 容器 ID: 3c61c707063f
2026-05-08 14:34:07 - chaos - INFO - 获取容器的 PID
2026-05-08 14:34:07 - chaos - INFO - 容器 ID: 3c61c707063f
2026-05-08 14:34:07 - chaos - INFO - 提取的容器 PID: 23404
2026-05-08 14:34:07 - chaos - INFO - 恢复网络故障：reorder_dupf-upu-dupf04-11-ff6798bf5-9v75t_ns-dupf_1778221827
2026-05-08 14:34:07 - chaos - INFO - [DEBUG] 故障清理成功: reorder_dupf-upu-dupf04-11-ff6798bf5-9v75t_ns-dupf_1778221827
2026-05-08 14:34:07 - chaos - INFO - 标记故障已恢复：reorder_dupf-upu-dupf04-11-ff6798bf5-9v75t_ns-dupf_1778221827
2026-05-08 14:34:07 - chaos - INFO - 任务执行成功: UPU Master 数据包重排序 (耗时: 219.71s)
2026-05-08 14:34:08 - chaos - INFO - [DEBUG] duration 等待完成
2026-05-08 14:34:08 - chaos - INFO - [DEBUG] 开始清理故障: reorder_dupf-upu-dupf04-12-56b5ddb4fb-2j4rs_ns-dupf_1778221829
2026-05-08 14:34:08 - chaos - INFO - 获取 Pod dupf-upu-dupf04-12-56b5ddb4fb-2j4rs 的 pause 容器 ID
2026-05-08 14:34:08 - chaos - INFO - 获取 Pod dupf-upu-dupf04-12-56b5ddb4fb-2j4rs 所在的节点，namespace: ns-dupf
2026-05-08 14:34:08 - chaos - INFO - Pod dupf-upu-dupf04-12-56b5ddb4fb-2j4rs 运行在节点 dupf04
2026-05-08 14:34:08 - chaos - INFO - Pod dupf-upu-dupf04-12-56b5ddb4fb-2j4rs 运行在节点 dupf04
2026-05-08 14:34:08 - chaos - INFO - 找到节点 dupf04 对应的环境: 4_ssh_remote
2026-05-08 14:34:08 - chaos - INFO - 解析后的 pause 容器 ID: c3819a29fa54
2026-05-08 14:34:08 - chaos - INFO - 获取容器的 PID
2026-05-08 14:34:08 - chaos - INFO - 容器 ID: c3819a29fa54
2026-05-08 14:34:08 - chaos - INFO - 提取的容器 PID: 56483
2026-05-08 14:34:08 - chaos - INFO - 恢复网络故障：reorder_dupf-upu-dupf04-12-56b5ddb4fb-2j4rs_ns-dupf_1778221829
2026-05-08 14:34:08 - chaos - INFO - [DEBUG] 故障清理成功: reorder_dupf-upu-dupf04-12-56b5ddb4fb-2j4rs_ns-dupf_1778221829
2026-05-08 14:34:08 - chaos - INFO - 标记故障已恢复：reorder_dupf-upu-dupf04-12-56b5ddb4fb-2j4rs_ns-dupf_1778221829
2026-05-08 14:34:08 - chaos - INFO - 任务执行成功: UPU Slave 数据包重排序 (耗时: 219.48s)
2026-05-08 14:34:08 - chaos - INFO - 
================================================================================
                           Workflow Execution Report                            
================================================================================
Workflow ID    : upu_parallel_network_reorder_001
Workflow Name  : UPU 并行网络数据包重排序工作流
Status         : SUCCESS
Start Time     : 2026-05-08 14:30:18
End Time       : 2026-05-08 14:34:08
Total Duration : 230.60s
Success Rate   : 100.00%
================================================================================

Task Results:
--------------------------------------------------------------------------------
  [SUCCESS ] UPU Master 数据包重排序              Duration: 219.71s  Group: N/A
  [SUCCESS ] UPU Slave 数据包重排序               Duration: 219.48s  Group: N/A

================================================================================
Summary Statistics
================================================================================
Total Tasks    : 2
Success        : 2
Failed         : 0
Timeout        : 0
Skipped        : 0
================================================================================
2026-05-08 14:34:08 - chaos - INFO - ============================================================
2026-05-08 14:34:08 - chaos - INFO - 执行 workflow 级别的 auto_clear
2026-05-08 14:34:08 - chaos - INFO - ============================================================
2026-05-08 14:34:08 - chaos - INFO - 需要清理的环境: 1_ssh_remote
2026-05-08 14:34:08 - chaos - INFO - 清理环境 1_ssh_remote 的网络故障...
2026-05-08 14:34:08 - chaos - INFO - 获取 Pod 列表，namespace: ns-dupf, nodename: dupf01
2026-05-08 14:34:09 - chaos - INFO - 找到 15 个 Pod
2026-05-08 14:34:09 - chaos - INFO - 找到 15 个 pod
2026-05-08 14:34:09 - chaos - INFO - 清除 Pod dupf-ddb-shd-0-2 的网络故障
2026-05-08 14:34:09 - chaos - INFO - 命名空间: ns-dupf, 网络设备: eth0
2026-05-08 14:34:09 - chaos - INFO - 获取 Pod dupf-ddb-shd-0-2 的 pause 容器 ID
2026-05-08 14:34:09 - chaos - INFO - 解析后的 pause 容器 ID: 11b9bcfdcc7d
2026-05-08 14:34:09 - chaos - INFO - 获取容器的 PID
2026-05-08 14:34:09 - chaos - INFO - 容器 ID: 11b9bcfdcc7d
2026-05-08 14:34:09 - chaos - INFO - 提取的容器 PID: 56490
2026-05-08 14:34:09 - chaos - INFO - Pod dupf-ddb-shd-0-2 的网络故障清除成功
2026-05-08 14:34:09 - chaos - INFO - 清除 Pod dupf-ddb-shd-2-0 的网络故障
2026-05-08 14:34:09 - chaos - INFO - 命名空间: ns-dupf, 网络设备: eth0
2026-05-08 14:34:09 - chaos - INFO - 获取 Pod dupf-ddb-shd-2-0 的 pause 容器 ID
2026-05-08 14:34:09 - chaos - INFO - 解析后的 pause 容器 ID: eb6741339149
2026-05-08 14:34:09 - chaos - INFO - 获取容器的 PID
2026-05-08 14:34:09 - chaos - INFO - 容器 ID: eb6741339149
2026-05-08 14:34:09 - chaos - INFO - 提取的容器 PID: 60135
2026-05-08 14:34:09 - chaos - INFO - Pod dupf-ddb-shd-2-0 的网络故障清除成功
2026-05-08 14:34:09 - chaos - INFO - 清除 Pod dupf-etcd-2 的网络故障
2026-05-08 14:34:09 - chaos - INFO - 命名空间: ns-dupf, 网络设备: eth0
2026-05-08 14:34:09 - chaos - INFO - 获取 Pod dupf-etcd-2 的 pause 容器 ID
2026-05-08 14:34:10 - chaos - INFO - 解析后的 pause 容器 ID: 3cc8373b2962
2026-05-08 14:34:10 - chaos - INFO - 获取容器的 PID
2026-05-08 14:34:10 - chaos - INFO - 容器 ID: 3cc8373b2962
2026-05-08 14:34:10 - chaos - INFO - 提取的容器 PID: 52344
2026-05-08 14:34:10 - chaos - INFO - Pod dupf-etcd-2 的网络故障清除成功
2026-05-08 14:34:10 - chaos - INFO - 清除 Pod dupf-file-sync-cp7xf 的网络故障
2026-05-08 14:34:10 - chaos - INFO - 命名空间: ns-dupf, 网络设备: eth0
2026-05-08 14:34:10 - chaos - INFO - 获取 Pod dupf-file-sync-cp7xf 的 pause 容器 ID
2026-05-08 14:34:10 - chaos - INFO - 解析后的 pause 容器 ID: d0ea761e5e4e
2026-05-08 14:34:10 - chaos - INFO - 获取容器的 PID
2026-05-08 14:34:10 - chaos - INFO - 容器 ID: d0ea761e5e4e
2026-05-08 14:34:10 - chaos - INFO - 提取的容器 PID: 55694
2026-05-08 14:34:10 - chaos - INFO - Pod dupf-file-sync-cp7xf 的网络故障清除成功
2026-05-08 14:34:10 - chaos - INFO - 清除 Pod dupf-node-monitor-67qq8 的网络故障
2026-05-08 14:34:10 - chaos - INFO - 命名空间: ns-dupf, 网络设备: eth0
2026-05-08 14:34:10 - chaos - INFO - 获取 Pod dupf-node-monitor-67qq8 的 pause 容器 ID
2026-05-08 14:34:10 - chaos - INFO - 解析后的 pause 容器 ID: 511f0726aca2
2026-05-08 14:34:10 - chaos - INFO - 获取容器的 PID
2026-05-08 14:34:10 - chaos - INFO - 容器 ID: 511f0726aca2
2026-05-08 14:34:10 - chaos - INFO - 提取的容器 PID: 55791
2026-05-08 14:34:10 - chaos - INFO - Pod dupf-node-monitor-67qq8 的网络故障清除成功
2026-05-08 14:34:10 - chaos - INFO - 清除 Pod dupf-prometheus-7f486d9788-856l7 的网络故障
2026-05-08 14:34:10 - chaos - INFO - 命名空间: ns-dupf, 网络设备: eth0
2026-05-08 14:34:10 - chaos - INFO - 获取 Pod dupf-prometheus-7f486d9788-856l7 的 pause 容器 ID
2026-05-08 14:34:11 - chaos - INFO - 解析后的 pause 容器 ID: 64a24fc1308b
2026-05-08 14:34:11 - chaos - INFO - 获取容器的 PID
2026-05-08 14:34:11 - chaos - INFO - 容器 ID: 64a24fc1308b
2026-05-08 14:34:11 - chaos - INFO - 提取的容器 PID: 52912
2026-05-08 14:34:11 - chaos - INFO - Pod dupf-prometheus-7f486d9788-856l7 的网络故障清除成功
2026-05-08 14:34:11 - chaos - INFO - 清除 Pod dupf-registry-center-2 的网络故障
2026-05-08 14:34:11 - chaos - INFO - 命名空间: ns-dupf, 网络设备: eth0
2026-05-08 14:34:11 - chaos - INFO - 获取 Pod dupf-registry-center-2 的 pause 容器 ID
2026-05-08 14:34:11 - chaos - INFO - 解析后的 pause 容器 ID: 09cccee66afb
2026-05-08 14:34:11 - chaos - INFO - 获取容器的 PID
2026-05-08 14:34:11 - chaos - INFO - 容器 ID: 09cccee66afb
2026-05-08 14:34:11 - chaos - INFO - 提取的容器 PID: 8097
2026-05-08 14:34:11 - chaos - INFO - Pod dupf-registry-center-2 的网络故障清除成功
2026-05-08 14:34:11 - chaos - INFO - 清除 Pod dupf-sdb-1 的网络故障
2026-05-08 14:34:11 - chaos - INFO - 命名空间: ns-dupf, 网络设备: eth0
2026-05-08 14:34:11 - chaos - INFO - 获取 Pod dupf-sdb-1 的 pause 容器 ID
2026-05-08 14:34:11 - chaos - INFO - 解析后的 pause 容器 ID: c83947f725c5
2026-05-08 14:34:11 - chaos - INFO - 获取容器的 PID
2026-05-08 14:34:11 - chaos - INFO - 容器 ID: c83947f725c5
2026-05-08 14:34:11 - chaos - INFO - 提取的容器 PID: 56495
2026-05-08 14:34:11 - chaos - INFO - Pod dupf-sdb-1 的网络故障清除成功
2026-05-08 14:34:11 - chaos - INFO - 清除 Pod dupf-sdb-sentinel-2 的网络故障
2026-05-08 14:34:11 - chaos - INFO - 命名空间: ns-dupf, 网络设备: eth0
2026-05-08 14:34:11 - chaos - INFO - 获取 Pod dupf-sdb-sentinel-2 的 pause 容器 ID
2026-05-08 14:34:12 - chaos - INFO - 解析后的 pause 容器 ID: 45a2fb40f9c3
2026-05-08 14:34:12 - chaos - INFO - 获取容器的 PID
2026-05-08 14:34:12 - chaos - INFO - 容器 ID: 45a2fb40f9c3
2026-05-08 14:34:12 - chaos - INFO - 提取的容器 PID: 56485
2026-05-08 14:34:12 - chaos - INFO - Pod dupf-sdb-sentinel-2 的网络故障清除成功
2026-05-08 14:34:12 - chaos - INFO - 清除 Pod dupf-sf-mq-proxy-2 的网络故障
2026-05-08 14:34:12 - chaos - INFO - 命名空间: ns-dupf, 网络设备: eth0
2026-05-08 14:34:12 - chaos - INFO - 获取 Pod dupf-sf-mq-proxy-2 的 pause 容器 ID
2026-05-08 14:34:12 - chaos - INFO - 解析后的 pause 容器 ID: aedeffcae771
2026-05-08 14:34:12 - chaos - INFO - 获取容器的 PID
2026-05-08 14:34:12 - chaos - INFO - 容器 ID: aedeffcae771
2026-05-08 14:34:12 - chaos - INFO - 提取的容器 PID: 59302
2026-05-08 14:34:12 - chaos - INFO - Pod dupf-sf-mq-proxy-2 的网络故障清除成功
2026-05-08 14:34:12 - chaos - INFO - 清除 Pod dupf-upc-5c84ff589c-btt52 的网络故障
2026-05-08 14:34:12 - chaos - INFO - 命名空间: ns-dupf, 网络设备: eth0
2026-05-08 14:34:12 - chaos - INFO - 获取 Pod dupf-upc-5c84ff589c-btt52 的 pause 容器 ID
2026-05-08 14:34:12 - chaos - INFO - 解析后的 pause 容器 ID: 30deac2c6220
2026-05-08 14:34:12 - chaos - INFO - 获取容器的 PID
2026-05-08 14:34:12 - chaos - INFO - 容器 ID: 30deac2c6220
2026-05-08 14:34:12 - chaos - INFO - 提取的容器 PID: 53503
2026-05-08 14:34:13 - chaos - INFO - Pod dupf-upc-5c84ff589c-btt52 的网络故障清除成功
2026-05-08 14:34:13 - chaos - INFO - 清除 Pod dupf-upc-5c84ff589c-fqnf7 的网络故障
2026-05-08 14:34:13 - chaos - INFO - 命名空间: ns-dupf, 网络设备: eth0
2026-05-08 14:34:13 - chaos - INFO - 获取 Pod dupf-upc-5c84ff589c-fqnf7 的 pause 容器 ID
2026-05-08 14:34:13 - chaos - INFO - 解析后的 pause 容器 ID: 6f392aa15848
2026-05-08 14:34:13 - chaos - INFO - 获取容器的 PID
2026-05-08 14:34:13 - chaos - INFO - 容器 ID: 6f392aa15848
2026-05-08 14:34:13 - chaos - INFO - 提取的容器 PID: 53471
2026-05-08 14:34:13 - chaos - INFO - Pod dupf-upc-5c84ff589c-fqnf7 的网络故障清除成功
2026-05-08 14:34:13 - chaos - INFO - 清除 Pod dupf-upu-dupf01-1-7578c56d88-dd8qf 的网络故障
2026-05-08 14:34:13 - chaos - INFO - 命名空间: ns-dupf, 网络设备: eth0
2026-05-08 14:34:13 - chaos - INFO - 获取 Pod dupf-upu-dupf01-1-7578c56d88-dd8qf 的 pause 容器 ID
2026-05-08 14:34:20 - chaos - INFO - 解析后的 pause 容器 ID: d8c18e184701
2026-05-08 14:34:20 - chaos - INFO - 获取容器的 PID
2026-05-08 14:34:20 - chaos - INFO - 容器 ID: d8c18e184701
2026-05-08 14:34:20 - chaos - INFO - 提取的容器 PID: 54289
2026-05-08 14:34:13 - chaos - INFO - Pod dupf-upu-dupf01-1-7578c56d88-dd8qf 的网络故障清除成功
2026-05-08 14:34:13 - chaos - INFO - 清除 Pod dupf-upu-dupf01-2-7cd9b494c-5wrzj 的网络故障
2026-05-08 14:34:13 - chaos - INFO - 命名空间: ns-dupf, 网络设备: eth0
2026-05-08 14:34:13 - chaos - INFO - 获取 Pod dupf-upu-dupf01-2-7cd9b494c-5wrzj 的 pause 容器 ID
2026-05-08 14:34:13 - chaos - INFO - 解析后的 pause 容器 ID: 045e1b477bbf
2026-05-08 14:34:13 - chaos - INFO - 获取容器的 PID
2026-05-08 14:34:13 - chaos - INFO - 容器 ID: 045e1b477bbf
2026-05-08 14:34:13 - chaos - INFO - 提取的容器 PID: 33786
2026-05-08 14:34:13 - chaos - INFO - Pod dupf-upu-dupf01-2-7cd9b494c-5wrzj 的网络故障清除成功
2026-05-08 14:34:13 - chaos - INFO - 清除 Pod dupf-upu-dupf01-3-585d949f88-x9fdd 的网络故障
2026-05-08 14:34:13 - chaos - INFO - 命名空间: ns-dupf, 网络设备: eth0
2026-05-08 14:34:13 - chaos - INFO - 获取 Pod dupf-upu-dupf01-3-585d949f88-x9fdd 的 pause 容器 ID
2026-05-08 14:34:13 - chaos - INFO - 解析后的 pause 容器 ID: df4f22e1420a
2026-05-08 14:34:13 - chaos - INFO - 获取容器的 PID
2026-05-08 14:34:13 - chaos - INFO - 容器 ID: df4f22e1420a
2026-05-08 14:34:13 - chaos - INFO - 提取的容器 PID: 54597
2026-05-08 14:34:14 - chaos - INFO - Pod dupf-upu-dupf01-3-585d949f88-x9fdd 的网络故障清除成功
2026-05-08 14:34:14 - chaos - INFO - 环境 1_ssh_remote 网络故障清除完成：成功 15, 失败 0
2026-05-08 14:34:14 - chaos - INFO - ============================================================
2026-05-08 14:34:14 - chaos - INFO - workflow 级别的 auto_clear 完成
2026-05-08 14:34:14 - chaos - INFO - ============================================================
2026-05-08 14:34:14 - chaos - INFO - 
================================================================================
2026-05-08 14:34:14 - chaos - INFO - 执行workflow: cases/upu/upu-master_upu-slave/workflow_parallel_stop_upu-master_upu-slave.yaml
2026-05-08 14:34:14 - chaos - INFO - ================================================================================
2026-05-08 14:34:14 - chaos - INFO - Successfully parsed workflow: upu_parallel_pod_stop_001
2026-05-08 14:34:14 - chaos - INFO - ============================================================
2026-05-08 14:34:14 - chaos - INFO - 开始执行工作流: UPU 并行 Pod 停止工作流
2026-05-08 14:34:14 - chaos - INFO - 工作流 ID: upu_parallel_pod_stop_001
2026-05-08 14:34:14 - chaos - INFO - 执行模式: parallel
2026-05-08 14:34:14 - chaos - INFO - ============================================================
2026-05-08 14:34:14 - chaos - INFO - 启动延迟 10.0s
2026-05-08 14:34:30 - chaos - INFO - 执行计划: 共 1 层
2026-05-08 14:34:30 - chaos - INFO - 
============================================================
2026-05-08 14:34:30 - chaos - INFO - 执行第 1/1 层，共 2 个任务
2026-05-08 14:34:30 - chaos - INFO - ============================================================
2026-05-08 14:34:30 - chaos - INFO - [DEBUG] 开始执行任务: UPU Master Pod 停止 (stop_upu_master)
2026-05-08 14:34:30 - chaos - INFO - [DEBUG] 任务类型: pod, 故障类型: stop
2026-05-08 14:34:30 - chaos - INFO - [DEBUG] 目标: Pod: upu-master
2026-05-08 14:34:30 - chaos - INFO - [DEBUG] Duration: 240s, Loop: 1
2026-05-08 14:34:30 - chaos - INFO - [DEBUG] 任务超时时间: 300.0s
2026-05-08 14:34:30 - chaos - INFO - [DEBUG] ========== 开始执行 Case ==========
2026-05-08 14:34:30 - chaos - INFO - [DEBUG] Case名称: upu_master_stop
2026-05-08 14:34:30 - chaos - INFO - [DEBUG] Case类型: pod
2026-05-08 14:34:30 - chaos - INFO - [DEBUG] 故障类型: stop
2026-05-08 14:34:30 - chaos - INFO - [DEBUG] 环境: 1_ssh_remote
2026-05-08 14:34:30 - chaos - INFO - [DEBUG] 执行 Case 迭代 1/1
2026-05-08 14:34:30 - chaos - INFO - [DEBUG] 开始获取目标列表...
2026-05-08 14:34:30 - chaos.utils.remote - INFO - 连接 root@10.230.246.167:50163 不可用，需要重连
2026-05-08 14:34:30 - chaos.utils.remote - INFO - 尝试重连: root@10.230.246.167:50163
2026-05-08 14:34:30 - chaos.utils.remote - INFO - SSH连接建立成功: 10.230.246.167:50163, 耗时: 0.11s
2026-05-08 14:34:30 - chaos.utils.remote - INFO - 重连成功: root@10.230.246.167:50163
2026-05-08 14:34:30 - chaos - INFO - 获取 UPU Pod 列表，namespace: ns-dupf, filter_type: upu-master
2026-05-08 14:34:23 - chaos - INFO - 找到 9 个 UPU Pod（过滤类型：upu-master）
2026-05-08 14:34:23 - chaos - INFO - 随机选择 Pod: dupf-upu-dupf01-1-7578c56d88-dd8qf
2026-05-08 14:34:23 - chaos - INFO - [DEBUG] 找到 1 个目标
2026-05-08 14:34:23 - chaos - INFO - [DEBUG] ---------- 处理目标 1/1 ----------
2026-05-08 14:34:23 - chaos - INFO - [DEBUG] 目标名称: dupf-upu-dupf01-1-7578c56d88-dd8qf
2026-05-08 14:34:23 - chaos - INFO - [DEBUG] 目标节点: None
2026-05-08 14:34:23 - chaos - INFO - [DEBUG] 创建故障注入器...
2026-05-08 14:34:23 - chaos - INFO - [DEBUG] 准备注入故障...
2026-05-08 14:34:23 - chaos - INFO - [DEBUG] 注入参数: {'fault_type': 'stop'}
2026-05-08 14:34:23 - chaos - INFO - 获取 Pod dupf-upu-dupf01-1-7578c56d88-dd8qf 所在的节点名称
2026-05-08 14:34:23 - chaos - INFO - Pod dupf-upu-dupf01-1-7578c56d88-dd8qf 所在的节点: dupf01
2026-05-08 14:34:23 - chaos - INFO - 找到匹配的环境: 1_ssh_remote
2026-05-08 14:34:23 - chaos - INFO - 获取 Pod dupf-upu-dupf01-1-7578c56d88-dd8qf 的容器 ID
2026-05-08 14:34:24 - chaos - INFO - 容器 ID: 506dc021498c6acdc3cc43a3585a93ceb897b55709834f98106c8ff194a67afe
2026-05-08 14:34:24 - chaos - INFO - 停止容器 506dc021498c6acdc3cc43a3585a93ceb897b55709834f98106c8ff194a67afe
2026-05-08 14:34:25 - chaos - INFO - [DEBUG] 开始执行任务: UPU Slave Pod 停止 (stop_upu_slave)
2026-05-08 14:34:25 - chaos - INFO - [DEBUG] 任务类型: pod, 故障类型: stop
2026-05-08 14:34:25 - chaos - INFO - [DEBUG] 目标: Pod: upu-slave
2026-05-08 14:34:25 - chaos - INFO - [DEBUG] Duration: 240s, Loop: 1
2026-05-08 14:34:25 - chaos - INFO - [DEBUG] 任务超时时间: 300.0s
2026-05-08 14:34:25 - chaos - INFO - [DEBUG] ========== 开始执行 Case ==========
2026-05-08 14:34:25 - chaos - INFO - [DEBUG] Case名称: upu_slave_stop
2026-05-08 14:34:25 - chaos - INFO - [DEBUG] Case类型: pod
2026-05-08 14:34:25 - chaos - INFO - [DEBUG] 故障类型: stop
2026-05-08 14:34:25 - chaos - INFO - [DEBUG] 环境: 1_ssh_remote
2026-05-08 14:34:25 - chaos - INFO - [DEBUG] 执行 Case 迭代 1/1
2026-05-08 14:34:25 - chaos - INFO - [DEBUG] 开始获取目标列表...
2026-05-08 14:34:25 - chaos - INFO - 获取 UPU Pod 列表，namespace: ns-dupf, filter_type: upu-slave
2026-05-08 14:34:31 - chaos - INFO - 容器 506dc021498c6acdc3cc43a3585a93ceb897b55709834f98106c8ff194a67afe 停止成功
2026-05-08 14:34:31 - chaos - INFO - [DEBUG] 故障注入成功
2026-05-08 14:34:31 - chaos - INFO - [DEBUG] 故障ID: stop_dupf-upu-dupf01-1-7578c56d88-dd8qf_ns-dupf_1778222063
2026-05-08 14:34:31 - chaos - INFO - 记录故障：stop_dupf-upu-dupf01-1-7578c56d88-dd8qf_ns-dupf_1778222063
2026-05-08 14:34:31 - chaos - INFO - [DEBUG] 开始等待 duration: 240s (240.0秒)
2026-05-08 14:34:31 - chaos - INFO - 找到 3 个 UPU Pod（过滤类型：upu-slave）
2026-05-08 14:34:31 - chaos - INFO - 随机选择 Pod: dupf-upu-dupf03-8-c86996c4d-2m78z
2026-05-08 14:34:31 - chaos - INFO - [DEBUG] 找到 1 个目标
2026-05-08 14:34:31 - chaos - INFO - [DEBUG] ---------- 处理目标 1/1 ----------
2026-05-08 14:34:31 - chaos - INFO - [DEBUG] 目标名称: dupf-upu-dupf03-8-c86996c4d-2m78z
2026-05-08 14:34:31 - chaos - INFO - [DEBUG] 目标节点: None
2026-05-08 14:34:31 - chaos - INFO - [DEBUG] 创建故障注入器...
2026-05-08 14:34:31 - chaos - INFO - [DEBUG] 准备注入故障...
2026-05-08 14:34:31 - chaos - INFO - [DEBUG] 注入参数: {'fault_type': 'stop'}
2026-05-08 14:34:31 - chaos - INFO - 获取 Pod dupf-upu-dupf03-8-c86996c4d-2m78z 所在的节点名称
2026-05-08 14:34:31 - chaos - INFO - Pod dupf-upu-dupf03-8-c86996c4d-2m78z 所在的节点: dupf03
2026-05-08 14:34:31 - chaos - INFO - 找到匹配的环境: 3_ssh_remote
2026-05-08 14:34:31 - chaos - INFO - 获取 Pod dupf-upu-dupf03-8-c86996c4d-2m78z 的容器 ID
2026-05-08 14:34:31 - chaos - INFO - 容器 ID: b835389e6a580166bd94057771e7fa20e512c7b223499977e62013aee5e8bede
2026-05-08 14:34:31 - chaos - INFO - 停止容器 b835389e6a580166bd94057771e7fa20e512c7b223499977e62013aee5e8bede
2026-05-08 14:34:38 - chaos - INFO - 容器 b835389e6a580166bd94057771e7fa20e512c7b223499977e62013aee5e8bede 停止成功
2026-05-08 14:34:38 - chaos - INFO - [DEBUG] 故障注入成功
2026-05-08 14:34:38 - chaos - INFO - [DEBUG] 故障ID: stop_dupf-upu-dupf03-8-c86996c4d-2m78z_ns-dupf_1778222071
2026-05-08 14:34:38 - chaos - INFO - 记录故障：stop_dupf-upu-dupf03-8-c86996c4d-2m78z_ns-dupf_1778222071
2026-05-08 14:34:38 - chaos - INFO - [DEBUG] 开始等待 duration: 240s (240.0秒)
2026-05-08 14:38:09 - chaos - INFO - [DEBUG] duration 等待完成
2026-05-08 14:38:09 - chaos - INFO - [DEBUG] 开始清理故障: stop_dupf-upu-dupf01-1-7578c56d88-dd8qf_ns-dupf_1778222063
2026-05-08 14:38:09 - chaos - INFO - 恢复停止的容器，故障 ID: stop_dupf-upu-dupf01-1-7578c56d88-dd8qf_ns-dupf_1778222063
2026-05-08 14:38:09 - chaos - INFO - 启动容器 506dc021498c6acdc3cc43a3585a93ceb897b55709834f98106c8ff194a67afe (Pod: dupf-upu-dupf01-1-7578c56d88-dd8qf)
2026-05-08 14:38:09 - chaos - INFO - 容器 506dc021498c6acdc3cc43a3585a93ceb897b55709834f98106c8ff194a67afe 启动成功
2026-05-08 14:38:09 - chaos - INFO - [DEBUG] 故障清理成功: stop_dupf-upu-dupf01-1-7578c56d88-dd8qf_ns-dupf_1778222063
2026-05-08 14:38:09 - chaos - INFO - 标记故障已恢复：stop_dupf-upu-dupf01-1-7578c56d88-dd8qf_ns-dupf_1778222063
2026-05-08 14:38:09 - chaos - INFO - 任务执行成功: UPU Master Pod 停止 (耗时: 218.94s)
2026-05-08 14:38:17 - chaos - INFO - [DEBUG] duration 等待完成
2026-05-08 14:38:17 - chaos - INFO - [DEBUG] 开始清理故障: stop_dupf-upu-dupf03-8-c86996c4d-2m78z_ns-dupf_1778222071
2026-05-08 14:38:17 - chaos - INFO - 恢复停止的容器，故障 ID: stop_dupf-upu-dupf03-8-c86996c4d-2m78z_ns-dupf_1778222071
2026-05-08 14:38:17 - chaos - INFO - 启动容器 b835389e6a580166bd94057771e7fa20e512c7b223499977e62013aee5e8bede (Pod: dupf-upu-dupf03-8-c86996c4d-2m78z)
2026-05-08 14:38:17 - chaos - INFO - 容器 b835389e6a580166bd94057771e7fa20e512c7b223499977e62013aee5e8bede 启动成功
2026-05-08 14:38:17 - chaos - INFO - [DEBUG] 故障清理成功: stop_dupf-upu-dupf03-8-c86996c4d-2m78z_ns-dupf_1778222071
2026-05-08 14:38:17 - chaos - INFO - 标记故障已恢复：stop_dupf-upu-dupf03-8-c86996c4d-2m78z_ns-dupf_1778222071
2026-05-08 14:38:17 - chaos - INFO - 任务执行成功: UPU Slave Pod 停止 (耗时: 232.28s)
2026-05-08 14:38:17 - chaos - INFO - 
================================================================================
                           Workflow Execution Report                            
================================================================================
Workflow ID    : upu_parallel_pod_stop_001
Workflow Name  : UPU 并行 Pod 停止工作流
Status         : SUCCESS
Start Time     : 2026-05-08 14:34:14
End Time       : 2026-05-08 14:38:17
Total Duration : 243.40s
Success Rate   : 100.00%
================================================================================

Task Results:
--------------------------------------------------------------------------------
  [SUCCESS ] UPU Master Pod 停止              Duration: 218.94s  Group: N/A
  [SUCCESS ] UPU Slave Pod 停止               Duration: 232.28s  Group: N/A

================================================================================
Summary Statistics
================================================================================
Total Tasks    : 2
Success        : 2
Failed         : 0
Timeout        : 0
Skipped        : 0
================================================================================
2026-05-08 14:38:17 - chaos - INFO - 
================================================================================
2026-05-08 14:38:17 - chaos - INFO - 执行workflow: cases/upu/upu-master_upu-slave/workflow_serial_corrupt_upu-master_upu-slave.yaml
2026-05-08 14:38:17 - chaos - INFO - ================================================================================
2026-05-08 14:38:17 - chaos - INFO - Successfully parsed workflow: upu_serial_network_corrupt_001
2026-05-08 14:38:17 - chaos - INFO - ============================================================
2026-05-08 14:38:17 - chaos - INFO - 开始执行工作流: UPU 串行网络数据包破坏工作流
2026-05-08 14:38:17 - chaos - INFO - 工作流 ID: upu_serial_network_corrupt_001
2026-05-08 14:38:17 - chaos - INFO - 执行模式: serial
2026-05-08 14:38:17 - chaos - INFO - ============================================================
2026-05-08 14:38:17 - chaos - INFO - 启动延迟 10.0s
2026-05-08 14:38:34 - chaos - INFO - 执行计划: 共 2 层
2026-05-08 14:38:34 - chaos - INFO - 
============================================================
2026-05-08 14:38:34 - chaos - INFO - 执行第 1/2 层，共 1 个任务
2026-05-08 14:38:34 - chaos - INFO - ============================================================
2026-05-08 14:38:34 - chaos - INFO - [DEBUG] 开始执行任务: UPU Master 数据包破坏 (corrupt_upu_master)
2026-05-08 14:38:34 - chaos - INFO - [DEBUG] 任务类型: network, 故障类型: corrupt
2026-05-08 14:38:34 - chaos - INFO - [DEBUG] 目标: Pod: upu-master
2026-05-08 14:38:34 - chaos - INFO - [DEBUG] Duration: 240s, Loop: 1
2026-05-08 14:38:34 - chaos - INFO - [DEBUG] 任务超时时间: 300.0s
2026-05-08 14:38:34 - chaos - INFO - [DEBUG] ========== 开始执行 Case ==========
2026-05-08 14:38:34 - chaos - INFO - [DEBUG] Case名称: upu_master_corrupt
2026-05-08 14:38:34 - chaos - INFO - [DEBUG] Case类型: network
2026-05-08 14:38:34 - chaos - INFO - [DEBUG] 故障类型: corrupt
2026-05-08 14:38:34 - chaos - INFO - [DEBUG] 环境: 1_ssh_remote
2026-05-08 14:38:34 - chaos - INFO - [DEBUG] 执行 Case 迭代 1/1
2026-05-08 14:38:34 - chaos - INFO - [DEBUG] 开始获取目标列表...
2026-05-08 14:38:34 - chaos - INFO - 获取 UPU Pod 列表，namespace: ns-dupf, filter_type: upu-master
2026-05-08 14:38:34 - chaos - INFO - 找到 9 个 UPU Pod（过滤类型：upu-master）
2026-05-08 14:38:34 - chaos - INFO - 随机选择 Pod: dupf-upu-dupf02-6-958dc9889-pdlwv
2026-05-08 14:38:34 - chaos - INFO - [DEBUG] 找到 1 个目标
2026-05-08 14:38:34 - chaos - INFO - [DEBUG] ---------- 处理目标 1/1 ----------
2026-05-08 14:38:34 - chaos - INFO - [DEBUG] 目标名称: dupf-upu-dupf02-6-958dc9889-pdlwv
2026-05-08 14:38:34 - chaos - INFO - [DEBUG] 目标节点: None
2026-05-08 14:38:34 - chaos - INFO - [DEBUG] 创建故障注入器...
2026-05-08 14:38:34 - chaos - INFO - [DEBUG] 准备注入故障...
2026-05-08 14:38:34 - chaos - INFO - [DEBUG] 注入参数: {'fault_type': 'corrupt', 'correlation': ['30%', '90%'], 'percent': ['10%', '90%']}
2026-05-08 14:38:34 - chaos - INFO - [DEBUG] ========== 开始注入网络数据包破坏 ==========
2026-05-08 14:38:34 - chaos - INFO - [DEBUG] Pod名称: dupf-upu-dupf02-6-958dc9889-pdlwv
2026-05-08 14:38:34 - chaos - INFO - [DEBUG] 命名空间: ns-dupf
2026-05-08 14:38:34 - chaos - INFO - [DEBUG] 网卡设备: eth0
2026-05-08 14:38:34 - chaos - INFO - [DEBUG] 损坏比例: 14%, 相关性: 61%
2026-05-08 14:38:34 - chaos - INFO - [DEBUG] 获取 pause 容器 ID...
2026-05-08 14:38:34 - chaos - INFO - 获取 Pod dupf-upu-dupf02-6-958dc9889-pdlwv 的 pause 容器 ID
2026-05-08 14:38:34 - chaos - INFO - 获取 Pod dupf-upu-dupf02-6-958dc9889-pdlwv 所在的节点，namespace: ns-dupf
2026-05-08 14:38:34 - chaos - INFO - Pod dupf-upu-dupf02-6-958dc9889-pdlwv 运行在节点 dupf02
2026-05-08 14:38:34 - chaos - INFO - Pod dupf-upu-dupf02-6-958dc9889-pdlwv 运行在节点 dupf02
2026-05-08 14:38:34 - chaos - INFO - 找到节点 dupf02 对应的环境: 2_ssh_remote
2026-05-08 14:38:34 - chaos - INFO - 解析后的 pause 容器 ID: 50e8fcfced69
2026-05-08 14:38:34 - chaos - INFO - [DEBUG] pause 容器 ID: 50e8fcfced69
2026-05-08 14:38:34 - chaos - INFO - [DEBUG] 获取 pause 容器 PID...
2026-05-08 14:38:34 - chaos - INFO - 获取容器的 PID
2026-05-08 14:38:34 - chaos - INFO - 容器 ID: 50e8fcfced69
2026-05-08 14:38:35 - chaos - INFO - 提取的容器 PID: 31675
2026-05-08 14:38:35 - chaos - INFO - [DEBUG] pause 容器 PID: 31675
2026-05-08 14:38:35 - chaos - INFO - [DEBUG] 为 Pod dupf-upu-dupf02-6-958dc9889-pdlwv 注入网络数据包破坏
2026-05-08 14:38:35 - chaos - INFO - [DEBUG] 损坏比例: 14%
2026-05-08 14:38:35 - chaos - INFO - [DEBUG] 相关性: 61%
2026-05-08 14:38:35 - chaos - INFO - [DEBUG] tc 命令: tc qdisc add dev eth0 root netem corrupt 14% 61%
2026-05-08 14:38:35 - chaos - INFO - [DEBUG] 完整命令: nsenter -t 31675 -n tc qdisc add dev eth0 root netem corrupt 14% 61%
2026-05-08 14:38:35 - chaos - INFO - [DEBUG] 执行 tc 命令...
2026-05-08 14:38:35 - chaos - INFO - [DEBUG] 网络数据包破坏注入成功
2026-05-08 14:38:35 - chaos - INFO - [DEBUG] ========== 网络数据包破坏注入完成 ==========
2026-05-08 14:38:35 - chaos - INFO - [DEBUG] 故障注入成功
2026-05-08 14:38:35 - chaos - INFO - [DEBUG] 故障ID: corrupt_dupf-upu-dupf02-6-958dc9889-pdlwv_ns-dupf_1778222314
2026-05-08 14:38:35 - chaos - INFO - 记录故障：corrupt_dupf-upu-dupf02-6-958dc9889-pdlwv_ns-dupf_1778222314
2026-05-08 14:38:35 - chaos - INFO - [DEBUG] 开始等待 duration: 240s (240.0秒)
2026-05-08 14:42:13 - chaos - INFO - [DEBUG] duration 等待完成
2026-05-08 14:42:13 - chaos - INFO - [DEBUG] 开始清理故障: corrupt_dupf-upu-dupf02-6-958dc9889-pdlwv_ns-dupf_1778222314
2026-05-08 14:42:13 - chaos - INFO - 获取 Pod dupf-upu-dupf02-6-958dc9889-pdlwv 的 pause 容器 ID
2026-05-08 14:42:13 - chaos - INFO - 获取 Pod dupf-upu-dupf02-6-958dc9889-pdlwv 所在的节点，namespace: ns-dupf
2026-05-08 14:42:13 - chaos - INFO - Pod dupf-upu-dupf02-6-958dc9889-pdlwv 运行在节点 dupf02
2026-05-08 14:42:13 - chaos - INFO - Pod dupf-upu-dupf02-6-958dc9889-pdlwv 运行在节点 dupf02
2026-05-08 14:42:13 - chaos - INFO - 找到节点 dupf02 对应的环境: 2_ssh_remote
2026-05-08 14:42:13 - chaos - INFO - 解析后的 pause 容器 ID: 50e8fcfced69
2026-05-08 14:42:13 - chaos - INFO - 获取容器的 PID
2026-05-08 14:42:13 - chaos - INFO - 容器 ID: 50e8fcfced69
2026-05-08 14:42:13 - chaos - INFO - 提取的容器 PID: 31675
2026-05-08 14:42:13 - chaos - INFO - 恢复网络故障：corrupt_dupf-upu-dupf02-6-958dc9889-pdlwv_ns-dupf_1778222314
2026-05-08 14:42:13 - chaos - INFO - [DEBUG] 故障清理成功: corrupt_dupf-upu-dupf02-6-958dc9889-pdlwv_ns-dupf_1778222314
2026-05-08 14:42:13 - chaos - INFO - 标记故障已恢复：corrupt_dupf-upu-dupf02-6-958dc9889-pdlwv_ns-dupf_1778222314
2026-05-08 14:42:13 - chaos - INFO - 任务执行成功: UPU Master 数据包破坏 (耗时: 219.57s)
2026-05-08 14:42:13 - chaos - INFO - 层间等待 10.0s
2026-05-08 14:42:23 - chaos - INFO - 
============================================================
2026-05-08 14:42:23 - chaos - INFO - 执行第 2/2 层，共 1 个任务
2026-05-08 14:42:23 - chaos - INFO - ============================================================
2026-05-08 14:42:23 - chaos - INFO - [DEBUG] 开始执行任务: UPU Slave 数据包破坏 (corrupt_upu_slave)
2026-05-08 14:42:23 - chaos - INFO - [DEBUG] 任务类型: network, 故障类型: corrupt
2026-05-08 14:42:23 - chaos - INFO - [DEBUG] 目标: Pod: upu-slave
2026-05-08 14:42:23 - chaos - INFO - [DEBUG] Duration: 240s, Loop: 1
2026-05-08 14:42:23 - chaos - INFO - [DEBUG] 任务超时时间: 300.0s
2026-05-08 14:42:23 - chaos - INFO - [DEBUG] ========== 开始执行 Case ==========
2026-05-08 14:42:23 - chaos - INFO - [DEBUG] Case名称: upu_slave_corrupt
2026-05-08 14:42:23 - chaos - INFO - [DEBUG] Case类型: network
2026-05-08 14:42:23 - chaos - INFO - [DEBUG] 故障类型: corrupt
2026-05-08 14:42:23 - chaos - INFO - [DEBUG] 环境: 1_ssh_remote
2026-05-08 14:42:23 - chaos - INFO - [DEBUG] 执行 Case 迭代 1/1
2026-05-08 14:42:23 - chaos - INFO - [DEBUG] 开始获取目标列表...
2026-05-08 14:42:23 - chaos - INFO - 获取 UPU Pod 列表，namespace: ns-dupf, filter_type: upu-slave
2026-05-08 14:42:24 - chaos - INFO - 找到 3 个 UPU Pod（过滤类型：upu-slave）
2026-05-08 14:42:24 - chaos - INFO - 随机选择 Pod: dupf-upu-dupf02-4-6cf676c74d-drjs5
2026-05-08 14:42:24 - chaos - INFO - [DEBUG] 找到 1 个目标
2026-05-08 14:42:24 - chaos - INFO - [DEBUG] ---------- 处理目标 1/1 ----------
2026-05-08 14:42:24 - chaos - INFO - [DEBUG] 目标名称: dupf-upu-dupf02-4-6cf676c74d-drjs5
2026-05-08 14:42:24 - chaos - INFO - [DEBUG] 目标节点: None
2026-05-08 14:42:24 - chaos - INFO - [DEBUG] 创建故障注入器...
2026-05-08 14:42:24 - chaos - INFO - [DEBUG] 准备注入故障...
2026-05-08 14:42:24 - chaos - INFO - [DEBUG] 注入参数: {'fault_type': 'corrupt', 'correlation': ['30%', '90%'], 'percent': ['10%', '90%']}
2026-05-08 14:42:24 - chaos - INFO - [DEBUG] ========== 开始注入网络数据包破坏 ==========
2026-05-08 14:42:24 - chaos - INFO - [DEBUG] Pod名称: dupf-upu-dupf02-4-6cf676c74d-drjs5
2026-05-08 14:42:24 - chaos - INFO - [DEBUG] 命名空间: ns-dupf
2026-05-08 14:42:24 - chaos - INFO - [DEBUG] 网卡设备: eth0
2026-05-08 14:42:24 - chaos - INFO - [DEBUG] 损坏比例: 60%, 相关性: 68%
2026-05-08 14:42:24 - chaos - INFO - [DEBUG] 获取 pause 容器 ID...
2026-05-08 14:42:24 - chaos - INFO - 获取 Pod dupf-upu-dupf02-4-6cf676c74d-drjs5 的 pause 容器 ID
2026-05-08 14:42:24 - chaos - INFO - 获取 Pod dupf-upu-dupf02-4-6cf676c74d-drjs5 所在的节点，namespace: ns-dupf
2026-05-08 14:42:24 - chaos - INFO - Pod dupf-upu-dupf02-4-6cf676c74d-drjs5 运行在节点 dupf02
2026-05-08 14:42:24 - chaos - INFO - Pod dupf-upu-dupf02-4-6cf676c74d-drjs5 运行在节点 dupf02
2026-05-08 14:42:24 - chaos - INFO - 找到节点 dupf02 对应的环境: 2_ssh_remote
2026-05-08 14:42:24 - chaos - INFO - 解析后的 pause 容器 ID: 3eaa0454a9c7
2026-05-08 14:42:24 - chaos - INFO - [DEBUG] pause 容器 ID: 3eaa0454a9c7
2026-05-08 14:42:24 - chaos - INFO - [DEBUG] 获取 pause 容器 PID...
2026-05-08 14:42:24 - chaos - INFO - 获取容器的 PID
2026-05-08 14:42:24 - chaos - INFO - 容器 ID: 3eaa0454a9c7
2026-05-08 14:42:24 - chaos - INFO - 提取的容器 PID: 31355
2026-05-08 14:42:24 - chaos - INFO - [DEBUG] pause 容器 PID: 31355
2026-05-08 14:42:24 - chaos - INFO - [DEBUG] 为 Pod dupf-upu-dupf02-4-6cf676c74d-drjs5 注入网络数据包破坏
2026-05-08 14:42:24 - chaos - INFO - [DEBUG] 损坏比例: 60%
2026-05-08 14:42:24 - chaos - INFO - [DEBUG] 相关性: 68%
2026-05-08 14:42:24 - chaos - INFO - [DEBUG] tc 命令: tc qdisc add dev eth0 root netem corrupt 60% 68%
2026-05-08 14:42:24 - chaos - INFO - [DEBUG] 完整命令: nsenter -t 31355 -n tc qdisc add dev eth0 root netem corrupt 60% 68%
2026-05-08 14:42:24 - chaos - INFO - [DEBUG] 执行 tc 命令...
2026-05-08 14:42:24 - chaos - INFO - [DEBUG] 网络数据包破坏注入成功
2026-05-08 14:42:24 - chaos - INFO - [DEBUG] ========== 网络数据包破坏注入完成 ==========
2026-05-08 14:42:24 - chaos - INFO - [DEBUG] 故障注入成功
2026-05-08 14:42:24 - chaos - INFO - [DEBUG] 故障ID: corrupt_dupf-upu-dupf02-4-6cf676c74d-drjs5_ns-dupf_1778222544
2026-05-08 14:42:24 - chaos - INFO - 记录故障：corrupt_dupf-upu-dupf02-4-6cf676c74d-drjs5_ns-dupf_1778222544
2026-05-08 14:42:24 - chaos - INFO - [DEBUG] 开始等待 duration: 240s (240.0秒)
2026-05-08 14:45:54 - chaos - INFO - [DEBUG] duration 等待完成
2026-05-08 14:45:54 - chaos - INFO - [DEBUG] 开始清理故障: corrupt_dupf-upu-dupf02-4-6cf676c74d-drjs5_ns-dupf_1778222544
2026-05-08 14:45:54 - chaos - INFO - 获取 Pod dupf-upu-dupf02-4-6cf676c74d-drjs5 的 pause 容器 ID
2026-05-08 14:45:54 - chaos - INFO - 获取 Pod dupf-upu-dupf02-4-6cf676c74d-drjs5 所在的节点，namespace: ns-dupf
2026-05-08 14:45:54 - chaos - INFO - Pod dupf-upu-dupf02-4-6cf676c74d-drjs5 运行在节点 dupf02
2026-05-08 14:45:54 - chaos - INFO - Pod dupf-upu-dupf02-4-6cf676c74d-drjs5 运行在节点 dupf02
2026-05-08 14:45:54 - chaos - INFO - 找到节点 dupf02 对应的环境: 2_ssh_remote
2026-05-08 14:46:02 - chaos - INFO - 解析后的 pause 容器 ID: 3eaa0454a9c7
2026-05-08 14:46:02 - chaos - INFO - 获取容器的 PID
2026-05-08 14:46:02 - chaos - INFO - 容器 ID: 3eaa0454a9c7
2026-05-08 14:46:02 - chaos - INFO - 提取的容器 PID: 31355
2026-05-08 14:46:02 - chaos - INFO - 恢复网络故障：corrupt_dupf-upu-dupf02-4-6cf676c74d-drjs5_ns-dupf_1778222544
2026-05-08 14:46:02 - chaos - INFO - [DEBUG] 故障清理成功: corrupt_dupf-upu-dupf02-4-6cf676c74d-drjs5_ns-dupf_1778222544
2026-05-08 14:46:02 - chaos - INFO - 标记故障已恢复：corrupt_dupf-upu-dupf02-4-6cf676c74d-drjs5_ns-dupf_1778222544
2026-05-08 14:46:02 - chaos - INFO - 任务执行成功: UPU Slave 数据包破坏 (耗时: 218.47s)
2026-05-08 14:46:02 - chaos - INFO - 
================================================================================
                           Workflow Execution Report                            
================================================================================
Workflow ID    : upu_serial_network_corrupt_001
Workflow Name  : UPU 串行网络数据包破坏工作流
Status         : SUCCESS
Start Time     : 2026-05-08 14:38:17
End Time       : 2026-05-08 14:46:02
Total Duration : 464.87s
Success Rate   : 100.00%
================================================================================

Task Results:
--------------------------------------------------------------------------------
  [SUCCESS ] UPU Master 数据包破坏               Duration: 219.57s  Group: N/A
  [SUCCESS ] UPU Slave 数据包破坏                Duration: 218.47s  Group: N/A

================================================================================
Summary Statistics
================================================================================
Total Tasks    : 2
Success        : 2
Failed         : 0
Timeout        : 0
Skipped        : 0
================================================================================
2026-05-08 14:46:02 - chaos - INFO - ============================================================
2026-05-08 14:46:02 - chaos - INFO - 执行 workflow 级别的 auto_clear
2026-05-08 14:46:02 - chaos - INFO - ============================================================
2026-05-08 14:46:02 - chaos - INFO - 需要清理的环境: 1_ssh_remote
2026-05-08 14:46:02 - chaos - INFO - 清理环境 1_ssh_remote 的网络故障...
2026-05-08 14:46:02 - chaos - INFO - 获取 Pod 列表，namespace: ns-dupf, nodename: dupf01
2026-05-08 14:45:55 - chaos - INFO - 找到 15 个 Pod
2026-05-08 14:45:55 - chaos - INFO - 找到 15 个 pod
2026-05-08 14:45:55 - chaos - INFO - 清除 Pod dupf-ddb-shd-0-2 的网络故障
2026-05-08 14:45:55 - chaos - INFO - 命名空间: ns-dupf, 网络设备: eth0
2026-05-08 14:45:55 - chaos - INFO - 获取 Pod dupf-ddb-shd-0-2 的 pause 容器 ID
2026-05-08 14:45:55 - chaos - INFO - 解析后的 pause 容器 ID: 11b9bcfdcc7d
2026-05-08 14:45:55 - chaos - INFO - 获取容器的 PID
2026-05-08 14:45:55 - chaos - INFO - 容器 ID: 11b9bcfdcc7d
2026-05-08 14:45:55 - chaos - INFO - 提取的容器 PID: 56490
2026-05-08 14:45:55 - chaos - INFO - Pod dupf-ddb-shd-0-2 的网络故障清除成功
2026-05-08 14:45:55 - chaos - INFO - 清除 Pod dupf-ddb-shd-2-0 的网络故障
2026-05-08 14:45:55 - chaos - INFO - 命名空间: ns-dupf, 网络设备: eth0
2026-05-08 14:45:55 - chaos - INFO - 获取 Pod dupf-ddb-shd-2-0 的 pause 容器 ID
2026-05-08 14:45:55 - chaos - INFO - 解析后的 pause 容器 ID: eb6741339149
2026-05-08 14:45:55 - chaos - INFO - 获取容器的 PID
2026-05-08 14:45:55 - chaos - INFO - 容器 ID: eb6741339149
2026-05-08 14:45:55 - chaos - INFO - 提取的容器 PID: 60135
2026-05-08 14:45:55 - chaos - INFO - Pod dupf-ddb-shd-2-0 的网络故障清除成功
2026-05-08 14:45:55 - chaos - INFO - 清除 Pod dupf-etcd-2 的网络故障
2026-05-08 14:45:55 - chaos - INFO - 命名空间: ns-dupf, 网络设备: eth0
2026-05-08 14:45:55 - chaos - INFO - 获取 Pod dupf-etcd-2 的 pause 容器 ID
2026-05-08 14:45:55 - chaos - INFO - 解析后的 pause 容器 ID: 3cc8373b2962
2026-05-08 14:45:55 - chaos - INFO - 获取容器的 PID
2026-05-08 14:45:55 - chaos - INFO - 容器 ID: 3cc8373b2962
2026-05-08 14:45:55 - chaos - INFO - 提取的容器 PID: 52344
2026-05-08 14:45:56 - chaos - INFO - Pod dupf-etcd-2 的网络故障清除成功
2026-05-08 14:45:56 - chaos - INFO - 清除 Pod dupf-file-sync-cp7xf 的网络故障
2026-05-08 14:45:56 - chaos - INFO - 命名空间: ns-dupf, 网络设备: eth0
2026-05-08 14:45:56 - chaos - INFO - 获取 Pod dupf-file-sync-cp7xf 的 pause 容器 ID
2026-05-08 14:45:56 - chaos - INFO - 解析后的 pause 容器 ID: d0ea761e5e4e
2026-05-08 14:45:56 - chaos - INFO - 获取容器的 PID
2026-05-08 14:45:56 - chaos - INFO - 容器 ID: d0ea761e5e4e
2026-05-08 14:45:56 - chaos - INFO - 提取的容器 PID: 55694
2026-05-08 14:45:56 - chaos - INFO - Pod dupf-file-sync-cp7xf 的网络故障清除成功
2026-05-08 14:45:56 - chaos - INFO - 清除 Pod dupf-node-monitor-67qq8 的网络故障
2026-05-08 14:45:56 - chaos - INFO - 命名空间: ns-dupf, 网络设备: eth0
2026-05-08 14:45:56 - chaos - INFO - 获取 Pod dupf-node-monitor-67qq8 的 pause 容器 ID
2026-05-08 14:45:56 - chaos - INFO - 解析后的 pause 容器 ID: 511f0726aca2
2026-05-08 14:45:56 - chaos - INFO - 获取容器的 PID
2026-05-08 14:45:56 - chaos - INFO - 容器 ID: 511f0726aca2
2026-05-08 14:45:56 - chaos - INFO - 提取的容器 PID: 55791
2026-05-08 14:45:56 - chaos - INFO - Pod dupf-node-monitor-67qq8 的网络故障清除成功
2026-05-08 14:45:56 - chaos - INFO - 清除 Pod dupf-prometheus-7f486d9788-856l7 的网络故障
2026-05-08 14:45:56 - chaos - INFO - 命名空间: ns-dupf, 网络设备: eth0
2026-05-08 14:45:56 - chaos - INFO - 获取 Pod dupf-prometheus-7f486d9788-856l7 的 pause 容器 ID
2026-05-08 14:45:56 - chaos - INFO - 解析后的 pause 容器 ID: 64a24fc1308b
2026-05-08 14:45:56 - chaos - INFO - 获取容器的 PID
2026-05-08 14:45:56 - chaos - INFO - 容器 ID: 64a24fc1308b
2026-05-08 14:45:57 - chaos - INFO - 提取的容器 PID: 52912
2026-05-08 14:45:57 - chaos - INFO - Pod dupf-prometheus-7f486d9788-856l7 的网络故障清除成功
2026-05-08 14:45:57 - chaos - INFO - 清除 Pod dupf-registry-center-2 的网络故障
2026-05-08 14:45:57 - chaos - INFO - 命名空间: ns-dupf, 网络设备: eth0
2026-05-08 14:45:57 - chaos - INFO - 获取 Pod dupf-registry-center-2 的 pause 容器 ID
2026-05-08 14:45:57 - chaos - INFO - 解析后的 pause 容器 ID: 09cccee66afb
2026-05-08 14:45:57 - chaos - INFO - 获取容器的 PID
2026-05-08 14:45:57 - chaos - INFO - 容器 ID: 09cccee66afb
2026-05-08 14:45:57 - chaos - INFO - 提取的容器 PID: 8097
2026-05-08 14:45:57 - chaos - INFO - Pod dupf-registry-center-2 的网络故障清除成功
2026-05-08 14:45:57 - chaos - INFO - 清除 Pod dupf-sdb-1 的网络故障
2026-05-08 14:45:57 - chaos - INFO - 命名空间: ns-dupf, 网络设备: eth0
2026-05-08 14:45:57 - chaos - INFO - 获取 Pod dupf-sdb-1 的 pause 容器 ID
2026-05-08 14:45:57 - chaos - INFO - 解析后的 pause 容器 ID: c83947f725c5
2026-05-08 14:45:57 - chaos - INFO - 获取容器的 PID
2026-05-08 14:45:57 - chaos - INFO - 容器 ID: c83947f725c5
2026-05-08 14:45:57 - chaos - INFO - 提取的容器 PID: 56495
2026-05-08 14:45:57 - chaos - INFO - Pod dupf-sdb-1 的网络故障清除成功
2026-05-08 14:45:57 - chaos - INFO - 清除 Pod dupf-sdb-sentinel-2 的网络故障
2026-05-08 14:45:57 - chaos - INFO - 命名空间: ns-dupf, 网络设备: eth0
2026-05-08 14:45:57 - chaos - INFO - 获取 Pod dupf-sdb-sentinel-2 的 pause 容器 ID
2026-05-08 14:45:57 - chaos - INFO - 解析后的 pause 容器 ID: 45a2fb40f9c3
2026-05-08 14:45:57 - chaos - INFO - 获取容器的 PID
2026-05-08 14:45:57 - chaos - INFO - 容器 ID: 45a2fb40f9c3
2026-05-08 14:45:58 - chaos - INFO - 提取的容器 PID: 56485
2026-05-08 14:45:58 - chaos - INFO - Pod dupf-sdb-sentinel-2 的网络故障清除成功
2026-05-08 14:45:58 - chaos - INFO - 清除 Pod dupf-sf-mq-proxy-2 的网络故障
2026-05-08 14:45:58 - chaos - INFO - 命名空间: ns-dupf, 网络设备: eth0
2026-05-08 14:45:58 - chaos - INFO - 获取 Pod dupf-sf-mq-proxy-2 的 pause 容器 ID
2026-05-08 14:45:58 - chaos - INFO - 解析后的 pause 容器 ID: aedeffcae771
2026-05-08 14:45:58 - chaos - INFO - 获取容器的 PID
2026-05-08 14:45:58 - chaos - INFO - 容器 ID: aedeffcae771
2026-05-08 14:45:58 - chaos - INFO - 提取的容器 PID: 59302
2026-05-08 14:45:58 - chaos - INFO - Pod dupf-sf-mq-proxy-2 的网络故障清除成功
2026-05-08 14:45:58 - chaos - INFO - 清除 Pod dupf-upc-5c84ff589c-btt52 的网络故障
2026-05-08 14:45:58 - chaos - INFO - 命名空间: ns-dupf, 网络设备: eth0
2026-05-08 14:45:58 - chaos - INFO - 获取 Pod dupf-upc-5c84ff589c-btt52 的 pause 容器 ID
2026-05-08 14:45:58 - chaos - INFO - 解析后的 pause 容器 ID: 30deac2c6220
2026-05-08 14:45:58 - chaos - INFO - 获取容器的 PID
2026-05-08 14:45:58 - chaos - INFO - 容器 ID: 30deac2c6220
2026-05-08 14:45:58 - chaos - INFO - 提取的容器 PID: 53503
2026-05-08 14:45:58 - chaos - INFO - Pod dupf-upc-5c84ff589c-btt52 的网络故障清除成功
2026-05-08 14:45:58 - chaos - INFO - 清除 Pod dupf-upc-5c84ff589c-fqnf7 的网络故障
2026-05-08 14:45:58 - chaos - INFO - 命名空间: ns-dupf, 网络设备: eth0
2026-05-08 14:45:58 - chaos - INFO - 获取 Pod dupf-upc-5c84ff589c-fqnf7 的 pause 容器 ID
2026-05-08 14:45:59 - chaos - INFO - 解析后的 pause 容器 ID: 6f392aa15848
2026-05-08 14:45:59 - chaos - INFO - 获取容器的 PID
2026-05-08 14:45:59 - chaos - INFO - 容器 ID: 6f392aa15848
2026-05-08 14:45:59 - chaos - INFO - 提取的容器 PID: 53471
2026-05-08 14:45:59 - chaos - INFO - Pod dupf-upc-5c84ff589c-fqnf7 的网络故障清除成功
2026-05-08 14:45:59 - chaos - INFO - 清除 Pod dupf-upu-dupf01-1-7578c56d88-dd8qf 的网络故障
2026-05-08 14:45:59 - chaos - INFO - 命名空间: ns-dupf, 网络设备: eth0
2026-05-08 14:45:59 - chaos - INFO - 获取 Pod dupf-upu-dupf01-1-7578c56d88-dd8qf 的 pause 容器 ID
2026-05-08 14:45:59 - chaos - INFO - 解析后的 pause 容器 ID: d8c18e184701
2026-05-08 14:45:59 - chaos - INFO - 获取容器的 PID
2026-05-08 14:45:59 - chaos - INFO - 容器 ID: d8c18e184701
2026-05-08 14:45:59 - chaos - INFO - 提取的容器 PID: 54289
2026-05-08 14:45:59 - chaos - INFO - Pod dupf-upu-dupf01-1-7578c56d88-dd8qf 的网络故障清除成功
2026-05-08 14:45:59 - chaos - INFO - 清除 Pod dupf-upu-dupf01-2-7cd9b494c-5wrzj 的网络故障
2026-05-08 14:45:59 - chaos - INFO - 命名空间: ns-dupf, 网络设备: eth0
2026-05-08 14:45:59 - chaos - INFO - 获取 Pod dupf-upu-dupf01-2-7cd9b494c-5wrzj 的 pause 容器 ID
2026-05-08 14:45:59 - chaos - INFO - 解析后的 pause 容器 ID: 045e1b477bbf
2026-05-08 14:45:59 - chaos - INFO - 获取容器的 PID
2026-05-08 14:45:59 - chaos - INFO - 容器 ID: 045e1b477bbf
2026-05-08 14:45:59 - chaos - INFO - 提取的容器 PID: 33786
2026-05-08 14:45:59 - chaos - INFO - Pod dupf-upu-dupf01-2-7cd9b494c-5wrzj 的网络故障清除成功
2026-05-08 14:45:59 - chaos - INFO - 清除 Pod dupf-upu-dupf01-3-585d949f88-x9fdd 的网络故障
2026-05-08 14:45:59 - chaos - INFO - 命名空间: ns-dupf, 网络设备: eth0
2026-05-08 14:45:59 - chaos - INFO - 获取 Pod dupf-upu-dupf01-3-585d949f88-x9fdd 的 pause 容器 ID
2026-05-08 14:46:07 - chaos - INFO - 解析后的 pause 容器 ID: df4f22e1420a
2026-05-08 14:46:07 - chaos - INFO - 获取容器的 PID
2026-05-08 14:46:07 - chaos - INFO - 容器 ID: df4f22e1420a
2026-05-08 14:46:07 - chaos - INFO - 提取的容器 PID: 54597
2026-05-08 14:46:07 - chaos - INFO - Pod dupf-upu-dupf01-3-585d949f88-x9fdd 的网络故障清除成功
2026-05-08 14:46:07 - chaos - INFO - 环境 1_ssh_remote 网络故障清除完成：成功 15, 失败 0
2026-05-08 14:46:07 - chaos - INFO - ============================================================
2026-05-08 14:46:07 - chaos - INFO - workflow 级别的 auto_clear 完成
2026-05-08 14:46:07 - chaos - INFO - ============================================================
2026-05-08 14:46:07 - chaos - INFO - 
================================================================================
2026-05-08 14:46:07 - chaos - INFO - 执行workflow: cases/upu/upu-master_upu-slave/workflow_serial_delay_upu-master_upu-slave.yaml
2026-05-08 14:46:07 - chaos - INFO - ================================================================================
2026-05-08 14:46:07 - chaos - INFO - Successfully parsed workflow: upu_serial_network_delay_001
2026-05-08 14:46:07 - chaos - INFO - ============================================================
2026-05-08 14:46:07 - chaos - INFO - 开始执行工作流: UPU 串行网络延迟工作流
2026-05-08 14:46:07 - chaos - INFO - 工作流 ID: upu_serial_network_delay_001
2026-05-08 14:46:07 - chaos - INFO - 执行模式: serial
2026-05-08 14:46:07 - chaos - INFO - ============================================================
2026-05-08 14:46:07 - chaos - INFO - 启动延迟 10.0s
2026-05-08 14:46:17 - chaos - INFO - 执行计划: 共 2 层
2026-05-08 14:46:17 - chaos - INFO - 
============================================================
2026-05-08 14:46:17 - chaos - INFO - 执行第 1/2 层，共 1 个任务
2026-05-08 14:46:17 - chaos - INFO - ============================================================
2026-05-08 14:46:17 - chaos - INFO - [DEBUG] 开始执行任务: UPU Master 网络延迟 (delay_upu_master)
2026-05-08 14:46:17 - chaos - INFO - [DEBUG] 任务类型: network, 故障类型: delay
2026-05-08 14:46:17 - chaos - INFO - [DEBUG] 目标: Pod: upu-master
2026-05-08 14:46:17 - chaos - INFO - [DEBUG] Duration: 240s, Loop: 1
2026-05-08 14:46:17 - chaos - INFO - [DEBUG] 任务超时时间: 300.0s
2026-05-08 14:46:17 - chaos - INFO - [DEBUG] ========== 开始执行 Case ==========
2026-05-08 14:46:17 - chaos - INFO - [DEBUG] Case名称: upu_master_delay
2026-05-08 14:46:17 - chaos - INFO - [DEBUG] Case类型: network
2026-05-08 14:46:17 - chaos - INFO - [DEBUG] 故障类型: delay
2026-05-08 14:46:17 - chaos - INFO - [DEBUG] 环境: 1_ssh_remote
2026-05-08 14:46:17 - chaos - INFO - [DEBUG] 执行 Case 迭代 1/1
2026-05-08 14:46:17 - chaos - INFO - [DEBUG] 开始获取目标列表...
2026-05-08 14:46:17 - chaos.utils.remote - INFO - 连接 root@10.230.246.167:50163 不可用，需要重连
2026-05-08 14:46:17 - chaos.utils.remote - INFO - 尝试重连: root@10.230.246.167:50163
2026-05-08 14:46:17 - chaos.utils.remote - INFO - SSH连接建立成功: 10.230.246.167:50163, 耗时: 0.11s
2026-05-08 14:46:17 - chaos.utils.remote - INFO - 重连成功: root@10.230.246.167:50163
2026-05-08 14:46:17 - chaos - INFO - 获取 UPU Pod 列表，namespace: ns-dupf, filter_type: upu-master
2026-05-08 14:46:18 - chaos - INFO - 找到 9 个 UPU Pod（过滤类型：upu-master）
2026-05-08 14:46:18 - chaos - INFO - 随机选择 Pod: dupf-upu-dupf04-10-d795f9b6d-jvcrm
2026-05-08 14:46:18 - chaos - INFO - [DEBUG] 找到 1 个目标
2026-05-08 14:46:18 - chaos - INFO - [DEBUG] ---------- 处理目标 1/1 ----------
2026-05-08 14:46:18 - chaos - INFO - [DEBUG] 目标名称: dupf-upu-dupf04-10-d795f9b6d-jvcrm
2026-05-08 14:46:18 - chaos - INFO - [DEBUG] 目标节点: None
2026-05-08 14:46:18 - chaos - INFO - [DEBUG] 创建故障注入器...
2026-05-08 14:46:18 - chaos - INFO - [DEBUG] 准备注入故障...
2026-05-08 14:46:18 - chaos - INFO - [DEBUG] 注入参数: {'fault_type': 'delay', 'correlation': ['20%', '90%'], 'distribution': ['normal', 'pareto', 'paretonormal'], 'jitter': ['10ms', '100ms'], 'time': ['100ms', '1000ms']}
2026-05-08 14:46:18 - chaos - WARNING - 无效的分布模型: ['normal', 'pareto', 'paretonormal'], 随机选择
2026-05-08 14:46:18 - chaos - INFO - 获取 Pod dupf-upu-dupf04-10-d795f9b6d-jvcrm 的 pause 容器 ID
2026-05-08 14:46:18 - chaos - INFO - 获取 Pod dupf-upu-dupf04-10-d795f9b6d-jvcrm 所在的节点，namespace: ns-dupf
2026-05-08 14:46:18 - chaos - INFO - Pod dupf-upu-dupf04-10-d795f9b6d-jvcrm 运行在节点 dupf04
2026-05-08 14:46:18 - chaos - INFO - Pod dupf-upu-dupf04-10-d795f9b6d-jvcrm 运行在节点 dupf04
2026-05-08 14:46:18 - chaos - INFO - 找到节点 dupf04 对应的环境: 4_ssh_remote
2026-05-08 14:46:18 - chaos - INFO - 解析后的 pause 容器 ID: 20171f7c71f3
2026-05-08 14:46:18 - chaos - INFO - 获取容器的 PID
2026-05-08 14:46:18 - chaos - INFO - 容器 ID: 20171f7c71f3
2026-05-08 14:46:18 - chaos - INFO - 提取的容器 PID: 23321
2026-05-08 14:46:18 - chaos - INFO - 为 Pod dupf-upu-dupf04-10-d795f9b6d-jvcrm 注入网络延迟
2026-05-08 14:46:18 - chaos - INFO - 延迟参数: {'time': '500ms', 'jitter': '67ms', 'correlation': '61%', 'distribution': 'uniform'}
2026-05-08 14:46:18 - chaos - INFO - tc 命令: tc qdisc add dev eth0 root netem delay 500ms 67ms 61% distribution uniform
2026-05-08 14:46:18 - chaos - ERROR - 网络延迟注入失败：No distribution data for uniform (/usr/lib/x86_64-linux-gnu/tc//uniform.dist: No such file or directory)

2026-05-08 14:46:18 - chaos - ERROR - [DEBUG] 在第 1 次迭代注入故障失败，目标：dupf-upu-dupf04-10-d795f9b6d-jvcrm
2026-05-08 14:46:18 - chaos - ERROR - 任务执行失败: UPU Master 网络延迟
2026-05-08 14:46:18 - chaos - INFO - 层间等待 10.0s
2026-05-08 14:46:19 - chaos - INFO - 
============================================================
2026-05-08 14:46:19 - chaos - INFO - 执行第 2/2 层，共 1 个任务
2026-05-08 14:46:19 - chaos - INFO - ============================================================
2026-05-08 14:46:19 - chaos - INFO - [DEBUG] 开始执行任务: UPU Slave 网络延迟 (delay_upu_slave)
2026-05-08 14:46:19 - chaos - INFO - [DEBUG] 任务类型: network, 故障类型: delay
2026-05-08 14:46:19 - chaos - INFO - [DEBUG] 目标: Pod: upu-slave
2026-05-08 14:46:19 - chaos - INFO - [DEBUG] Duration: 240s, Loop: 1
2026-05-08 14:46:19 - chaos - INFO - [DEBUG] 任务超时时间: 300.0s
2026-05-08 14:46:19 - chaos - INFO - [DEBUG] ========== 开始执行 Case ==========
2026-05-08 14:46:19 - chaos - INFO - [DEBUG] Case名称: upu_slave_delay
2026-05-08 14:46:19 - chaos - INFO - [DEBUG] Case类型: network
2026-05-08 14:46:19 - chaos - INFO - [DEBUG] 故障类型: delay
2026-05-08 14:46:19 - chaos - INFO - [DEBUG] 环境: 1_ssh_remote
2026-05-08 14:46:19 - chaos - INFO - [DEBUG] 执行 Case 迭代 1/1
2026-05-08 14:46:19 - chaos - INFO - [DEBUG] 开始获取目标列表...
2026-05-08 14:46:19 - chaos - INFO - 获取 UPU Pod 列表，namespace: ns-dupf, filter_type: upu-slave
2026-05-08 14:46:27 - chaos - INFO - 找到 3 个 UPU Pod（过滤类型：upu-slave）
2026-05-08 14:46:27 - chaos - INFO - 随机选择 Pod: dupf-upu-dupf03-8-c86996c4d-2m78z
2026-05-08 14:46:27 - chaos - INFO - [DEBUG] 找到 1 个目标
2026-05-08 14:46:27 - chaos - INFO - [DEBUG] ---------- 处理目标 1/1 ----------
2026-05-08 14:46:27 - chaos - INFO - [DEBUG] 目标名称: dupf-upu-dupf03-8-c86996c4d-2m78z
2026-05-08 14:46:27 - chaos - INFO - [DEBUG] 目标节点: None
2026-05-08 14:46:27 - chaos - INFO - [DEBUG] 创建故障注入器...
2026-05-08 14:46:27 - chaos - INFO - [DEBUG] 准备注入故障...
2026-05-08 14:46:27 - chaos - INFO - [DEBUG] 注入参数: {'fault_type': 'delay', 'correlation': ['20%', '90%'], 'distribution': ['normal', 'pareto', 'paretonormal'], 'jitter': ['10ms', '100ms'], 'time': ['100ms', '1000ms']}
2026-05-08 14:46:27 - chaos - WARNING - 无效的分布模型: ['normal', 'pareto', 'paretonormal'], 随机选择
2026-05-08 14:46:27 - chaos - INFO - 获取 Pod dupf-upu-dupf03-8-c86996c4d-2m78z 的 pause 容器 ID
2026-05-08 14:46:27 - chaos - INFO - 获取 Pod dupf-upu-dupf03-8-c86996c4d-2m78z 所在的节点，namespace: ns-dupf
2026-05-08 14:46:19 - chaos - INFO - Pod dupf-upu-dupf03-8-c86996c4d-2m78z 运行在节点 dupf03
2026-05-08 14:46:19 - chaos - INFO - Pod dupf-upu-dupf03-8-c86996c4d-2m78z 运行在节点 dupf03
2026-05-08 14:46:19 - chaos - INFO - 找到节点 dupf03 对应的环境: 3_ssh_remote
2026-05-08 14:46:19 - chaos - INFO - 解析后的 pause 容器 ID: cdf69ecd148b
2026-05-08 14:46:19 - chaos - INFO - 获取容器的 PID
2026-05-08 14:46:19 - chaos - INFO - 容器 ID: cdf69ecd148b
2026-05-08 14:46:20 - chaos - INFO - 提取的容器 PID: 32720
2026-05-08 14:46:20 - chaos - INFO - 为 Pod dupf-upu-dupf03-8-c86996c4d-2m78z 注入网络延迟
2026-05-08 14:46:20 - chaos - INFO - 延迟参数: {'time': '837ms', 'jitter': '91ms', 'correlation': '47%', 'distribution': 'paretonormal'}
2026-05-08 14:46:20 - chaos - INFO - tc 命令: tc qdisc add dev eth0 root netem delay 837ms 91ms 47% distribution paretonormal
2026-05-08 14:46:20 - chaos - INFO - 网络延迟注入成功
2026-05-08 14:46:20 - chaos - INFO - [DEBUG] 故障注入成功
2026-05-08 14:46:20 - chaos - INFO - [DEBUG] 故障ID: delay_dupf-upu-dupf03-8-c86996c4d-2m78z_ns-dupf_1778222787
2026-05-08 14:46:20 - chaos - INFO - 记录故障：delay_dupf-upu-dupf03-8-c86996c4d-2m78z_ns-dupf_1778222787
2026-05-08 14:46:20 - chaos - INFO - [DEBUG] 开始等待 duration: 240s (240.0秒)
2026-05-08 14:49:58 - chaos - INFO - [DEBUG] duration 等待完成
2026-05-08 14:49:58 - chaos - INFO - [DEBUG] 开始清理故障: delay_dupf-upu-dupf03-8-c86996c4d-2m78z_ns-dupf_1778222787
2026-05-08 14:49:58 - chaos - INFO - 获取 Pod dupf-upu-dupf03-8-c86996c4d-2m78z 的 pause 容器 ID
2026-05-08 14:49:58 - chaos - INFO - 获取 Pod dupf-upu-dupf03-8-c86996c4d-2m78z 所在的节点，namespace: ns-dupf
2026-05-08 14:49:59 - chaos - INFO - Pod dupf-upu-dupf03-8-c86996c4d-2m78z 运行在节点 dupf03
2026-05-08 14:49:59 - chaos - INFO - Pod dupf-upu-dupf03-8-c86996c4d-2m78z 运行在节点 dupf03
2026-05-08 14:49:59 - chaos - INFO - 找到节点 dupf03 对应的环境: 3_ssh_remote
2026-05-08 14:49:59 - chaos - INFO - 解析后的 pause 容器 ID: cdf69ecd148b
2026-05-08 14:49:59 - chaos - INFO - 获取容器的 PID
2026-05-08 14:49:59 - chaos - INFO - 容器 ID: cdf69ecd148b
2026-05-08 14:49:59 - chaos - INFO - 提取的容器 PID: 32720
2026-05-08 14:49:59 - chaos - INFO - 恢复网络故障：delay_dupf-upu-dupf03-8-c86996c4d-2m78z_ns-dupf_1778222787
2026-05-08 14:49:59 - chaos - INFO - [DEBUG] 故障清理成功: delay_dupf-upu-dupf03-8-c86996c4d-2m78z_ns-dupf_1778222787
2026-05-08 14:49:59 - chaos - INFO - 标记故障已恢复：delay_dupf-upu-dupf03-8-c86996c4d-2m78z_ns-dupf_1778222787
2026-05-08 14:49:59 - chaos - INFO - 任务执行成功: UPU Slave 网络延迟 (耗时: 219.54s)
2026-05-08 14:49:59 - chaos - INFO - 
================================================================================
                           Workflow Execution Report                            
================================================================================
Workflow ID    : upu_serial_network_delay_001
Workflow Name  : UPU 串行网络延迟工作流
Status         : FAILED
Start Time     : 2026-05-08 14:46:07
End Time       : 2026-05-08 14:49:59
Total Duration : 231.90s
Success Rate   : 50.00%
================================================================================

Task Results:
--------------------------------------------------------------------------------
  [FAILED  ] UPU Master 网络延迟                Duration:   1.17s  Group: N/A
  [SUCCESS ] UPU Slave 网络延迟                 Duration: 219.54s  Group: N/A

================================================================================
Summary Statistics
================================================================================
Total Tasks    : 2
Success        : 1
Failed         : 1
Timeout        : 0
Skipped        : 0
================================================================================
2026-05-08 14:49:59 - chaos - INFO - ============================================================
2026-05-08 14:49:59 - chaos - INFO - 执行 workflow 级别的 auto_clear
2026-05-08 14:49:59 - chaos - INFO - ============================================================
2026-05-08 14:49:59 - chaos - INFO - 需要清理的环境: 1_ssh_remote
2026-05-08 14:49:59 - chaos - INFO - 清理环境 1_ssh_remote 的网络故障...
2026-05-08 14:49:59 - chaos - INFO - 获取 Pod 列表，namespace: ns-dupf, nodename: dupf01
2026-05-08 14:49:59 - chaos - INFO - 找到 15 个 Pod
2026-05-08 14:49:59 - chaos - INFO - 找到 15 个 pod
2026-05-08 14:49:59 - chaos - INFO - 清除 Pod dupf-ddb-shd-0-2 的网络故障
2026-05-08 14:49:59 - chaos - INFO - 命名空间: ns-dupf, 网络设备: eth0
2026-05-08 14:49:59 - chaos - INFO - 获取 Pod dupf-ddb-shd-0-2 的 pause 容器 ID
2026-05-08 14:49:59 - chaos - INFO - 解析后的 pause 容器 ID: 11b9bcfdcc7d
2026-05-08 14:49:59 - chaos - INFO - 获取容器的 PID
2026-05-08 14:49:59 - chaos - INFO - 容器 ID: 11b9bcfdcc7d
2026-05-08 14:49:59 - chaos - INFO - 提取的容器 PID: 56490
2026-05-08 14:50:00 - chaos - INFO - Pod dupf-ddb-shd-0-2 的网络故障清除成功
2026-05-08 14:50:00 - chaos - INFO - 清除 Pod dupf-ddb-shd-2-0 的网络故障
2026-05-08 14:50:00 - chaos - INFO - 命名空间: ns-dupf, 网络设备: eth0
2026-05-08 14:50:00 - chaos - INFO - 获取 Pod dupf-ddb-shd-2-0 的 pause 容器 ID
2026-05-08 14:50:00 - chaos - INFO - 解析后的 pause 容器 ID: eb6741339149
2026-05-08 14:50:00 - chaos - INFO - 获取容器的 PID
2026-05-08 14:50:00 - chaos - INFO - 容器 ID: eb6741339149
2026-05-08 14:50:00 - chaos - INFO - 提取的容器 PID: 60135
2026-05-08 14:50:07 - chaos - INFO - Pod dupf-ddb-shd-2-0 的网络故障清除成功
2026-05-08 14:50:07 - chaos - INFO - 清除 Pod dupf-etcd-2 的网络故障
2026-05-08 14:50:07 - chaos - INFO - 命名空间: ns-dupf, 网络设备: eth0
2026-05-08 14:50:07 - chaos - INFO - 获取 Pod dupf-etcd-2 的 pause 容器 ID
2026-05-08 14:50:07 - chaos - INFO - 解析后的 pause 容器 ID: 3cc8373b2962
2026-05-08 14:50:07 - chaos - INFO - 获取容器的 PID
2026-05-08 14:50:07 - chaos - INFO - 容器 ID: 3cc8373b2962
2026-05-08 14:50:07 - chaos - INFO - 提取的容器 PID: 52344
2026-05-08 14:50:00 - chaos - INFO - Pod dupf-etcd-2 的网络故障清除成功
2026-05-08 14:50:00 - chaos - INFO - 清除 Pod dupf-file-sync-cp7xf 的网络故障
2026-05-08 14:50:00 - chaos - INFO - 命名空间: ns-dupf, 网络设备: eth0
2026-05-08 14:50:00 - chaos - INFO - 获取 Pod dupf-file-sync-cp7xf 的 pause 容器 ID
2026-05-08 14:50:00 - chaos - INFO - 解析后的 pause 容器 ID: d0ea761e5e4e
2026-05-08 14:50:00 - chaos - INFO - 获取容器的 PID
2026-05-08 14:50:00 - chaos - INFO - 容器 ID: d0ea761e5e4e
2026-05-08 14:50:00 - chaos - INFO - 提取的容器 PID: 55694
2026-05-08 14:50:00 - chaos - INFO - Pod dupf-file-sync-cp7xf 的网络故障清除成功
2026-05-08 14:50:00 - chaos - INFO - 清除 Pod dupf-node-monitor-67qq8 的网络故障
2026-05-08 14:50:00 - chaos - INFO - 命名空间: ns-dupf, 网络设备: eth0
2026-05-08 14:50:00 - chaos - INFO - 获取 Pod dupf-node-monitor-67qq8 的 pause 容器 ID
2026-05-08 14:50:00 - chaos - INFO - 解析后的 pause 容器 ID: 511f0726aca2
2026-05-08 14:50:00 - chaos - INFO - 获取容器的 PID
2026-05-08 14:50:00 - chaos - INFO - 容器 ID: 511f0726aca2
2026-05-08 14:50:00 - chaos - INFO - 提取的容器 PID: 55791
2026-05-08 14:50:00 - chaos - INFO - Pod dupf-node-monitor-67qq8 的网络故障清除成功
2026-05-08 14:50:00 - chaos - INFO - 清除 Pod dupf-prometheus-7f486d9788-856l7 的网络故障
2026-05-08 14:50:00 - chaos - INFO - 命名空间: ns-dupf, 网络设备: eth0
2026-05-08 14:50:00 - chaos - INFO - 获取 Pod dupf-prometheus-7f486d9788-856l7 的 pause 容器 ID
2026-05-08 14:50:01 - chaos - INFO - 解析后的 pause 容器 ID: 64a24fc1308b
2026-05-08 14:50:01 - chaos - INFO - 获取容器的 PID
2026-05-08 14:50:01 - chaos - INFO - 容器 ID: 64a24fc1308b
2026-05-08 14:50:01 - chaos - INFO - 提取的容器 PID: 52912
2026-05-08 14:50:01 - chaos - INFO - Pod dupf-prometheus-7f486d9788-856l7 的网络故障清除成功
2026-05-08 14:50:01 - chaos - INFO - 清除 Pod dupf-registry-center-2 的网络故障
2026-05-08 14:50:01 - chaos - INFO - 命名空间: ns-dupf, 网络设备: eth0
2026-05-08 14:50:01 - chaos - INFO - 获取 Pod dupf-registry-center-2 的 pause 容器 ID
2026-05-08 14:50:01 - chaos - INFO - 解析后的 pause 容器 ID: 09cccee66afb
2026-05-08 14:50:01 - chaos - INFO - 获取容器的 PID
2026-05-08 14:50:01 - chaos - INFO - 容器 ID: 09cccee66afb
2026-05-08 14:50:01 - chaos - INFO - 提取的容器 PID: 8097
2026-05-08 14:50:01 - chaos - INFO - Pod dupf-registry-center-2 的网络故障清除成功
2026-05-08 14:50:01 - chaos - INFO - 清除 Pod dupf-sdb-1 的网络故障
2026-05-08 14:50:01 - chaos - INFO - 命名空间: ns-dupf, 网络设备: eth0
2026-05-08 14:50:01 - chaos - INFO - 获取 Pod dupf-sdb-1 的 pause 容器 ID
2026-05-08 14:50:01 - chaos - INFO - 解析后的 pause 容器 ID: c83947f725c5
2026-05-08 14:50:01 - chaos - INFO - 获取容器的 PID
2026-05-08 14:50:01 - chaos - INFO - 容器 ID: c83947f725c5
2026-05-08 14:50:01 - chaos - INFO - 提取的容器 PID: 56495
2026-05-08 14:50:02 - chaos - INFO - Pod dupf-sdb-1 的网络故障清除成功
2026-05-08 14:50:02 - chaos - INFO - 清除 Pod dupf-sdb-sentinel-2 的网络故障
2026-05-08 14:50:02 - chaos - INFO - 命名空间: ns-dupf, 网络设备: eth0
2026-05-08 14:50:02 - chaos - INFO - 获取 Pod dupf-sdb-sentinel-2 的 pause 容器 ID
2026-05-08 14:50:02 - chaos - INFO - 解析后的 pause 容器 ID: 45a2fb40f9c3
2026-05-08 14:50:02 - chaos - INFO - 获取容器的 PID
2026-05-08 14:50:02 - chaos - INFO - 容器 ID: 45a2fb40f9c3
2026-05-08 14:50:02 - chaos - INFO - 提取的容器 PID: 56485
2026-05-08 14:50:02 - chaos - INFO - Pod dupf-sdb-sentinel-2 的网络故障清除成功
2026-05-08 14:50:02 - chaos - INFO - 清除 Pod dupf-sf-mq-proxy-2 的网络故障
2026-05-08 14:50:02 - chaos - INFO - 命名空间: ns-dupf, 网络设备: eth0
2026-05-08 14:50:02 - chaos - INFO - 获取 Pod dupf-sf-mq-proxy-2 的 pause 容器 ID
2026-05-08 14:50:02 - chaos - INFO - 解析后的 pause 容器 ID: aedeffcae771
2026-05-08 14:50:02 - chaos - INFO - 获取容器的 PID
2026-05-08 14:50:02 - chaos - INFO - 容器 ID: aedeffcae771
2026-05-08 14:50:02 - chaos - INFO - 提取的容器 PID: 59302
2026-05-08 14:50:02 - chaos - INFO - Pod dupf-sf-mq-proxy-2 的网络故障清除成功
2026-05-08 14:50:02 - chaos - INFO - 清除 Pod dupf-upc-5c84ff589c-btt52 的网络故障
2026-05-08 14:50:02 - chaos - INFO - 命名空间: ns-dupf, 网络设备: eth0
2026-05-08 14:50:02 - chaos - INFO - 获取 Pod dupf-upc-5c84ff589c-btt52 的 pause 容器 ID
2026-05-08 14:50:02 - chaos - INFO - 解析后的 pause 容器 ID: 30deac2c6220
2026-05-08 14:50:02 - chaos - INFO - 获取容器的 PID
2026-05-08 14:50:02 - chaos - INFO - 容器 ID: 30deac2c6220
2026-05-08 14:50:03 - chaos - INFO - 提取的容器 PID: 53503
2026-05-08 14:50:03 - chaos - INFO - Pod dupf-upc-5c84ff589c-btt52 的网络故障清除成功
2026-05-08 14:50:03 - chaos - INFO - 清除 Pod dupf-upc-5c84ff589c-fqnf7 的网络故障
2026-05-08 14:50:03 - chaos - INFO - 命名空间: ns-dupf, 网络设备: eth0
2026-05-08 14:50:03 - chaos - INFO - 获取 Pod dupf-upc-5c84ff589c-fqnf7 的 pause 容器 ID
2026-05-08 14:50:03 - chaos - INFO - 解析后的 pause 容器 ID: 6f392aa15848
2026-05-08 14:50:03 - chaos - INFO - 获取容器的 PID
2026-05-08 14:50:03 - chaos - INFO - 容器 ID: 6f392aa15848
2026-05-08 14:50:03 - chaos - INFO - 提取的容器 PID: 53471
2026-05-08 14:50:03 - chaos - INFO - Pod dupf-upc-5c84ff589c-fqnf7 的网络故障清除成功
2026-05-08 14:50:03 - chaos - INFO - 清除 Pod dupf-upu-dupf01-1-7578c56d88-dd8qf 的网络故障
2026-05-08 14:50:03 - chaos - INFO - 命名空间: ns-dupf, 网络设备: eth0
2026-05-08 14:50:03 - chaos - INFO - 获取 Pod dupf-upu-dupf01-1-7578c56d88-dd8qf 的 pause 容器 ID
2026-05-08 14:50:03 - chaos - INFO - 解析后的 pause 容器 ID: d8c18e184701
2026-05-08 14:50:03 - chaos - INFO - 获取容器的 PID
2026-05-08 14:50:03 - chaos - INFO - 容器 ID: d8c18e184701
2026-05-08 14:50:03 - chaos - INFO - 提取的容器 PID: 54289
2026-05-08 14:50:03 - chaos - INFO - Pod dupf-upu-dupf01-1-7578c56d88-dd8qf 的网络故障清除成功
2026-05-08 14:50:03 - chaos - INFO - 清除 Pod dupf-upu-dupf01-2-7cd9b494c-5wrzj 的网络故障
2026-05-08 14:50:03 - chaos - INFO - 命名空间: ns-dupf, 网络设备: eth0
2026-05-08 14:50:03 - chaos - INFO - 获取 Pod dupf-upu-dupf01-2-7cd9b494c-5wrzj 的 pause 容器 ID
2026-05-08 14:50:03 - chaos - INFO - 解析后的 pause 容器 ID: 045e1b477bbf
2026-05-08 14:50:03 - chaos - INFO - 获取容器的 PID
2026-05-08 14:50:03 - chaos - INFO - 容器 ID: 045e1b477bbf
2026-05-08 14:50:04 - chaos - INFO - 提取的容器 PID: 33786
2026-05-08 14:50:04 - chaos - INFO - Pod dupf-upu-dupf01-2-7cd9b494c-5wrzj 的网络故障清除成功
2026-05-08 14:50:04 - chaos - INFO - 清除 Pod dupf-upu-dupf01-3-585d949f88-x9fdd 的网络故障
2026-05-08 14:50:04 - chaos - INFO - 命名空间: ns-dupf, 网络设备: eth0
2026-05-08 14:50:04 - chaos - INFO - 获取 Pod dupf-upu-dupf01-3-585d949f88-x9fdd 的 pause 容器 ID
2026-05-08 14:50:04 - chaos - INFO - 解析后的 pause 容器 ID: df4f22e1420a
2026-05-08 14:50:04 - chaos - INFO - 获取容器的 PID
2026-05-08 14:50:04 - chaos - INFO - 容器 ID: df4f22e1420a
2026-05-08 14:50:04 - chaos - INFO - 提取的容器 PID: 54597
2026-05-08 14:50:04 - chaos - INFO - Pod dupf-upu-dupf01-3-585d949f88-x9fdd 的网络故障清除成功
2026-05-08 14:50:04 - chaos - INFO - 环境 1_ssh_remote 网络故障清除完成：成功 15, 失败 0
2026-05-08 14:50:04 - chaos - INFO - ============================================================
2026-05-08 14:50:04 - chaos - INFO - workflow 级别的 auto_clear 完成
2026-05-08 14:50:04 - chaos - INFO - ============================================================
2026-05-08 14:50:04 - chaos - INFO - 
================================================================================
2026-05-08 14:50:04 - chaos - INFO - 执行workflow: cases/upu/upu-master_upu-slave/workflow_serial_delete_upu-master_upu-slave.yaml
2026-05-08 14:50:04 - chaos - INFO - ================================================================================
2026-05-08 14:50:04 - chaos - INFO - Successfully parsed workflow: upu_serial_pod_delete_001
2026-05-08 14:50:04 - chaos - INFO - ============================================================
2026-05-08 14:50:04 - chaos - INFO - 开始执行工作流: UPU 串行 Pod 删除工作流
2026-05-08 14:50:04 - chaos - INFO - 工作流 ID: upu_serial_pod_delete_001
2026-05-08 14:50:04 - chaos - INFO - 执行模式: serial
2026-05-08 14:50:04 - chaos - INFO - ============================================================
2026-05-08 14:50:04 - chaos - INFO - 启动延迟 10.0s
2026-05-08 14:50:13 - chaos - INFO - 执行计划: 共 2 层
2026-05-08 14:50:13 - chaos - INFO - 
============================================================
2026-05-08 14:50:13 - chaos - INFO - 执行第 1/2 层，共 1 个任务
2026-05-08 14:50:13 - chaos - INFO - ============================================================
2026-05-08 14:50:13 - chaos - INFO - [DEBUG] 开始执行任务: UPU Master Pod 删除 (delete_upu_master)
2026-05-08 14:50:13 - chaos - INFO - [DEBUG] 任务类型: pod, 故障类型: delete
2026-05-08 14:50:13 - chaos - INFO - [DEBUG] 目标: Pod: upu-master
2026-05-08 14:50:13 - chaos - INFO - [DEBUG] Duration: 240s, Loop: 1
2026-05-08 14:50:13 - chaos - INFO - [DEBUG] 任务超时时间: 300.0s
2026-05-08 14:50:13 - chaos - INFO - [DEBUG] ========== 开始执行 Case ==========
2026-05-08 14:50:13 - chaos - INFO - [DEBUG] Case名称: upu_master_delete
2026-05-08 14:50:13 - chaos - INFO - [DEBUG] Case类型: pod
2026-05-08 14:50:13 - chaos - INFO - [DEBUG] 故障类型: delete
2026-05-08 14:50:13 - chaos - INFO - [DEBUG] 环境: 1_ssh_remote
2026-05-08 14:50:13 - chaos - INFO - [DEBUG] 执行 Case 迭代 1/1
2026-05-08 14:50:13 - chaos - INFO - [DEBUG] 开始获取目标列表...
2026-05-08 14:50:13 - chaos.utils.remote - INFO - 连接 root@10.230.246.167:50163 不可用，需要重连
2026-05-08 14:50:13 - chaos.utils.remote - INFO - 尝试重连: root@10.230.246.167:50163
2026-05-08 14:50:13 - chaos.utils.remote - INFO - SSH连接建立成功: 10.230.246.167:50163, 耗时: 0.11s
2026-05-08 14:50:13 - chaos.utils.remote - INFO - 重连成功: root@10.230.246.167:50163
2026-05-08 14:50:13 - chaos - INFO - 获取 UPU Pod 列表，namespace: ns-dupf, filter_type: upu-master
2026-05-08 14:50:14 - chaos - INFO - 找到 9 个 UPU Pod（过滤类型：upu-master）
2026-05-08 14:50:14 - chaos - INFO - 随机选择 Pod: dupf-upu-dupf02-6-958dc9889-pdlwv
2026-05-08 14:50:14 - chaos - INFO - [DEBUG] 找到 1 个目标
2026-05-08 14:50:14 - chaos - INFO - [DEBUG] ---------- 处理目标 1/1 ----------
2026-05-08 14:50:14 - chaos - INFO - [DEBUG] 目标名称: dupf-upu-dupf02-6-958dc9889-pdlwv
2026-05-08 14:50:14 - chaos - INFO - [DEBUG] 目标节点: None
2026-05-08 14:50:14 - chaos - INFO - [DEBUG] 创建故障注入器...
2026-05-08 14:50:14 - chaos - INFO - [DEBUG] 准备注入故障...
2026-05-08 14:50:14 - chaos - INFO - [DEBUG] 注入参数: {'fault_type': 'delete'}
2026-05-08 14:50:14 - chaos - INFO - 删除 Pod: dupf-upu-dupf02-6-958dc9889-pdlwv (namespace: ns-dupf)
2026-05-08 14:50:14 - chaos - INFO - Pod dupf-upu-dupf02-6-958dc9889-pdlwv 删除成功
2026-05-08 14:50:14 - chaos - INFO - [DEBUG] 故障注入成功
2026-05-08 14:50:14 - chaos - INFO - [DEBUG] 故障ID: delete_dupf-upu-dupf02-6-958dc9889-pdlwv_ns-dupf_1778223014
2026-05-08 14:50:14 - chaos - INFO - 记录故障：delete_dupf-upu-dupf02-6-958dc9889-pdlwv_ns-dupf_1778223014
2026-05-08 14:50:14 - chaos - INFO - [DEBUG] 开始等待 duration: 240s (240.0秒)
2026-05-08 14:54:12 - chaos - INFO - [DEBUG] duration 等待完成
2026-05-08 14:54:12 - chaos - INFO - [DEBUG] 开始清理故障: delete_dupf-upu-dupf02-6-958dc9889-pdlwv_ns-dupf_1778223014
2026-05-08 14:54:12 - chaos - INFO - Pod 故障自动恢复：delete_dupf-upu-dupf02-6-958dc9889-pdlwv_ns-dupf_1778223014
2026-05-08 14:54:12 - chaos - INFO - [DEBUG] 故障清理成功: delete_dupf-upu-dupf02-6-958dc9889-pdlwv_ns-dupf_1778223014
2026-05-08 14:54:12 - chaos - INFO - 标记故障已恢复：delete_dupf-upu-dupf02-6-958dc9889-pdlwv_ns-dupf_1778223014
2026-05-08 14:54:12 - chaos - INFO - 任务执行成功: UPU Master Pod 删除 (耗时: 239.23s)
2026-05-08 14:54:12 - chaos - INFO - 层间等待 10.0s
2026-05-08 14:54:14 - chaos - INFO - 
============================================================
2026-05-08 14:54:14 - chaos - INFO - 执行第 2/2 层，共 1 个任务
2026-05-08 14:54:14 - chaos - INFO - ============================================================
2026-05-08 14:54:14 - chaos - INFO - [DEBUG] 开始执行任务: UPU Slave Pod 删除 (delete_upu_slave)
2026-05-08 14:54:14 - chaos - INFO - [DEBUG] 任务类型: pod, 故障类型: delete
2026-05-08 14:54:14 - chaos - INFO - [DEBUG] 目标: Pod: upu-slave
2026-05-08 14:54:14 - chaos - INFO - [DEBUG] Duration: 240s, Loop: 1
2026-05-08 14:54:14 - chaos - INFO - [DEBUG] 任务超时时间: 300.0s
2026-05-08 14:54:14 - chaos - INFO - [DEBUG] ========== 开始执行 Case ==========
2026-05-08 14:54:14 - chaos - INFO - [DEBUG] Case名称: upu_slave_delete
2026-05-08 14:54:14 - chaos - INFO - [DEBUG] Case类型: pod
2026-05-08 14:54:14 - chaos - INFO - [DEBUG] 故障类型: delete
2026-05-08 14:54:14 - chaos - INFO - [DEBUG] 环境: 1_ssh_remote
2026-05-08 14:54:14 - chaos - INFO - [DEBUG] 执行 Case 迭代 1/1
2026-05-08 14:54:14 - chaos - INFO - [DEBUG] 开始获取目标列表...
2026-05-08 14:54:14 - chaos - INFO - 获取 UPU Pod 列表，namespace: ns-dupf, filter_type: upu-slave
2026-05-08 14:54:14 - chaos - INFO - 找到 3 个 UPU Pod（过滤类型：upu-slave）
2026-05-08 14:54:14 - chaos - INFO - 随机选择 Pod: dupf-upu-dupf02-4-6cf676c74d-drjs5
2026-05-08 14:54:14 - chaos - INFO - [DEBUG] 找到 1 个目标
2026-05-08 14:54:14 - chaos - INFO - [DEBUG] ---------- 处理目标 1/1 ----------
2026-05-08 14:54:14 - chaos - INFO - [DEBUG] 目标名称: dupf-upu-dupf02-4-6cf676c74d-drjs5
2026-05-08 14:54:14 - chaos - INFO - [DEBUG] 目标节点: None
2026-05-08 14:54:14 - chaos - INFO - [DEBUG] 创建故障注入器...
2026-05-08 14:54:14 - chaos - INFO - [DEBUG] 准备注入故障...
2026-05-08 14:54:14 - chaos - INFO - [DEBUG] 注入参数: {'fault_type': 'delete'}
2026-05-08 14:54:14 - chaos - INFO - 删除 Pod: dupf-upu-dupf02-4-6cf676c74d-drjs5 (namespace: ns-dupf)
2026-05-08 14:54:14 - chaos - INFO - Pod dupf-upu-dupf02-4-6cf676c74d-drjs5 删除成功
2026-05-08 14:54:14 - chaos - INFO - [DEBUG] 故障注入成功
2026-05-08 14:54:14 - chaos - INFO - [DEBUG] 故障ID: delete_dupf-upu-dupf02-4-6cf676c74d-drjs5_ns-dupf_1778223254
2026-05-08 14:54:14 - chaos - INFO - 记录故障：delete_dupf-upu-dupf02-4-6cf676c74d-drjs5_ns-dupf_1778223254
2026-05-08 14:54:14 - chaos - INFO - [DEBUG] 开始等待 duration: 240s (240.0秒)
2026-05-08 14:58:17 - chaos - INFO - [DEBUG] duration 等待完成
2026-05-08 14:58:17 - chaos - INFO - [DEBUG] 开始清理故障: delete_dupf-upu-dupf02-4-6cf676c74d-drjs5_ns-dupf_1778223254
2026-05-08 14:58:17 - chaos - INFO - Pod 故障自动恢复：delete_dupf-upu-dupf02-4-6cf676c74d-drjs5_ns-dupf_1778223254
2026-05-08 14:58:17 - chaos - INFO - [DEBUG] 故障清理成功: delete_dupf-upu-dupf02-4-6cf676c74d-drjs5_ns-dupf_1778223254
2026-05-08 14:58:17 - chaos - INFO - 标记故障已恢复：delete_dupf-upu-dupf02-4-6cf676c74d-drjs5_ns-dupf_1778223254
2026-05-08 14:58:17 - chaos - INFO - 任务执行成功: UPU Slave Pod 删除 (耗时: 243.34s)
2026-05-08 14:58:17 - chaos - INFO - 
================================================================================
                           Workflow Execution Report                            
================================================================================
Workflow ID    : upu_serial_pod_delete_001
Workflow Name  : UPU 串行 Pod 删除工作流
Status         : SUCCESS
Start Time     : 2026-05-08 14:50:04
End Time       : 2026-05-08 14:58:17
Total Duration : 492.86s
Success Rate   : 100.00%
================================================================================

Task Results:
--------------------------------------------------------------------------------
  [SUCCESS ] UPU Master Pod 删除              Duration: 239.23s  Group: N/A
  [SUCCESS ] UPU Slave Pod 删除               Duration: 243.34s  Group: N/A

================================================================================
Summary Statistics
================================================================================
Total Tasks    : 2
Success        : 2
Failed         : 0
Timeout        : 0
Skipped        : 0
================================================================================
2026-05-08 14:58:17 - chaos - INFO - 
================================================================================
2026-05-08 14:58:17 - chaos - INFO - 执行workflow: cases/upu/upu-master_upu-slave/workflow_serial_duplicate_upu-master_upu-slave.yaml
2026-05-08 14:58:17 - chaos - INFO - ================================================================================
2026-05-08 14:58:17 - chaos - INFO - Successfully parsed workflow: upu_serial_network_duplicate_001
2026-05-08 14:58:17 - chaos - INFO - ============================================================
2026-05-08 14:58:17 - chaos - INFO - 开始执行工作流: UPU 串行网络数据包重复工作流
2026-05-08 14:58:17 - chaos - INFO - 工作流 ID: upu_serial_network_duplicate_001
2026-05-08 14:58:17 - chaos - INFO - 执行模式: serial
2026-05-08 14:58:17 - chaos - INFO - ============================================================
2026-05-08 14:58:17 - chaos - INFO - 启动延迟 10.0s
2026-05-08 14:58:19 - chaos - INFO - 执行计划: 共 2 层
2026-05-08 14:58:19 - chaos - INFO - 
============================================================
2026-05-08 14:58:19 - chaos - INFO - 执行第 1/2 层，共 1 个任务
2026-05-08 14:58:19 - chaos - INFO - ============================================================
2026-05-08 14:58:19 - chaos - INFO - [DEBUG] 开始执行任务: UPU Master 数据包重复 (duplicate_upu_master)
2026-05-08 14:58:19 - chaos - INFO - [DEBUG] 任务类型: network, 故障类型: duplicate
2026-05-08 14:58:19 - chaos - INFO - [DEBUG] 目标: Pod: upu-master
2026-05-08 14:58:19 - chaos - INFO - [DEBUG] Duration: 240s, Loop: 1
2026-05-08 14:58:19 - chaos - INFO - [DEBUG] 任务超时时间: 300.0s
2026-05-08 14:58:19 - chaos - INFO - [DEBUG] ========== 开始执行 Case ==========
2026-05-08 14:58:19 - chaos - INFO - [DEBUG] Case名称: upu_master_duplicate
2026-05-08 14:58:19 - chaos - INFO - [DEBUG] Case类型: network
2026-05-08 14:58:19 - chaos - INFO - [DEBUG] 故障类型: duplicate
2026-05-08 14:58:19 - chaos - INFO - [DEBUG] 环境: 1_ssh_remote
2026-05-08 14:58:19 - chaos - INFO - [DEBUG] 执行 Case 迭代 1/1
2026-05-08 14:58:19 - chaos - INFO - [DEBUG] 开始获取目标列表...
2026-05-08 14:58:19 - chaos - INFO - 获取 UPU Pod 列表，namespace: ns-dupf, filter_type: upu-master
2026-05-08 14:58:20 - chaos - INFO - 找到 9 个 UPU Pod（过滤类型：upu-master）
2026-05-08 14:58:20 - chaos - INFO - 随机选择 Pod: dupf-upu-dupf01-1-7578c56d88-dd8qf
2026-05-08 14:58:20 - chaos - INFO - [DEBUG] 找到 1 个目标
2026-05-08 14:58:20 - chaos - INFO - [DEBUG] ---------- 处理目标 1/1 ----------
2026-05-08 14:58:20 - chaos - INFO - [DEBUG] 目标名称: dupf-upu-dupf01-1-7578c56d88-dd8qf
2026-05-08 14:58:20 - chaos - INFO - [DEBUG] 目标节点: None
2026-05-08 14:58:20 - chaos - INFO - [DEBUG] 创建故障注入器...
2026-05-08 14:58:20 - chaos - INFO - [DEBUG] 准备注入故障...
2026-05-08 14:58:20 - chaos - INFO - [DEBUG] 注入参数: {'fault_type': 'duplicate', 'correlation': ['30%', '90%'], 'percent': ['10%', '90%']}
2026-05-08 14:58:20 - chaos - INFO - 获取 Pod dupf-upu-dupf01-1-7578c56d88-dd8qf 的 pause 容器 ID
2026-05-08 14:58:20 - chaos - INFO - 获取 Pod dupf-upu-dupf01-1-7578c56d88-dd8qf 所在的节点，namespace: ns-dupf
2026-05-08 14:58:20 - chaos - INFO - Pod dupf-upu-dupf01-1-7578c56d88-dd8qf 运行在节点 dupf01
2026-05-08 14:58:20 - chaos - INFO - Pod dupf-upu-dupf01-1-7578c56d88-dd8qf 运行在节点 dupf01
2026-05-08 14:58:20 - chaos - INFO - 找到节点 dupf01 对应的环境: 1_ssh_remote
2026-05-08 14:58:20 - chaos - INFO - 解析后的 pause 容器 ID: d8c18e184701
2026-05-08 14:58:20 - chaos - INFO - 获取容器的 PID
2026-05-08 14:58:20 - chaos - INFO - 容器 ID: d8c18e184701
2026-05-08 14:58:20 - chaos - INFO - 提取的容器 PID: 54289
2026-05-08 14:58:20 - chaos - INFO - 为 Pod dupf-upu-dupf01-1-7578c56d88-dd8qf 注入网络数据包重复
2026-05-08 14:58:20 - chaos - INFO - 重复比例: 36%
2026-05-08 14:58:20 - chaos - INFO - 相关性: 68%
2026-05-08 14:58:20 - chaos - INFO - tc 命令: tc qdisc add dev eth0 root netem duplicate 36% 68%
2026-05-08 14:58:20 - chaos - INFO - 网络数据包重复注入成功
2026-05-08 14:58:20 - chaos - INFO - [DEBUG] 故障注入成功
2026-05-08 14:58:20 - chaos - INFO - [DEBUG] 故障ID: duplicate_dupf-upu-dupf01-1-7578c56d88-dd8qf_ns-dupf_1778223500
2026-05-08 14:58:20 - chaos - INFO - 记录故障：duplicate_dupf-upu-dupf01-1-7578c56d88-dd8qf_ns-dupf_1778223500
2026-05-08 14:58:20 - chaos - INFO - [DEBUG] 开始等待 duration: 240s (240.0秒)
2026-05-08 15:02:28 - chaos - INFO - [DEBUG] duration 等待完成
2026-05-08 15:02:28 - chaos - INFO - [DEBUG] 开始清理故障: duplicate_dupf-upu-dupf01-1-7578c56d88-dd8qf_ns-dupf_1778223500
2026-05-08 15:02:28 - chaos - INFO - 获取 Pod dupf-upu-dupf01-1-7578c56d88-dd8qf 的 pause 容器 ID
2026-05-08 15:02:28 - chaos - INFO - 获取 Pod dupf-upu-dupf01-1-7578c56d88-dd8qf 所在的节点，namespace: ns-dupf
2026-05-08 15:02:28 - chaos - INFO - Pod dupf-upu-dupf01-1-7578c56d88-dd8qf 运行在节点 dupf01
2026-05-08 15:02:28 - chaos - INFO - Pod dupf-upu-dupf01-1-7578c56d88-dd8qf 运行在节点 dupf01
2026-05-08 15:02:28 - chaos - INFO - 找到节点 dupf01 对应的环境: 1_ssh_remote
2026-05-08 15:02:28 - chaos - INFO - 解析后的 pause 容器 ID: d8c18e184701
2026-05-08 15:02:28 - chaos - INFO - 获取容器的 PID
2026-05-08 15:02:28 - chaos - INFO - 容器 ID: d8c18e184701
2026-05-08 15:02:28 - chaos - INFO - 提取的容器 PID: 54289
2026-05-08 15:02:28 - chaos - INFO - 恢复网络故障：duplicate_dupf-upu-dupf01-1-7578c56d88-dd8qf_ns-dupf_1778223500
2026-05-08 15:02:29 - chaos - INFO - [DEBUG] 故障清理成功: duplicate_dupf-upu-dupf01-1-7578c56d88-dd8qf_ns-dupf_1778223500
2026-05-08 15:02:29 - chaos - INFO - 标记故障已恢复：duplicate_dupf-upu-dupf01-1-7578c56d88-dd8qf_ns-dupf_1778223500
2026-05-08 15:02:29 - chaos - INFO - 任务执行成功: UPU Master 数据包重复 (耗时: 249.24s)
2026-05-08 15:02:29 - chaos - INFO - 层间等待 10.0s
2026-05-08 15:02:39 - chaos - INFO - 
============================================================
2026-05-08 15:02:39 - chaos - INFO - 执行第 2/2 层，共 1 个任务
2026-05-08 15:02:39 - chaos - INFO - ============================================================
2026-05-08 15:02:39 - chaos - INFO - [DEBUG] 开始执行任务: UPU Slave 数据包重复 (duplicate_upu_slave)
2026-05-08 15:02:39 - chaos - INFO - [DEBUG] 任务类型: network, 故障类型: duplicate
2026-05-08 15:02:39 - chaos - INFO - [DEBUG] 目标: Pod: upu-slave
2026-05-08 15:02:39 - chaos - INFO - [DEBUG] Duration: 240s, Loop: 1
2026-05-08 15:02:39 - chaos - INFO - [DEBUG] 任务超时时间: 300.0s
2026-05-08 15:02:39 - chaos - INFO - [DEBUG] ========== 开始执行 Case ==========
2026-05-08 15:02:39 - chaos - INFO - [DEBUG] Case名称: upu_slave_duplicate
2026-05-08 15:02:39 - chaos - INFO - [DEBUG] Case类型: network
2026-05-08 15:02:39 - chaos - INFO - [DEBUG] 故障类型: duplicate
2026-05-08 15:02:39 - chaos - INFO - [DEBUG] 环境: 1_ssh_remote
2026-05-08 15:02:39 - chaos - INFO - [DEBUG] 执行 Case 迭代 1/1
2026-05-08 15:02:39 - chaos - INFO - [DEBUG] 开始获取目标列表...
2026-05-08 15:02:39 - chaos - INFO - 获取 UPU Pod 列表，namespace: ns-dupf, filter_type: upu-slave
2026-05-08 15:02:31 - chaos - INFO - 找到 3 个 UPU Pod（过滤类型：upu-slave）
2026-05-08 15:02:31 - chaos - INFO - 随机选择 Pod: dupf-upu-dupf04-12-56b5ddb4fb-2j4rs
2026-05-08 15:02:31 - chaos - INFO - [DEBUG] 找到 1 个目标
2026-05-08 15:02:31 - chaos - INFO - [DEBUG] ---------- 处理目标 1/1 ----------
2026-05-08 15:02:31 - chaos - INFO - [DEBUG] 目标名称: dupf-upu-dupf04-12-56b5ddb4fb-2j4rs
2026-05-08 15:02:31 - chaos - INFO - [DEBUG] 目标节点: None
2026-05-08 15:02:31 - chaos - INFO - [DEBUG] 创建故障注入器...
2026-05-08 15:02:31 - chaos - INFO - [DEBUG] 准备注入故障...
2026-05-08 15:02:31 - chaos - INFO - [DEBUG] 注入参数: {'fault_type': 'duplicate', 'correlation': ['30%', '90%'], 'percent': ['10%', '90%']}
2026-05-08 15:02:31 - chaos - INFO - 获取 Pod dupf-upu-dupf04-12-56b5ddb4fb-2j4rs 的 pause 容器 ID
2026-05-08 15:02:31 - chaos - INFO - 获取 Pod dupf-upu-dupf04-12-56b5ddb4fb-2j4rs 所在的节点，namespace: ns-dupf
2026-05-08 15:02:32 - chaos - INFO - Pod dupf-upu-dupf04-12-56b5ddb4fb-2j4rs 运行在节点 dupf04
2026-05-08 15:02:32 - chaos - INFO - Pod dupf-upu-dupf04-12-56b5ddb4fb-2j4rs 运行在节点 dupf04
2026-05-08 15:02:32 - chaos - INFO - 找到节点 dupf04 对应的环境: 4_ssh_remote
2026-05-08 15:02:32 - chaos - INFO - 解析后的 pause 容器 ID: c3819a29fa54
2026-05-08 15:02:32 - chaos - INFO - 获取容器的 PID
2026-05-08 15:02:32 - chaos - INFO - 容器 ID: c3819a29fa54
2026-05-08 15:02:32 - chaos - INFO - 提取的容器 PID: 56483
2026-05-08 15:02:32 - chaos - INFO - 为 Pod dupf-upu-dupf04-12-56b5ddb4fb-2j4rs 注入网络数据包重复
2026-05-08 15:02:32 - chaos - INFO - 重复比例: 40%
2026-05-08 15:02:32 - chaos - INFO - 相关性: 67%
2026-05-08 15:02:32 - chaos - INFO - tc 命令: tc qdisc add dev eth0 root netem duplicate 40% 67%
2026-05-08 15:02:32 - chaos - INFO - 网络数据包重复注入成功
2026-05-08 15:02:32 - chaos - INFO - [DEBUG] 故障注入成功
2026-05-08 15:02:32 - chaos - INFO - [DEBUG] 故障ID: duplicate_dupf-upu-dupf04-12-56b5ddb4fb-2j4rs_ns-dupf_1778223751
2026-05-08 15:02:32 - chaos - INFO - 记录故障：duplicate_dupf-upu-dupf04-12-56b5ddb4fb-2j4rs_ns-dupf_1778223751
2026-05-08 15:02:32 - chaos - INFO - [DEBUG] 开始等待 duration: 240s (240.0秒)
2026-05-08 15:06:40 - chaos - INFO - [DEBUG] duration 等待完成
2026-05-08 15:06:40 - chaos - INFO - [DEBUG] 开始清理故障: duplicate_dupf-upu-dupf04-12-56b5ddb4fb-2j4rs_ns-dupf_1778223751
2026-05-08 15:06:40 - chaos - INFO - 获取 Pod dupf-upu-dupf04-12-56b5ddb4fb-2j4rs 的 pause 容器 ID
2026-05-08 15:06:40 - chaos - INFO - 获取 Pod dupf-upu-dupf04-12-56b5ddb4fb-2j4rs 所在的节点，namespace: ns-dupf
2026-05-08 15:06:40 - chaos - INFO - Pod dupf-upu-dupf04-12-56b5ddb4fb-2j4rs 运行在节点 dupf04
2026-05-08 15:06:40 - chaos - INFO - Pod dupf-upu-dupf04-12-56b5ddb4fb-2j4rs 运行在节点 dupf04
2026-05-08 15:06:40 - chaos - INFO - 找到节点 dupf04 对应的环境: 4_ssh_remote
2026-05-08 15:06:40 - chaos - INFO - 解析后的 pause 容器 ID: c3819a29fa54
2026-05-08 15:06:40 - chaos - INFO - 获取容器的 PID
2026-05-08 15:06:40 - chaos - INFO - 容器 ID: c3819a29fa54
2026-05-08 15:06:40 - chaos - INFO - 提取的容器 PID: 56483
2026-05-08 15:06:40 - chaos - INFO - 恢复网络故障：duplicate_dupf-upu-dupf04-12-56b5ddb4fb-2j4rs_ns-dupf_1778223751
2026-05-08 15:06:40 - chaos - INFO - [DEBUG] 故障清理成功: duplicate_dupf-upu-dupf04-12-56b5ddb4fb-2j4rs_ns-dupf_1778223751
2026-05-08 15:06:40 - chaos - INFO - 标记故障已恢复：duplicate_dupf-upu-dupf04-12-56b5ddb4fb-2j4rs_ns-dupf_1778223751
2026-05-08 15:06:40 - chaos - INFO - 任务执行成功: UPU Slave 数据包重复 (耗时: 241.42s)
2026-05-08 15:06:40 - chaos - INFO - 
================================================================================
                           Workflow Execution Report                            
================================================================================
Workflow ID    : upu_serial_network_duplicate_001
Workflow Name  : UPU 串行网络数据包重复工作流
Status         : SUCCESS
Start Time     : 2026-05-08 14:58:17
End Time       : 2026-05-08 15:06:40
Total Duration : 503.07s
Success Rate   : 100.00%
================================================================================

Task Results:
--------------------------------------------------------------------------------
  [SUCCESS ] UPU Master 数据包重复               Duration: 249.24s  Group: N/A
  [SUCCESS ] UPU Slave 数据包重复                Duration: 241.42s  Group: N/A

================================================================================
Summary Statistics
================================================================================
Total Tasks    : 2
Success        : 2
Failed         : 0
Timeout        : 0
Skipped        : 0
================================================================================
2026-05-08 15:06:40 - chaos - INFO - ============================================================
2026-05-08 15:06:40 - chaos - INFO - 执行 workflow 级别的 auto_clear
2026-05-08 15:06:40 - chaos - INFO - ============================================================
2026-05-08 15:06:40 - chaos - INFO - 需要清理的环境: 1_ssh_remote
2026-05-08 15:06:40 - chaos - INFO - 清理环境 1_ssh_remote 的网络故障...
2026-05-08 15:06:40 - chaos - INFO - 获取 Pod 列表，namespace: ns-dupf, nodename: dupf01
2026-05-08 15:06:40 - chaos - INFO - 找到 15 个 Pod
2026-05-08 15:06:40 - chaos - INFO - 找到 15 个 pod
2026-05-08 15:06:40 - chaos - INFO - 清除 Pod dupf-ddb-shd-0-2 的网络故障
2026-05-08 15:06:40 - chaos - INFO - 命名空间: ns-dupf, 网络设备: eth0
2026-05-08 15:06:40 - chaos - INFO - 获取 Pod dupf-ddb-shd-0-2 的 pause 容器 ID
2026-05-08 15:06:41 - chaos - INFO - 解析后的 pause 容器 ID: 11b9bcfdcc7d
2026-05-08 15:06:41 - chaos - INFO - 获取容器的 PID
2026-05-08 15:06:41 - chaos - INFO - 容器 ID: 11b9bcfdcc7d
2026-05-08 15:06:41 - chaos - INFO - 提取的容器 PID: 56490
2026-05-08 15:06:41 - chaos - INFO - Pod dupf-ddb-shd-0-2 的网络故障清除成功
2026-05-08 15:06:41 - chaos - INFO - 清除 Pod dupf-ddb-shd-2-0 的网络故障
2026-05-08 15:06:41 - chaos - INFO - 命名空间: ns-dupf, 网络设备: eth0
2026-05-08 15:06:41 - chaos - INFO - 获取 Pod dupf-ddb-shd-2-0 的 pause 容器 ID
2026-05-08 15:06:41 - chaos - INFO - 解析后的 pause 容器 ID: eb6741339149
2026-05-08 15:06:41 - chaos - INFO - 获取容器的 PID
2026-05-08 15:06:41 - chaos - INFO - 容器 ID: eb6741339149
2026-05-08 15:06:41 - chaos - INFO - 提取的容器 PID: 60135
2026-05-08 15:06:41 - chaos - INFO - Pod dupf-ddb-shd-2-0 的网络故障清除成功
2026-05-08 15:06:41 - chaos - INFO - 清除 Pod dupf-etcd-2 的网络故障
2026-05-08 15:06:41 - chaos - INFO - 命名空间: ns-dupf, 网络设备: eth0
2026-05-08 15:06:41 - chaos - INFO - 获取 Pod dupf-etcd-2 的 pause 容器 ID
2026-05-08 15:06:41 - chaos - INFO - 解析后的 pause 容器 ID: 3cc8373b2962
2026-05-08 15:06:41 - chaos - INFO - 获取容器的 PID
2026-05-08 15:06:41 - chaos - INFO - 容器 ID: 3cc8373b2962
2026-05-08 15:06:41 - chaos - INFO - 提取的容器 PID: 52344
2026-05-08 15:06:41 - chaos - INFO - Pod dupf-etcd-2 的网络故障清除成功
2026-05-08 15:06:41 - chaos - INFO - 清除 Pod dupf-file-sync-cp7xf 的网络故障
2026-05-08 15:06:41 - chaos - INFO - 命名空间: ns-dupf, 网络设备: eth0
2026-05-08 15:06:41 - chaos - INFO - 获取 Pod dupf-file-sync-cp7xf 的 pause 容器 ID
2026-05-08 15:06:42 - chaos - INFO - 解析后的 pause 容器 ID: d0ea761e5e4e
2026-05-08 15:06:42 - chaos - INFO - 获取容器的 PID
2026-05-08 15:06:42 - chaos - INFO - 容器 ID: d0ea761e5e4e
2026-05-08 15:06:42 - chaos - INFO - 提取的容器 PID: 55694
2026-05-08 15:06:42 - chaos - INFO - Pod dupf-file-sync-cp7xf 的网络故障清除成功
2026-05-08 15:06:42 - chaos - INFO - 清除 Pod dupf-node-monitor-67qq8 的网络故障
2026-05-08 15:06:42 - chaos - INFO - 命名空间: ns-dupf, 网络设备: eth0
2026-05-08 15:06:42 - chaos - INFO - 获取 Pod dupf-node-monitor-67qq8 的 pause 容器 ID
2026-05-08 15:06:42 - chaos - INFO - 解析后的 pause 容器 ID: 511f0726aca2
2026-05-08 15:06:42 - chaos - INFO - 获取容器的 PID
2026-05-08 15:06:42 - chaos - INFO - 容器 ID: 511f0726aca2
2026-05-08 15:06:42 - chaos - INFO - 提取的容器 PID: 55791
2026-05-08 15:06:42 - chaos - INFO - Pod dupf-node-monitor-67qq8 的网络故障清除成功
2026-05-08 15:06:42 - chaos - INFO - 清除 Pod dupf-prometheus-7f486d9788-856l7 的网络故障
2026-05-08 15:06:42 - chaos - INFO - 命名空间: ns-dupf, 网络设备: eth0
2026-05-08 15:06:42 - chaos - INFO - 获取 Pod dupf-prometheus-7f486d9788-856l7 的 pause 容器 ID
2026-05-08 15:06:42 - chaos - INFO - 解析后的 pause 容器 ID: 64a24fc1308b
2026-05-08 15:06:42 - chaos - INFO - 获取容器的 PID
2026-05-08 15:06:42 - chaos - INFO - 容器 ID: 64a24fc1308b
2026-05-08 15:06:42 - chaos - INFO - 提取的容器 PID: 52912
2026-05-08 15:06:42 - chaos - INFO - Pod dupf-prometheus-7f486d9788-856l7 的网络故障清除成功
2026-05-08 15:06:42 - chaos - INFO - 清除 Pod dupf-registry-center-2 的网络故障
2026-05-08 15:06:42 - chaos - INFO - 命名空间: ns-dupf, 网络设备: eth0
2026-05-08 15:06:42 - chaos - INFO - 获取 Pod dupf-registry-center-2 的 pause 容器 ID
2026-05-08 15:06:42 - chaos - INFO - 解析后的 pause 容器 ID: 09cccee66afb
2026-05-08 15:06:42 - chaos - INFO - 获取容器的 PID
2026-05-08 15:06:42 - chaos - INFO - 容器 ID: 09cccee66afb
2026-05-08 15:06:43 - chaos - INFO - 提取的容器 PID: 8097
2026-05-08 15:06:43 - chaos - INFO - Pod dupf-registry-center-2 的网络故障清除成功
2026-05-08 15:06:43 - chaos - INFO - 清除 Pod dupf-sdb-1 的网络故障
2026-05-08 15:06:43 - chaos - INFO - 命名空间: ns-dupf, 网络设备: eth0
2026-05-08 15:06:43 - chaos - INFO - 获取 Pod dupf-sdb-1 的 pause 容器 ID
2026-05-08 15:06:43 - chaos - INFO - 解析后的 pause 容器 ID: c83947f725c5
2026-05-08 15:06:43 - chaos - INFO - 获取容器的 PID
2026-05-08 15:06:43 - chaos - INFO - 容器 ID: c83947f725c5
2026-05-08 15:06:43 - chaos - INFO - 提取的容器 PID: 56495
2026-05-08 15:06:43 - chaos - INFO - Pod dupf-sdb-1 的网络故障清除成功
2026-05-08 15:06:43 - chaos - INFO - 清除 Pod dupf-sdb-sentinel-2 的网络故障
2026-05-08 15:06:43 - chaos - INFO - 命名空间: ns-dupf, 网络设备: eth0
2026-05-08 15:06:43 - chaos - INFO - 获取 Pod dupf-sdb-sentinel-2 的 pause 容器 ID
2026-05-08 15:06:43 - chaos - INFO - 解析后的 pause 容器 ID: 45a2fb40f9c3
2026-05-08 15:06:43 - chaos - INFO - 获取容器的 PID
2026-05-08 15:06:43 - chaos - INFO - 容器 ID: 45a2fb40f9c3
2026-05-08 15:06:43 - chaos - INFO - 提取的容器 PID: 56485
2026-05-08 15:06:43 - chaos - INFO - Pod dupf-sdb-sentinel-2 的网络故障清除成功
2026-05-08 15:06:43 - chaos - INFO - 清除 Pod dupf-sf-mq-proxy-2 的网络故障
2026-05-08 15:06:43 - chaos - INFO - 命名空间: ns-dupf, 网络设备: eth0
2026-05-08 15:06:43 - chaos - INFO - 获取 Pod dupf-sf-mq-proxy-2 的 pause 容器 ID
2026-05-08 15:06:43 - chaos - INFO - 解析后的 pause 容器 ID: aedeffcae771
2026-05-08 15:06:43 - chaos - INFO - 获取容器的 PID
2026-05-08 15:06:43 - chaos - INFO - 容器 ID: aedeffcae771
2026-05-08 15:06:44 - chaos - INFO - 提取的容器 PID: 59302
2026-05-08 15:06:44 - chaos - INFO - Pod dupf-sf-mq-proxy-2 的网络故障清除成功
2026-05-08 15:06:44 - chaos - INFO - 清除 Pod dupf-upc-5c84ff589c-btt52 的网络故障
2026-05-08 15:06:44 - chaos - INFO - 命名空间: ns-dupf, 网络设备: eth0
2026-05-08 15:06:44 - chaos - INFO - 获取 Pod dupf-upc-5c84ff589c-btt52 的 pause 容器 ID
2026-05-08 15:06:44 - chaos - INFO - 解析后的 pause 容器 ID: 30deac2c6220
2026-05-08 15:06:44 - chaos - INFO - 获取容器的 PID
2026-05-08 15:06:44 - chaos - INFO - 容器 ID: 30deac2c6220
2026-05-08 15:06:44 - chaos - INFO - 提取的容器 PID: 53503
2026-05-08 15:06:44 - chaos - INFO - Pod dupf-upc-5c84ff589c-btt52 的网络故障清除成功
2026-05-08 15:06:44 - chaos - INFO - 清除 Pod dupf-upc-5c84ff589c-fqnf7 的网络故障
2026-05-08 15:06:44 - chaos - INFO - 命名空间: ns-dupf, 网络设备: eth0
2026-05-08 15:06:44 - chaos - INFO - 获取 Pod dupf-upc-5c84ff589c-fqnf7 的 pause 容器 ID
2026-05-08 15:06:44 - chaos - INFO - 解析后的 pause 容器 ID: 6f392aa15848
2026-05-08 15:06:44 - chaos - INFO - 获取容器的 PID
2026-05-08 15:06:44 - chaos - INFO - 容器 ID: 6f392aa15848
2026-05-08 15:06:44 - chaos - INFO - 提取的容器 PID: 53471
2026-05-08 15:06:44 - chaos - INFO - Pod dupf-upc-5c84ff589c-fqnf7 的网络故障清除成功
2026-05-08 15:06:44 - chaos - INFO - 清除 Pod dupf-upu-dupf01-1-7578c56d88-dd8qf 的网络故障
2026-05-08 15:06:44 - chaos - INFO - 命名空间: ns-dupf, 网络设备: eth0
2026-05-08 15:06:44 - chaos - INFO - 获取 Pod dupf-upu-dupf01-1-7578c56d88-dd8qf 的 pause 容器 ID
2026-05-08 15:06:44 - chaos - INFO - 解析后的 pause 容器 ID: d8c18e184701
2026-05-08 15:06:44 - chaos - INFO - 获取容器的 PID
2026-05-08 15:06:44 - chaos - INFO - 容器 ID: d8c18e184701
2026-05-08 15:06:37 - chaos - INFO - 提取的容器 PID: 54289
2026-05-08 15:06:37 - chaos - INFO - Pod dupf-upu-dupf01-1-7578c56d88-dd8qf 的网络故障清除成功
2026-05-08 15:06:37 - chaos - INFO - 清除 Pod dupf-upu-dupf01-2-7cd9b494c-5wrzj 的网络故障
2026-05-08 15:06:37 - chaos - INFO - 命名空间: ns-dupf, 网络设备: eth0
2026-05-08 15:06:37 - chaos - INFO - 获取 Pod dupf-upu-dupf01-2-7cd9b494c-5wrzj 的 pause 容器 ID
2026-05-08 15:06:37 - chaos - INFO - 解析后的 pause 容器 ID: 045e1b477bbf
2026-05-08 15:06:37 - chaos - INFO - 获取容器的 PID
2026-05-08 15:06:37 - chaos - INFO - 容器 ID: 045e1b477bbf
2026-05-08 15:06:37 - chaos - INFO - 提取的容器 PID: 33786
2026-05-08 15:06:37 - chaos - INFO - Pod dupf-upu-dupf01-2-7cd9b494c-5wrzj 的网络故障清除成功
2026-05-08 15:06:37 - chaos - INFO - 清除 Pod dupf-upu-dupf01-3-585d949f88-x9fdd 的网络故障
2026-05-08 15:06:37 - chaos - INFO - 命名空间: ns-dupf, 网络设备: eth0
2026-05-08 15:06:37 - chaos - INFO - 获取 Pod dupf-upu-dupf01-3-585d949f88-x9fdd 的 pause 容器 ID
2026-05-08 15:06:37 - chaos - INFO - 解析后的 pause 容器 ID: df4f22e1420a
2026-05-08 15:06:37 - chaos - INFO - 获取容器的 PID
2026-05-08 15:06:37 - chaos - INFO - 容器 ID: df4f22e1420a
2026-05-08 15:06:37 - chaos - INFO - 提取的容器 PID: 54597
2026-05-08 15:06:38 - chaos - INFO - Pod dupf-upu-dupf01-3-585d949f88-x9fdd 的网络故障清除成功
2026-05-08 15:06:38 - chaos - INFO - 环境 1_ssh_remote 网络故障清除完成：成功 15, 失败 0
2026-05-08 15:06:38 - chaos - INFO - ============================================================
2026-05-08 15:06:38 - chaos - INFO - workflow 级别的 auto_clear 完成
2026-05-08 15:06:38 - chaos - INFO - ============================================================
2026-05-08 15:06:38 - chaos - INFO - 
================================================================================
2026-05-08 15:06:38 - chaos - INFO - 执行workflow: cases/upu/upu-master_upu-slave/workflow_serial_kill_upu-master_upu-slave.yaml
2026-05-08 15:06:38 - chaos - INFO - ================================================================================
2026-05-08 15:06:38 - chaos - INFO - Successfully parsed workflow: upu_serial_process_kill_001
2026-05-08 15:06:38 - chaos - INFO - ============================================================
2026-05-08 15:06:38 - chaos - INFO - 开始执行工作流: UPU 串行进程杀除工作流
2026-05-08 15:06:38 - chaos - INFO - 工作流 ID: upu_serial_process_kill_001
2026-05-08 15:06:38 - chaos - INFO - 执行模式: serial
2026-05-08 15:06:38 - chaos - INFO - ============================================================
2026-05-08 15:06:38 - chaos - INFO - 启动延迟 10.0s
2026-05-08 15:06:48 - chaos - INFO - 执行计划: 共 2 层
2026-05-08 15:06:48 - chaos - INFO - 
============================================================
2026-05-08 15:06:48 - chaos - INFO - 执行第 1/2 层，共 1 个任务
2026-05-08 15:06:48 - chaos - INFO - ============================================================
2026-05-08 15:06:48 - chaos - INFO - [DEBUG] 开始执行任务: UPU Master 进程杀除 (kill_upu_master)
2026-05-08 15:06:48 - chaos - INFO - [DEBUG] 任务类型: process, 故障类型: kill
2026-05-08 15:06:48 - chaos - INFO - [DEBUG] 目标: Pod: upu-master
2026-05-08 15:06:48 - chaos - INFO - [DEBUG] Duration: 240s, Loop: 1
2026-05-08 15:06:48 - chaos - INFO - [DEBUG] 任务超时时间: 300.0s
2026-05-08 15:06:48 - chaos - INFO - [DEBUG] ========== 开始执行 Case ==========
2026-05-08 15:06:48 - chaos - INFO - [DEBUG] Case名称: upu_master_kill
2026-05-08 15:06:48 - chaos - INFO - [DEBUG] Case类型: process
2026-05-08 15:06:48 - chaos - INFO - [DEBUG] 故障类型: kill
2026-05-08 15:06:48 - chaos - INFO - [DEBUG] 环境: 1_ssh_remote
2026-05-08 15:06:48 - chaos - INFO - [DEBUG] 执行 Case 迭代 1/1
2026-05-08 15:06:48 - chaos - INFO - [DEBUG] 开始获取目标列表...
2026-05-08 15:06:48 - chaos.utils.remote - INFO - 连接 root@10.230.246.167:50163 不可用，需要重连
2026-05-08 15:06:48 - chaos.utils.remote - INFO - 尝试重连: root@10.230.246.167:50163
2026-05-08 15:06:48 - chaos.utils.remote - INFO - SSH连接建立成功: 10.230.246.167:50163, 耗时: 0.15s
2026-05-08 15:06:48 - chaos.utils.remote - INFO - 重连成功: root@10.230.246.167:50163
2026-05-08 15:06:48 - chaos - INFO - 获取 UPU Pod 列表，namespace: ns-dupf, filter_type: upu-master
2026-05-08 15:06:48 - chaos - INFO - 找到 9 个 UPU Pod（过滤类型：upu-master）
2026-05-08 15:06:48 - chaos - INFO - 随机选择 Pod: dupf-upu-dupf02-6-958dc9889-mwfpf
2026-05-08 15:06:48 - chaos - INFO - [DEBUG] 找到 1 个目标
2026-05-08 15:06:48 - chaos - INFO - [DEBUG] ---------- 处理目标 1/1 ----------
2026-05-08 15:06:48 - chaos - INFO - [DEBUG] 目标名称: dupf-upu-dupf02-6-958dc9889-mwfpf
2026-05-08 15:06:48 - chaos - INFO - [DEBUG] 目标节点: None
2026-05-08 15:06:48 - chaos - INFO - [DEBUG] 创建故障注入器...
2026-05-08 15:06:48 - chaos - INFO - [DEBUG] 准备注入故障...
2026-05-08 15:06:48 - chaos - INFO - [DEBUG] 注入参数: {'fault_type': 'kill', 'main_process_pid': 1, 'signal': 15}
2026-05-08 15:06:48 - chaos - INFO - Kill 进程: Pod=dupf-upu-dupf02-6-958dc9889-mwfpf, Namespace=ns-dupf, Signal=15, PID=1
2026-05-08 15:06:49 - chaos - INFO - 进程 kill 成功: Signal=15, PID=1
2026-05-08 15:06:49 - chaos - INFO - [DEBUG] 故障注入成功
2026-05-08 15:06:49 - chaos - INFO - [DEBUG] 故障ID: process_kill_dupf-upu-dupf02-6-958dc9889-mwfpf_ns-dupf_15_1_1778224008
2026-05-08 15:06:49 - chaos - INFO - 记录故障：process_kill_dupf-upu-dupf02-6-958dc9889-mwfpf_ns-dupf_15_1_1778224008
2026-05-08 15:06:49 - chaos - INFO - [DEBUG] 开始等待 duration: 240s (240.0秒)
2026-05-08 15:10:56 - chaos - INFO - [DEBUG] duration 等待完成
2026-05-08 15:10:56 - chaos - INFO - [DEBUG] 开始清理故障: process_kill_dupf-upu-dupf02-6-958dc9889-mwfpf_ns-dupf_15_1_1778224008
2026-05-08 15:10:56 - chaos - INFO - 进程故障自动恢复（进程守护自动拉起）: process_kill_dupf-upu-dupf02-6-958dc9889-mwfpf_ns-dupf_15_1_1778224008
2026-05-08 15:10:56 - chaos - INFO - [DEBUG] 故障清理成功: process_kill_dupf-upu-dupf02-6-958dc9889-mwfpf_ns-dupf_15_1_1778224008
2026-05-08 15:10:57 - chaos - INFO - 标记故障已恢复：process_kill_dupf-upu-dupf02-6-958dc9889-mwfpf_ns-dupf_15_1_1778224008
2026-05-08 15:10:57 - chaos - INFO - 任务执行成功: UPU Master 进程杀除 (耗时: 248.89s)
2026-05-08 15:10:57 - chaos - INFO - 层间等待 10.0s
2026-05-08 15:11:07 - chaos - INFO - 
============================================================
2026-05-08 15:11:07 - chaos - INFO - 执行第 2/2 层，共 1 个任务
2026-05-08 15:11:07 - chaos - INFO - ============================================================
2026-05-08 15:11:07 - chaos - INFO - [DEBUG] 开始执行任务: UPU Slave 进程杀除 (kill_upu_slave)
2026-05-08 15:11:07 - chaos - INFO - [DEBUG] 任务类型: process, 故障类型: kill
2026-05-08 15:11:07 - chaos - INFO - [DEBUG] 目标: Pod: upu-slave
2026-05-08 15:11:07 - chaos - INFO - [DEBUG] Duration: 240s, Loop: 1
2026-05-08 15:11:07 - chaos - INFO - [DEBUG] 任务超时时间: 300.0s
2026-05-08 15:11:07 - chaos - INFO - [DEBUG] ========== 开始执行 Case ==========
2026-05-08 15:11:07 - chaos - INFO - [DEBUG] Case名称: upu_slave_kill
2026-05-08 15:11:07 - chaos - INFO - [DEBUG] Case类型: process
2026-05-08 15:11:07 - chaos - INFO - [DEBUG] 故障类型: kill
2026-05-08 15:11:07 - chaos - INFO - [DEBUG] 环境: 1_ssh_remote
2026-05-08 15:11:07 - chaos - INFO - [DEBUG] 执行 Case 迭代 1/1
2026-05-08 15:11:07 - chaos - INFO - [DEBUG] 开始获取目标列表...
2026-05-08 15:11:07 - chaos - INFO - 获取 UPU Pod 列表，namespace: ns-dupf, filter_type: upu-slave
2026-05-08 15:11:07 - chaos - INFO - 找到 3 个 UPU Pod（过滤类型：upu-slave）
2026-05-08 15:11:07 - chaos - INFO - 随机选择 Pod: dupf-upu-dupf04-12-56b5ddb4fb-2j4rs
2026-05-08 15:11:07 - chaos - INFO - [DEBUG] 找到 1 个目标
2026-05-08 15:11:07 - chaos - INFO - [DEBUG] ---------- 处理目标 1/1 ----------
2026-05-08 15:11:07 - chaos - INFO - [DEBUG] 目标名称: dupf-upu-dupf04-12-56b5ddb4fb-2j4rs
2026-05-08 15:11:07 - chaos - INFO - [DEBUG] 目标节点: None
2026-05-08 15:11:07 - chaos - INFO - [DEBUG] 创建故障注入器...
2026-05-08 15:11:07 - chaos - INFO - [DEBUG] 准备注入故障...
2026-05-08 15:11:07 - chaos - INFO - [DEBUG] 注入参数: {'fault_type': 'kill', 'main_process_pid': 1, 'signal': 15}
2026-05-08 15:11:07 - chaos - INFO - Kill 进程: Pod=dupf-upu-dupf04-12-56b5ddb4fb-2j4rs, Namespace=ns-dupf, Signal=15, PID=1
2026-05-08 15:11:07 - chaos - INFO - 进程 kill 成功: Signal=15, PID=1
2026-05-08 15:11:07 - chaos - INFO - [DEBUG] 故障注入成功
2026-05-08 15:11:07 - chaos - INFO - [DEBUG] 故障ID: process_kill_dupf-upu-dupf04-12-56b5ddb4fb-2j4rs_ns-dupf_15_1_1778224267
2026-05-08 15:11:07 - chaos - INFO - 记录故障：process_kill_dupf-upu-dupf04-12-56b5ddb4fb-2j4rs_ns-dupf_15_1_1778224267
2026-05-08 15:11:07 - chaos - INFO - [DEBUG] 开始等待 duration: 240s (240.0秒)
2026-05-08 15:15:00 - chaos - INFO - [DEBUG] duration 等待完成
2026-05-08 15:15:00 - chaos - INFO - [DEBUG] 开始清理故障: process_kill_dupf-upu-dupf04-12-56b5ddb4fb-2j4rs_ns-dupf_15_1_1778224267
2026-05-08 15:15:00 - chaos - INFO - 进程故障自动恢复（进程守护自动拉起）: process_kill_dupf-upu-dupf04-12-56b5ddb4fb-2j4rs_ns-dupf_15_1_1778224267
2026-05-08 15:15:00 - chaos - INFO - [DEBUG] 故障清理成功: process_kill_dupf-upu-dupf04-12-56b5ddb4fb-2j4rs_ns-dupf_15_1_1778224267
2026-05-08 15:15:00 - chaos - INFO - 标记故障已恢复：process_kill_dupf-upu-dupf04-12-56b5ddb4fb-2j4rs_ns-dupf_15_1_1778224267
2026-05-08 15:15:00 - chaos - INFO - 任务执行成功: UPU Slave 进程杀除 (耗时: 233.31s)
2026-05-08 15:15:00 - chaos - INFO - 
================================================================================
                           Workflow Execution Report                            
================================================================================
Workflow ID    : upu_serial_process_kill_001
Workflow Name  : UPU 串行进程杀除工作流
Status         : SUCCESS
Start Time     : 2026-05-08 15:06:38
End Time       : 2026-05-08 15:15:00
Total Duration : 502.28s
Success Rate   : 100.00%
================================================================================

Task Results:
--------------------------------------------------------------------------------
  [SUCCESS ] UPU Master 进程杀除                Duration: 248.89s  Group: N/A
  [SUCCESS ] UPU Slave 进程杀除                 Duration: 233.31s  Group: N/A

================================================================================
Summary Statistics
================================================================================
Total Tasks    : 2
Success        : 2
Failed         : 0
Timeout        : 0
Skipped        : 0
================================================================================
2026-05-08 15:15:00 - chaos - INFO - 
================================================================================
2026-05-08 15:15:00 - chaos - INFO - 执行workflow: cases/upu/upu-master_upu-slave/workflow_serial_loss_upu-master_upu-slave.yaml
2026-05-08 15:15:00 - chaos - INFO - ================================================================================
2026-05-08 15:15:00 - chaos - INFO - Successfully parsed workflow: upu_serial_network_loss_001
2026-05-08 15:15:00 - chaos - INFO - ============================================================
2026-05-08 15:15:00 - chaos - INFO - 开始执行工作流: UPU 串行网络丢包工作流
2026-05-08 15:15:00 - chaos - INFO - 工作流 ID: upu_serial_network_loss_001
2026-05-08 15:15:00 - chaos - INFO - 执行模式: serial
2026-05-08 15:15:00 - chaos - INFO - ============================================================
2026-05-08 15:15:00 - chaos - INFO - 启动延迟 10.0s
2026-05-08 15:15:18 - chaos - INFO - 执行计划: 共 2 层
2026-05-08 15:15:18 - chaos - INFO - 
============================================================
2026-05-08 15:15:18 - chaos - INFO - 执行第 1/2 层，共 1 个任务
2026-05-08 15:15:18 - chaos - INFO - ============================================================
2026-05-08 15:15:18 - chaos - INFO - [DEBUG] 开始执行任务: UPU Master 网络丢包 (loss_upu_master)
2026-05-08 15:15:18 - chaos - INFO - [DEBUG] 任务类型: network, 故障类型: loss
2026-05-08 15:15:18 - chaos - INFO - [DEBUG] 目标: Pod: upu-master
2026-05-08 15:15:18 - chaos - INFO - [DEBUG] Duration: 240s, Loop: 1
2026-05-08 15:15:18 - chaos - INFO - [DEBUG] 任务超时时间: 300.0s
2026-05-08 15:15:18 - chaos - INFO - [DEBUG] ========== 开始执行 Case ==========
2026-05-08 15:15:18 - chaos - INFO - [DEBUG] Case名称: upu_master_loss
2026-05-08 15:15:18 - chaos - INFO - [DEBUG] Case类型: network
2026-05-08 15:15:18 - chaos - INFO - [DEBUG] 故障类型: loss
2026-05-08 15:15:18 - chaos - INFO - [DEBUG] 环境: 1_ssh_remote
2026-05-08 15:15:18 - chaos - INFO - [DEBUG] 执行 Case 迭代 1/1
2026-05-08 15:15:18 - chaos - INFO - [DEBUG] 开始获取目标列表...
2026-05-08 15:15:18 - chaos - INFO - 获取 UPU Pod 列表，namespace: ns-dupf, filter_type: upu-master
2026-05-08 15:15:18 - chaos - INFO - 找到 9 个 UPU Pod（过滤类型：upu-master）
2026-05-08 15:15:18 - chaos - INFO - 随机选择 Pod: dupf-upu-dupf02-6-958dc9889-mwfpf
2026-05-08 15:15:18 - chaos - INFO - [DEBUG] 找到 1 个目标
2026-05-08 15:15:18 - chaos - INFO - [DEBUG] ---------- 处理目标 1/1 ----------
2026-05-08 15:15:18 - chaos - INFO - [DEBUG] 目标名称: dupf-upu-dupf02-6-958dc9889-mwfpf
2026-05-08 15:15:18 - chaos - INFO - [DEBUG] 目标节点: None
2026-05-08 15:15:18 - chaos - INFO - [DEBUG] 创建故障注入器...
2026-05-08 15:15:18 - chaos - INFO - [DEBUG] 准备注入故障...
2026-05-08 15:15:18 - chaos - INFO - [DEBUG] 注入参数: {'fault_type': 'loss', 'correlation': ['30%', '90%'], 'percent': ['10%', '90%']}
2026-05-08 15:15:18 - chaos - INFO - 获取 Pod dupf-upu-dupf02-6-958dc9889-mwfpf 的 pause 容器 ID
2026-05-08 15:15:18 - chaos - INFO - 获取 Pod dupf-upu-dupf02-6-958dc9889-mwfpf 所在的节点，namespace: ns-dupf
2026-05-08 15:15:18 - chaos - INFO - Pod dupf-upu-dupf02-6-958dc9889-mwfpf 运行在节点 dupf02
2026-05-08 15:15:18 - chaos - INFO - Pod dupf-upu-dupf02-6-958dc9889-mwfpf 运行在节点 dupf02
2026-05-08 15:15:18 - chaos - INFO - 找到节点 dupf02 对应的环境: 2_ssh_remote
2026-05-08 15:15:18 - chaos - INFO - 解析后的 pause 容器 ID: 7eccc8e257c1
2026-05-08 15:15:18 - chaos - INFO - 获取容器的 PID
2026-05-08 15:15:18 - chaos - INFO - 容器 ID: 7eccc8e257c1
2026-05-08 15:15:18 - chaos - INFO - 提取的容器 PID: 60659
2026-05-08 15:15:18 - chaos - INFO - 为 Pod dupf-upu-dupf02-6-958dc9889-mwfpf 注入网络丢包
2026-05-08 15:15:18 - chaos - INFO - 丢包模型: random
2026-05-08 15:15:18 - chaos - INFO - 丢包参数: {'percent': '36%'}
2026-05-08 15:15:18 - chaos - INFO - ECN: False
2026-05-08 15:15:18 - chaos - INFO - tc 命令: tc qdisc add dev eth0 root netem loss random 36%
2026-05-08 15:15:18 - chaos - INFO - 网络丢包注入成功
2026-05-08 15:15:18 - chaos - INFO - [DEBUG] 故障注入成功
2026-05-08 15:15:18 - chaos - INFO - [DEBUG] 故障ID: loss_dupf-upu-dupf02-6-958dc9889-mwfpf_ns-dupf_1778224518
2026-05-08 15:15:18 - chaos - INFO - 记录故障：loss_dupf-upu-dupf02-6-958dc9889-mwfpf_ns-dupf_1778224518
2026-05-08 15:15:18 - chaos - INFO - [DEBUG] 开始等待 duration: 240s (240.0秒)
2026-05-08 15:19:11 - chaos - INFO - [DEBUG] duration 等待完成
2026-05-08 15:19:11 - chaos - INFO - [DEBUG] 开始清理故障: loss_dupf-upu-dupf02-6-958dc9889-mwfpf_ns-dupf_1778224518
2026-05-08 15:19:11 - chaos - INFO - 获取 Pod dupf-upu-dupf02-6-958dc9889-mwfpf 的 pause 容器 ID
2026-05-08 15:19:11 - chaos - INFO - 获取 Pod dupf-upu-dupf02-6-958dc9889-mwfpf 所在的节点，namespace: ns-dupf
2026-05-08 15:19:11 - chaos - INFO - Pod dupf-upu-dupf02-6-958dc9889-mwfpf 运行在节点 dupf02
2026-05-08 15:19:11 - chaos - INFO - Pod dupf-upu-dupf02-6-958dc9889-mwfpf 运行在节点 dupf02
2026-05-08 15:19:11 - chaos - INFO - 找到节点 dupf02 对应的环境: 2_ssh_remote
2026-05-08 15:19:11 - chaos - INFO - 解析后的 pause 容器 ID: 7eccc8e257c1
2026-05-08 15:19:11 - chaos - INFO - 获取容器的 PID
2026-05-08 15:19:11 - chaos - INFO - 容器 ID: 7eccc8e257c1
2026-05-08 15:19:11 - chaos - INFO - 提取的容器 PID: 60659
2026-05-08 15:19:11 - chaos - INFO - 恢复网络故障：loss_dupf-upu-dupf02-6-958dc9889-mwfpf_ns-dupf_1778224518
2026-05-08 15:19:11 - chaos - INFO - [DEBUG] 故障清理成功: loss_dupf-upu-dupf02-6-958dc9889-mwfpf_ns-dupf_1778224518
2026-05-08 15:19:11 - chaos - INFO - 标记故障已恢复：loss_dupf-upu-dupf02-6-958dc9889-mwfpf_ns-dupf_1778224518
2026-05-08 15:19:11 - chaos - INFO - 任务执行成功: UPU Master 网络丢包 (耗时: 233.71s)
2026-05-08 15:19:11 - chaos - INFO - 层间等待 10.0s
2026-05-08 15:19:21 - chaos - INFO - 
============================================================
2026-05-08 15:19:21 - chaos - INFO - 执行第 2/2 层，共 1 个任务
2026-05-08 15:19:21 - chaos - INFO - ============================================================
2026-05-08 15:19:21 - chaos - INFO - [DEBUG] 开始执行任务: UPU Slave 网络丢包 (loss_upu_slave)
2026-05-08 15:19:21 - chaos - INFO - [DEBUG] 任务类型: network, 故障类型: loss
2026-05-08 15:19:21 - chaos - INFO - [DEBUG] 目标: Pod: upu-slave
2026-05-08 15:19:21 - chaos - INFO - [DEBUG] Duration: 240s, Loop: 1
2026-05-08 15:19:21 - chaos - INFO - [DEBUG] 任务超时时间: 300.0s
2026-05-08 15:19:21 - chaos - INFO - [DEBUG] ========== 开始执行 Case ==========
2026-05-08 15:19:21 - chaos - INFO - [DEBUG] Case名称: upu_slave_loss
2026-05-08 15:19:21 - chaos - INFO - [DEBUG] Case类型: network
2026-05-08 15:19:21 - chaos - INFO - [DEBUG] 故障类型: loss
2026-05-08 15:19:21 - chaos - INFO - [DEBUG] 环境: 1_ssh_remote
2026-05-08 15:19:21 - chaos - INFO - [DEBUG] 执行 Case 迭代 1/1
2026-05-08 15:19:21 - chaos - INFO - [DEBUG] 开始获取目标列表...
2026-05-08 15:19:21 - chaos - INFO - 获取 UPU Pod 列表，namespace: ns-dupf, filter_type: upu-slave
2026-05-08 15:19:22 - chaos - INFO - 找到 3 个 UPU Pod（过滤类型：upu-slave）
2026-05-08 15:19:22 - chaos - INFO - 随机选择 Pod: dupf-upu-dupf04-12-56b5ddb4fb-2j4rs
2026-05-08 15:19:22 - chaos - INFO - [DEBUG] 找到 1 个目标
2026-05-08 15:19:22 - chaos - INFO - [DEBUG] ---------- 处理目标 1/1 ----------
2026-05-08 15:19:22 - chaos - INFO - [DEBUG] 目标名称: dupf-upu-dupf04-12-56b5ddb4fb-2j4rs
2026-05-08 15:19:22 - chaos - INFO - [DEBUG] 目标节点: None
2026-05-08 15:19:22 - chaos - INFO - [DEBUG] 创建故障注入器...
2026-05-08 15:19:22 - chaos - INFO - [DEBUG] 准备注入故障...
2026-05-08 15:19:22 - chaos - INFO - [DEBUG] 注入参数: {'fault_type': 'loss', 'correlation': ['30%', '90%'], 'percent': ['10%', '90%']}
2026-05-08 15:19:22 - chaos - INFO - 获取 Pod dupf-upu-dupf04-12-56b5ddb4fb-2j4rs 的 pause 容器 ID
2026-05-08 15:19:22 - chaos - INFO - 获取 Pod dupf-upu-dupf04-12-56b5ddb4fb-2j4rs 所在的节点，namespace: ns-dupf
2026-05-08 15:19:22 - chaos - INFO - Pod dupf-upu-dupf04-12-56b5ddb4fb-2j4rs 运行在节点 dupf04
2026-05-08 15:19:22 - chaos - INFO - Pod dupf-upu-dupf04-12-56b5ddb4fb-2j4rs 运行在节点 dupf04
2026-05-08 15:19:22 - chaos - INFO - 找到节点 dupf04 对应的环境: 4_ssh_remote
2026-05-08 15:19:22 - chaos - INFO - 解析后的 pause 容器 ID: c3819a29fa54
2026-05-08 15:19:22 - chaos - INFO - 获取容器的 PID
2026-05-08 15:19:22 - chaos - INFO - 容器 ID: c3819a29fa54
2026-05-08 15:19:22 - chaos - INFO - 提取的容器 PID: 56483
2026-05-08 15:19:22 - chaos - INFO - 为 Pod dupf-upu-dupf04-12-56b5ddb4fb-2j4rs 注入网络丢包
2026-05-08 15:19:22 - chaos - INFO - 丢包模型: random
2026-05-08 15:19:22 - chaos - INFO - 丢包参数: {'percent': '45%'}
2026-05-08 15:19:22 - chaos - INFO - ECN: True
2026-05-08 15:19:22 - chaos - INFO - tc 命令: tc qdisc add dev eth0 root netem loss random 45% ecn
2026-05-08 15:19:22 - chaos - INFO - 网络丢包注入成功
2026-05-08 15:19:22 - chaos - INFO - [DEBUG] 故障注入成功
2026-05-08 15:19:22 - chaos - INFO - [DEBUG] 故障ID: loss_dupf-upu-dupf04-12-56b5ddb4fb-2j4rs_ns-dupf_1778224762
2026-05-08 15:19:22 - chaos - INFO - 记录故障：loss_dupf-upu-dupf04-12-56b5ddb4fb-2j4rs_ns-dupf_1778224762
2026-05-08 15:19:22 - chaos - INFO - [DEBUG] 开始等待 duration: 240s (240.0秒)
2026-05-08 15:23:22 - chaos - INFO - [DEBUG] duration 等待完成
2026-05-08 15:23:22 - chaos - INFO - [DEBUG] 开始清理故障: loss_dupf-upu-dupf04-12-56b5ddb4fb-2j4rs_ns-dupf_1778224762
2026-05-08 15:23:22 - chaos - INFO - 获取 Pod dupf-upu-dupf04-12-56b5ddb4fb-2j4rs 的 pause 容器 ID
2026-05-08 15:23:22 - chaos - INFO - 获取 Pod dupf-upu-dupf04-12-56b5ddb4fb-2j4rs 所在的节点，namespace: ns-dupf
2026-05-08 15:23:22 - chaos - INFO - Pod dupf-upu-dupf04-12-56b5ddb4fb-2j4rs 运行在节点 dupf04
2026-05-08 15:23:22 - chaos - INFO - Pod dupf-upu-dupf04-12-56b5ddb4fb-2j4rs 运行在节点 dupf04
2026-05-08 15:23:22 - chaos - INFO - 找到节点 dupf04 对应的环境: 4_ssh_remote
2026-05-08 15:23:22 - chaos - INFO - 解析后的 pause 容器 ID: c3819a29fa54
2026-05-08 15:23:22 - chaos - INFO - 获取容器的 PID
2026-05-08 15:23:22 - chaos - INFO - 容器 ID: c3819a29fa54
2026-05-08 15:23:23 - chaos - INFO - 提取的容器 PID: 56483
2026-05-08 15:23:23 - chaos - INFO - 恢复网络故障：loss_dupf-upu-dupf04-12-56b5ddb4fb-2j4rs_ns-dupf_1778224762
2026-05-08 15:23:23 - chaos - INFO - [DEBUG] 故障清理成功: loss_dupf-upu-dupf04-12-56b5ddb4fb-2j4rs_ns-dupf_1778224762
2026-05-08 15:23:23 - chaos - INFO - 标记故障已恢复：loss_dupf-upu-dupf04-12-56b5ddb4fb-2j4rs_ns-dupf_1778224762
2026-05-08 15:23:23 - chaos - INFO - 任务执行成功: UPU Slave 网络丢包 (耗时: 241.34s)
2026-05-08 15:23:23 - chaos - INFO - 
================================================================================
                           Workflow Execution Report                            
================================================================================
Workflow ID    : upu_serial_network_loss_001
Workflow Name  : UPU 串行网络丢包工作流
Status         : SUCCESS
Start Time     : 2026-05-08 15:15:00
End Time       : 2026-05-08 15:23:23
Total Duration : 502.72s
Success Rate   : 100.00%
================================================================================

Task Results:
--------------------------------------------------------------------------------
  [SUCCESS ] UPU Master 网络丢包                Duration: 233.71s  Group: N/A
  [SUCCESS ] UPU Slave 网络丢包                 Duration: 241.34s  Group: N/A

================================================================================
Summary Statistics
================================================================================
Total Tasks    : 2
Success        : 2
Failed         : 0
Timeout        : 0
Skipped        : 0
================================================================================
2026-05-08 15:23:23 - chaos - INFO - ============================================================
2026-05-08 15:23:23 - chaos - INFO - 执行 workflow 级别的 auto_clear
2026-05-08 15:23:23 - chaos - INFO - ============================================================
2026-05-08 15:23:23 - chaos - INFO - 需要清理的环境: 1_ssh_remote
2026-05-08 15:23:23 - chaos - INFO - 清理环境 1_ssh_remote 的网络故障...
2026-05-08 15:23:23 - chaos - INFO - 获取 Pod 列表，namespace: ns-dupf, nodename: dupf01
2026-05-08 15:23:23 - chaos - INFO - 找到 15 个 Pod
2026-05-08 15:23:23 - chaos - INFO - 找到 15 个 pod
2026-05-08 15:23:23 - chaos - INFO - 清除 Pod dupf-ddb-shd-0-2 的网络故障
2026-05-08 15:23:23 - chaos - INFO - 命名空间: ns-dupf, 网络设备: eth0
2026-05-08 15:23:23 - chaos - INFO - 获取 Pod dupf-ddb-shd-0-2 的 pause 容器 ID
2026-05-08 15:23:23 - chaos - INFO - 解析后的 pause 容器 ID: 11b9bcfdcc7d
2026-05-08 15:23:23 - chaos - INFO - 获取容器的 PID
2026-05-08 15:23:23 - chaos - INFO - 容器 ID: 11b9bcfdcc7d
2026-05-08 15:23:23 - chaos - INFO - 提取的容器 PID: 56490
2026-05-08 15:23:23 - chaos - INFO - Pod dupf-ddb-shd-0-2 的网络故障清除成功
2026-05-08 15:23:23 - chaos - INFO - 清除 Pod dupf-ddb-shd-2-0 的网络故障
2026-05-08 15:23:23 - chaos - INFO - 命名空间: ns-dupf, 网络设备: eth0
2026-05-08 15:23:23 - chaos - INFO - 获取 Pod dupf-ddb-shd-2-0 的 pause 容器 ID
2026-05-08 15:23:31 - chaos - INFO - 解析后的 pause 容器 ID: eb6741339149
2026-05-08 15:23:31 - chaos - INFO - 获取容器的 PID
2026-05-08 15:23:31 - chaos - INFO - 容器 ID: eb6741339149
2026-05-08 15:23:31 - chaos - INFO - 提取的容器 PID: 60135
2026-05-08 15:23:31 - chaos - INFO - Pod dupf-ddb-shd-2-0 的网络故障清除成功
2026-05-08 15:23:31 - chaos - INFO - 清除 Pod dupf-etcd-2 的网络故障
2026-05-08 15:23:31 - chaos - INFO - 命名空间: ns-dupf, 网络设备: eth0
2026-05-08 15:23:31 - chaos - INFO - 获取 Pod dupf-etcd-2 的 pause 容器 ID
2026-05-08 15:23:31 - chaos - INFO - 解析后的 pause 容器 ID: 3cc8373b2962
2026-05-08 15:23:31 - chaos - INFO - 获取容器的 PID
2026-05-08 15:23:31 - chaos - INFO - 容器 ID: 3cc8373b2962
2026-05-08 15:23:31 - chaos - INFO - 提取的容器 PID: 52344
2026-05-08 15:23:32 - chaos - INFO - Pod dupf-etcd-2 的网络故障清除成功
2026-05-08 15:23:32 - chaos - INFO - 清除 Pod dupf-file-sync-cp7xf 的网络故障
2026-05-08 15:23:32 - chaos - INFO - 命名空间: ns-dupf, 网络设备: eth0
2026-05-08 15:23:32 - chaos - INFO - 获取 Pod dupf-file-sync-cp7xf 的 pause 容器 ID
2026-05-08 15:23:32 - chaos - INFO - 解析后的 pause 容器 ID: d0ea761e5e4e
2026-05-08 15:23:32 - chaos - INFO - 获取容器的 PID
2026-05-08 15:23:32 - chaos - INFO - 容器 ID: d0ea761e5e4e
2026-05-08 15:23:32 - chaos - INFO - 提取的容器 PID: 55694
2026-05-08 15:23:32 - chaos - INFO - Pod dupf-file-sync-cp7xf 的网络故障清除成功
2026-05-08 15:23:32 - chaos - INFO - 清除 Pod dupf-node-monitor-67qq8 的网络故障
2026-05-08 15:23:32 - chaos - INFO - 命名空间: ns-dupf, 网络设备: eth0
2026-05-08 15:23:32 - chaos - INFO - 获取 Pod dupf-node-monitor-67qq8 的 pause 容器 ID
2026-05-08 15:23:32 - chaos - INFO - 解析后的 pause 容器 ID: 511f0726aca2
2026-05-08 15:23:32 - chaos - INFO - 获取容器的 PID
2026-05-08 15:23:32 - chaos - INFO - 容器 ID: 511f0726aca2
2026-05-08 15:23:32 - chaos - INFO - 提取的容器 PID: 55791
2026-05-08 15:23:32 - chaos - INFO - Pod dupf-node-monitor-67qq8 的网络故障清除成功
2026-05-08 15:23:32 - chaos - INFO - 清除 Pod dupf-prometheus-7f486d9788-856l7 的网络故障
2026-05-08 15:23:32 - chaos - INFO - 命名空间: ns-dupf, 网络设备: eth0
2026-05-08 15:23:32 - chaos - INFO - 获取 Pod dupf-prometheus-7f486d9788-856l7 的 pause 容器 ID
2026-05-08 15:23:32 - chaos - INFO - 解析后的 pause 容器 ID: 64a24fc1308b
2026-05-08 15:23:32 - chaos - INFO - 获取容器的 PID
2026-05-08 15:23:32 - chaos - INFO - 容器 ID: 64a24fc1308b
2026-05-08 15:23:32 - chaos - INFO - 提取的容器 PID: 52912
2026-05-08 15:23:33 - chaos - INFO - Pod dupf-prometheus-7f486d9788-856l7 的网络故障清除成功
2026-05-08 15:23:33 - chaos - INFO - 清除 Pod dupf-registry-center-2 的网络故障
2026-05-08 15:23:33 - chaos - INFO - 命名空间: ns-dupf, 网络设备: eth0
2026-05-08 15:23:33 - chaos - INFO - 获取 Pod dupf-registry-center-2 的 pause 容器 ID
2026-05-08 15:23:33 - chaos - INFO - 解析后的 pause 容器 ID: 09cccee66afb
2026-05-08 15:23:33 - chaos - INFO - 获取容器的 PID
2026-05-08 15:23:33 - chaos - INFO - 容器 ID: 09cccee66afb
2026-05-08 15:23:33 - chaos - INFO - 提取的容器 PID: 8097
2026-05-08 15:23:33 - chaos - INFO - Pod dupf-registry-center-2 的网络故障清除成功
2026-05-08 15:23:33 - chaos - INFO - 清除 Pod dupf-sdb-1 的网络故障
2026-05-08 15:23:33 - chaos - INFO - 命名空间: ns-dupf, 网络设备: eth0
2026-05-08 15:23:33 - chaos - INFO - 获取 Pod dupf-sdb-1 的 pause 容器 ID
2026-05-08 15:23:33 - chaos - INFO - 解析后的 pause 容器 ID: c83947f725c5
2026-05-08 15:23:33 - chaos - INFO - 获取容器的 PID
2026-05-08 15:23:33 - chaos - INFO - 容器 ID: c83947f725c5
2026-05-08 15:23:33 - chaos - INFO - 提取的容器 PID: 56495
2026-05-08 15:23:33 - chaos - INFO - Pod dupf-sdb-1 的网络故障清除成功
2026-05-08 15:23:33 - chaos - INFO - 清除 Pod dupf-sdb-sentinel-2 的网络故障
2026-05-08 15:23:33 - chaos - INFO - 命名空间: ns-dupf, 网络设备: eth0
2026-05-08 15:23:33 - chaos - INFO - 获取 Pod dupf-sdb-sentinel-2 的 pause 容器 ID
2026-05-08 15:23:33 - chaos - INFO - 解析后的 pause 容器 ID: 45a2fb40f9c3
2026-05-08 15:23:33 - chaos - INFO - 获取容器的 PID
2026-05-08 15:23:33 - chaos - INFO - 容器 ID: 45a2fb40f9c3
2026-05-08 15:23:33 - chaos - INFO - 提取的容器 PID: 56485
2026-05-08 15:23:33 - chaos - INFO - Pod dupf-sdb-sentinel-2 的网络故障清除成功
2026-05-08 15:23:33 - chaos - INFO - 清除 Pod dupf-sf-mq-proxy-2 的网络故障
2026-05-08 15:23:33 - chaos - INFO - 命名空间: ns-dupf, 网络设备: eth0
2026-05-08 15:23:33 - chaos - INFO - 获取 Pod dupf-sf-mq-proxy-2 的 pause 容器 ID
2026-05-08 15:23:34 - chaos - INFO - 解析后的 pause 容器 ID: aedeffcae771
2026-05-08 15:23:34 - chaos - INFO - 获取容器的 PID
2026-05-08 15:23:34 - chaos - INFO - 容器 ID: aedeffcae771
2026-05-08 15:23:34 - chaos - INFO - 提取的容器 PID: 59302
2026-05-08 15:23:34 - chaos - INFO - Pod dupf-sf-mq-proxy-2 的网络故障清除成功
2026-05-08 15:23:34 - chaos - INFO - 清除 Pod dupf-upc-5c84ff589c-btt52 的网络故障
2026-05-08 15:23:34 - chaos - INFO - 命名空间: ns-dupf, 网络设备: eth0
2026-05-08 15:23:34 - chaos - INFO - 获取 Pod dupf-upc-5c84ff589c-btt52 的 pause 容器 ID
2026-05-08 15:23:34 - chaos - INFO - 解析后的 pause 容器 ID: 30deac2c6220
2026-05-08 15:23:34 - chaos - INFO - 获取容器的 PID
2026-05-08 15:23:34 - chaos - INFO - 容器 ID: 30deac2c6220
2026-05-08 15:23:34 - chaos - INFO - 提取的容器 PID: 53503
2026-05-08 15:23:34 - chaos - INFO - Pod dupf-upc-5c84ff589c-btt52 的网络故障清除成功
2026-05-08 15:23:34 - chaos - INFO - 清除 Pod dupf-upc-5c84ff589c-fqnf7 的网络故障
2026-05-08 15:23:34 - chaos - INFO - 命名空间: ns-dupf, 网络设备: eth0
2026-05-08 15:23:34 - chaos - INFO - 获取 Pod dupf-upc-5c84ff589c-fqnf7 的 pause 容器 ID
2026-05-08 15:23:34 - chaos - INFO - 解析后的 pause 容器 ID: 6f392aa15848
2026-05-08 15:23:34 - chaos - INFO - 获取容器的 PID
2026-05-08 15:23:34 - chaos - INFO - 容器 ID: 6f392aa15848
2026-05-08 15:23:34 - chaos - INFO - 提取的容器 PID: 53471
2026-05-08 15:23:34 - chaos - INFO - Pod dupf-upc-5c84ff589c-fqnf7 的网络故障清除成功
2026-05-08 15:23:34 - chaos - INFO - 清除 Pod dupf-upu-dupf01-1-7578c56d88-dd8qf 的网络故障
2026-05-08 15:23:34 - chaos - INFO - 命名空间: ns-dupf, 网络设备: eth0
2026-05-08 15:23:34 - chaos - INFO - 获取 Pod dupf-upu-dupf01-1-7578c56d88-dd8qf 的 pause 容器 ID
2026-05-08 15:23:35 - chaos - INFO - 解析后的 pause 容器 ID: d8c18e184701
2026-05-08 15:23:35 - chaos - INFO - 获取容器的 PID
2026-05-08 15:23:35 - chaos - INFO - 容器 ID: d8c18e184701
2026-05-08 15:23:35 - chaos - INFO - 提取的容器 PID: 54289
2026-05-08 15:23:35 - chaos - INFO - Pod dupf-upu-dupf01-1-7578c56d88-dd8qf 的网络故障清除成功
2026-05-08 15:23:35 - chaos - INFO - 清除 Pod dupf-upu-dupf01-2-7cd9b494c-5wrzj 的网络故障
2026-05-08 15:23:35 - chaos - INFO - 命名空间: ns-dupf, 网络设备: eth0
2026-05-08 15:23:35 - chaos - INFO - 获取 Pod dupf-upu-dupf01-2-7cd9b494c-5wrzj 的 pause 容器 ID
2026-05-08 15:23:35 - chaos - INFO - 解析后的 pause 容器 ID: 045e1b477bbf
2026-05-08 15:23:35 - chaos - INFO - 获取容器的 PID
2026-05-08 15:23:35 - chaos - INFO - 容器 ID: 045e1b477bbf
2026-05-08 15:23:35 - chaos - INFO - 提取的容器 PID: 33786
2026-05-08 15:23:35 - chaos - INFO - Pod dupf-upu-dupf01-2-7cd9b494c-5wrzj 的网络故障清除成功
2026-05-08 15:23:35 - chaos - INFO - 清除 Pod dupf-upu-dupf01-3-585d949f88-x9fdd 的网络故障
2026-05-08 15:23:35 - chaos - INFO - 命名空间: ns-dupf, 网络设备: eth0
2026-05-08 15:23:35 - chaos - INFO - 获取 Pod dupf-upu-dupf01-3-585d949f88-x9fdd 的 pause 容器 ID
2026-05-08 15:23:35 - chaos - INFO - 解析后的 pause 容器 ID: df4f22e1420a
2026-05-08 15:23:35 - chaos - INFO - 获取容器的 PID
2026-05-08 15:23:35 - chaos - INFO - 容器 ID: df4f22e1420a
2026-05-08 15:23:35 - chaos - INFO - 提取的容器 PID: 54597
2026-05-08 15:23:35 - chaos - INFO - Pod dupf-upu-dupf01-3-585d949f88-x9fdd 的网络故障清除成功
2026-05-08 15:23:35 - chaos - INFO - 环境 1_ssh_remote 网络故障清除完成：成功 15, 失败 0
2026-05-08 15:23:35 - chaos - INFO - ============================================================
2026-05-08 15:23:35 - chaos - INFO - workflow 级别的 auto_clear 完成
2026-05-08 15:23:35 - chaos - INFO - ============================================================
2026-05-08 15:23:35 - chaos - INFO - 
================================================================================
2026-05-08 15:23:35 - chaos - INFO - 执行workflow: cases/upu/upu-master_upu-slave/workflow_serial_reorder_upu-master_upu-slave.yaml
2026-05-08 15:23:35 - chaos - INFO - ================================================================================
2026-05-08 15:23:35 - chaos - INFO - Successfully parsed workflow: upu_serial_network_reorder_001
2026-05-08 15:23:35 - chaos - INFO - ============================================================
2026-05-08 15:23:35 - chaos - INFO - 开始执行工作流: UPU 串行网络数据包重排序工作流
2026-05-08 15:23:35 - chaos - INFO - 工作流 ID: upu_serial_network_reorder_001
2026-05-08 15:23:35 - chaos - INFO - 执行模式: serial
2026-05-08 15:23:35 - chaos - INFO - ============================================================
2026-05-08 15:23:35 - chaos - INFO - 启动延迟 10.0s
2026-05-08 15:23:45 - chaos - INFO - 执行计划: 共 2 层
2026-05-08 15:23:45 - chaos - INFO - 
============================================================
2026-05-08 15:23:45 - chaos - INFO - 执行第 1/2 层，共 1 个任务
2026-05-08 15:23:45 - chaos - INFO - ============================================================
2026-05-08 15:23:45 - chaos - INFO - [DEBUG] 开始执行任务: UPU Master 数据包重排序 (reorder_upu_master)
2026-05-08 15:23:45 - chaos - INFO - [DEBUG] 任务类型: network, 故障类型: reorder
2026-05-08 15:23:45 - chaos - INFO - [DEBUG] 目标: Pod: upu-master
2026-05-08 15:23:45 - chaos - INFO - [DEBUG] Duration: 240s, Loop: 1
2026-05-08 15:23:45 - chaos - INFO - [DEBUG] 任务超时时间: 300.0s
2026-05-08 15:23:45 - chaos - INFO - [DEBUG] ========== 开始执行 Case ==========
2026-05-08 15:23:45 - chaos - INFO - [DEBUG] Case名称: upu_master_reorder
2026-05-08 15:23:45 - chaos - INFO - [DEBUG] Case类型: network
2026-05-08 15:23:45 - chaos - INFO - [DEBUG] 故障类型: reorder
2026-05-08 15:23:45 - chaos - INFO - [DEBUG] 环境: 1_ssh_remote
2026-05-08 15:23:45 - chaos - INFO - [DEBUG] 执行 Case 迭代 1/1
2026-05-08 15:23:45 - chaos - INFO - [DEBUG] 开始获取目标列表...
2026-05-08 15:23:45 - chaos.utils.remote - INFO - 连接 root@10.230.246.167:50163 不可用，需要重连
2026-05-08 15:23:45 - chaos.utils.remote - INFO - 尝试重连: root@10.230.246.167:50163
2026-05-08 15:23:46 - chaos.utils.remote - INFO - SSH连接建立成功: 10.230.246.167:50163, 耗时: 0.10s
2026-05-08 15:23:46 - chaos.utils.remote - INFO - 重连成功: root@10.230.246.167:50163
2026-05-08 15:23:46 - chaos - INFO - 获取 UPU Pod 列表，namespace: ns-dupf, filter_type: upu-master
2026-05-08 15:23:39 - chaos - INFO - 找到 9 个 UPU Pod（过滤类型：upu-master）
2026-05-08 15:23:39 - chaos - INFO - 随机选择 Pod: dupf-upu-dupf03-7-66d56d9698-k4gwz
2026-05-08 15:23:39 - chaos - INFO - [DEBUG] 找到 1 个目标
2026-05-08 15:23:39 - chaos - INFO - [DEBUG] ---------- 处理目标 1/1 ----------
2026-05-08 15:23:39 - chaos - INFO - [DEBUG] 目标名称: dupf-upu-dupf03-7-66d56d9698-k4gwz
2026-05-08 15:23:39 - chaos - INFO - [DEBUG] 目标节点: None
2026-05-08 15:23:39 - chaos - INFO - [DEBUG] 创建故障注入器...
2026-05-08 15:23:39 - chaos - INFO - [DEBUG] 准备注入故障...
2026-05-08 15:23:39 - chaos - INFO - [DEBUG] 注入参数: {'fault_type': 'reorder', 'correlation': ['10%', '90%'], 'gap': [1, 10], 'percent': ['0.5%', '10%']}
2026-05-08 15:23:39 - chaos - INFO - 获取 Pod dupf-upu-dupf03-7-66d56d9698-k4gwz 的 pause 容器 ID
2026-05-08 15:23:39 - chaos - INFO - 获取 Pod dupf-upu-dupf03-7-66d56d9698-k4gwz 所在的节点，namespace: ns-dupf
2026-05-08 15:23:40 - chaos - INFO - Pod dupf-upu-dupf03-7-66d56d9698-k4gwz 运行在节点 dupf03
2026-05-08 15:23:40 - chaos - INFO - Pod dupf-upu-dupf03-7-66d56d9698-k4gwz 运行在节点 dupf03
2026-05-08 15:23:40 - chaos - INFO - 找到节点 dupf03 对应的环境: 3_ssh_remote
2026-05-08 15:23:40 - chaos - INFO - 解析后的 pause 容器 ID: 6249efe1833e
2026-05-08 15:23:40 - chaos - INFO - 获取容器的 PID
2026-05-08 15:23:40 - chaos - INFO - 容器 ID: 6249efe1833e
2026-05-08 15:23:40 - chaos - INFO - 提取的容器 PID: 32572
2026-05-08 15:23:40 - chaos - INFO - 为 Pod dupf-upu-dupf03-7-66d56d9698-k4gwz 注入网络数据包重排序
2026-05-08 15:23:40 - chaos - INFO - 重排序比例: 8.64%
2026-05-08 15:23:40 - chaos - INFO - 相关性: 58%
2026-05-08 15:23:40 - chaos - INFO - Gap: 3
2026-05-08 15:23:40 - chaos - INFO - tc 命令: tc qdisc add dev eth0 root netem delay 100ms reorder 8.64% 58% gap 3
2026-05-08 15:23:40 - chaos - INFO - 网络数据包重排序注入成功
2026-05-08 15:23:40 - chaos - INFO - [DEBUG] 故障注入成功
2026-05-08 15:23:40 - chaos - INFO - [DEBUG] 故障ID: reorder_dupf-upu-dupf03-7-66d56d9698-k4gwz_ns-dupf_1778225019
2026-05-08 15:23:40 - chaos - INFO - 记录故障：reorder_dupf-upu-dupf03-7-66d56d9698-k4gwz_ns-dupf_1778225019
2026-05-08 15:23:40 - chaos - INFO - [DEBUG] 开始等待 duration: 240s (240.0秒)
2026-05-08 15:27:40 - chaos - INFO - [DEBUG] duration 等待完成
2026-05-08 15:27:40 - chaos - INFO - [DEBUG] 开始清理故障: reorder_dupf-upu-dupf03-7-66d56d9698-k4gwz_ns-dupf_1778225019
2026-05-08 15:27:40 - chaos - INFO - 获取 Pod dupf-upu-dupf03-7-66d56d9698-k4gwz 的 pause 容器 ID
2026-05-08 15:27:40 - chaos - INFO - 获取 Pod dupf-upu-dupf03-7-66d56d9698-k4gwz 所在的节点，namespace: ns-dupf
2026-05-08 15:27:40 - chaos - INFO - Pod dupf-upu-dupf03-7-66d56d9698-k4gwz 运行在节点 dupf03
2026-05-08 15:27:40 - chaos - INFO - Pod dupf-upu-dupf03-7-66d56d9698-k4gwz 运行在节点 dupf03
2026-05-08 15:27:40 - chaos - INFO - 找到节点 dupf03 对应的环境: 3_ssh_remote
2026-05-08 15:27:40 - chaos - INFO - 解析后的 pause 容器 ID: 6249efe1833e
2026-05-08 15:27:40 - chaos - INFO - 获取容器的 PID
2026-05-08 15:27:40 - chaos - INFO - 容器 ID: 6249efe1833e
2026-05-08 15:27:40 - chaos - INFO - 提取的容器 PID: 32572
2026-05-08 15:27:40 - chaos - INFO - 恢复网络故障：reorder_dupf-upu-dupf03-7-66d56d9698-k4gwz_ns-dupf_1778225019
2026-05-08 15:27:40 - chaos - INFO - [DEBUG] 故障清理成功: reorder_dupf-upu-dupf03-7-66d56d9698-k4gwz_ns-dupf_1778225019
2026-05-08 15:27:40 - chaos - INFO - 标记故障已恢复：reorder_dupf-upu-dupf03-7-66d56d9698-k4gwz_ns-dupf_1778225019
2026-05-08 15:27:40 - chaos - INFO - 任务执行成功: UPU Master 数据包重排序 (耗时: 235.06s)
2026-05-08 15:27:40 - chaos - INFO - 层间等待 10.0s
2026-05-08 15:27:51 - chaos - INFO - 
============================================================
2026-05-08 15:27:51 - chaos - INFO - 执行第 2/2 层，共 1 个任务
2026-05-08 15:27:51 - chaos - INFO - ============================================================
2026-05-08 15:27:51 - chaos - INFO - [DEBUG] 开始执行任务: UPU Slave 数据包重排序 (reorder_upu_slave)
2026-05-08 15:27:51 - chaos - INFO - [DEBUG] 任务类型: network, 故障类型: reorder
2026-05-08 15:27:51 - chaos - INFO - [DEBUG] 目标: Pod: upu-slave
2026-05-08 15:27:51 - chaos - INFO - [DEBUG] Duration: 240s, Loop: 1
2026-05-08 15:27:51 - chaos - INFO - [DEBUG] 任务超时时间: 300.0s
2026-05-08 15:27:51 - chaos - INFO - [DEBUG] ========== 开始执行 Case ==========
2026-05-08 15:27:51 - chaos - INFO - [DEBUG] Case名称: upu_slave_reorder
2026-05-08 15:27:51 - chaos - INFO - [DEBUG] Case类型: network
2026-05-08 15:27:51 - chaos - INFO - [DEBUG] 故障类型: reorder
2026-05-08 15:27:51 - chaos - INFO - [DEBUG] 环境: 1_ssh_remote
2026-05-08 15:27:51 - chaos - INFO - [DEBUG] 执行 Case 迭代 1/1
2026-05-08 15:27:51 - chaos - INFO - [DEBUG] 开始获取目标列表...
2026-05-08 15:27:51 - chaos - INFO - 获取 UPU Pod 列表，namespace: ns-dupf, filter_type: upu-slave
2026-05-08 15:27:51 - chaos - INFO - 找到 3 个 UPU Pod（过滤类型：upu-slave）
2026-05-08 15:27:51 - chaos - INFO - 随机选择 Pod: dupf-upu-dupf04-12-56b5ddb4fb-2j4rs
2026-05-08 15:27:51 - chaos - INFO - [DEBUG] 找到 1 个目标
2026-05-08 15:27:51 - chaos - INFO - [DEBUG] ---------- 处理目标 1/1 ----------
2026-05-08 15:27:51 - chaos - INFO - [DEBUG] 目标名称: dupf-upu-dupf04-12-56b5ddb4fb-2j4rs
2026-05-08 15:27:51 - chaos - INFO - [DEBUG] 目标节点: None
2026-05-08 15:27:51 - chaos - INFO - [DEBUG] 创建故障注入器...
2026-05-08 15:27:51 - chaos - INFO - [DEBUG] 准备注入故障...
2026-05-08 15:27:51 - chaos - INFO - [DEBUG] 注入参数: {'fault_type': 'reorder', 'correlation': ['10%', '90%'], 'gap': [1, 10], 'percent': ['0.5%', '10%']}
2026-05-08 15:27:51 - chaos - INFO - 获取 Pod dupf-upu-dupf04-12-56b5ddb4fb-2j4rs 的 pause 容器 ID
2026-05-08 15:27:51 - chaos - INFO - 获取 Pod dupf-upu-dupf04-12-56b5ddb4fb-2j4rs 所在的节点，namespace: ns-dupf
2026-05-08 15:27:51 - chaos - INFO - Pod dupf-upu-dupf04-12-56b5ddb4fb-2j4rs 运行在节点 dupf04
2026-05-08 15:27:51 - chaos - INFO - Pod dupf-upu-dupf04-12-56b5ddb4fb-2j4rs 运行在节点 dupf04
2026-05-08 15:27:51 - chaos - INFO - 找到节点 dupf04 对应的环境: 4_ssh_remote
2026-05-08 15:27:51 - chaos - INFO - 解析后的 pause 容器 ID: c3819a29fa54
2026-05-08 15:27:51 - chaos - INFO - 获取容器的 PID
2026-05-08 15:27:51 - chaos - INFO - 容器 ID: c3819a29fa54
2026-05-08 15:27:51 - chaos - INFO - 提取的容器 PID: 56483
2026-05-08 15:27:51 - chaos - INFO - 为 Pod dupf-upu-dupf04-12-56b5ddb4fb-2j4rs 注入网络数据包重排序
2026-05-08 15:27:51 - chaos - INFO - 重排序比例: 6.49%
2026-05-08 15:27:51 - chaos - INFO - 相关性: 75%
2026-05-08 15:27:51 - chaos - INFO - Gap: 1
2026-05-08 15:27:51 - chaos - INFO - tc 命令: tc qdisc add dev eth0 root netem delay 100ms reorder 6.49% 75% gap 1
2026-05-08 15:27:51 - chaos - INFO - 网络数据包重排序注入成功
2026-05-08 15:27:51 - chaos - INFO - [DEBUG] 故障注入成功
2026-05-08 15:27:51 - chaos - INFO - [DEBUG] 故障ID: reorder_dupf-upu-dupf04-12-56b5ddb4fb-2j4rs_ns-dupf_1778225271
2026-05-08 15:27:51 - chaos - INFO - 记录故障：reorder_dupf-upu-dupf04-12-56b5ddb4fb-2j4rs_ns-dupf_1778225271
2026-05-08 15:27:51 - chaos - INFO - [DEBUG] 开始等待 duration: 240s (240.0秒)
2026-05-08 15:31:51 - chaos - INFO - [DEBUG] duration 等待完成
2026-05-08 15:31:51 - chaos - INFO - [DEBUG] 开始清理故障: reorder_dupf-upu-dupf04-12-56b5ddb4fb-2j4rs_ns-dupf_1778225271
2026-05-08 15:31:51 - chaos - INFO - 获取 Pod dupf-upu-dupf04-12-56b5ddb4fb-2j4rs 的 pause 容器 ID
2026-05-08 15:31:51 - chaos - INFO - 获取 Pod dupf-upu-dupf04-12-56b5ddb4fb-2j4rs 所在的节点，namespace: ns-dupf
2026-05-08 15:31:52 - chaos - INFO - Pod dupf-upu-dupf04-12-56b5ddb4fb-2j4rs 运行在节点 dupf04
2026-05-08 15:31:52 - chaos - INFO - Pod dupf-upu-dupf04-12-56b5ddb4fb-2j4rs 运行在节点 dupf04
2026-05-08 15:31:52 - chaos - INFO - 找到节点 dupf04 对应的环境: 4_ssh_remote
2026-05-08 15:31:52 - chaos - INFO - 解析后的 pause 容器 ID: c3819a29fa54
2026-05-08 15:31:52 - chaos - INFO - 获取容器的 PID
2026-05-08 15:31:52 - chaos - INFO - 容器 ID: c3819a29fa54
2026-05-08 15:31:52 - chaos - INFO - 提取的容器 PID: 56483
2026-05-08 15:31:52 - chaos - INFO - 恢复网络故障：reorder_dupf-upu-dupf04-12-56b5ddb4fb-2j4rs_ns-dupf_1778225271
2026-05-08 15:31:52 - chaos - INFO - [DEBUG] 故障清理成功: reorder_dupf-upu-dupf04-12-56b5ddb4fb-2j4rs_ns-dupf_1778225271
2026-05-08 15:31:52 - chaos - INFO - 标记故障已恢复：reorder_dupf-upu-dupf04-12-56b5ddb4fb-2j4rs_ns-dupf_1778225271
2026-05-08 15:31:52 - chaos - INFO - 任务执行成功: UPU Slave 数据包重排序 (耗时: 241.35s)
2026-05-08 15:31:52 - chaos - INFO - 
================================================================================
                           Workflow Execution Report                            
================================================================================
Workflow ID    : upu_serial_network_reorder_001
Workflow Name  : UPU 串行网络数据包重排序工作流
Status         : SUCCESS
Start Time     : 2026-05-08 15:23:35
End Time       : 2026-05-08 15:31:52
Total Duration : 496.46s
Success Rate   : 100.00%
================================================================================

Task Results:
--------------------------------------------------------------------------------
  [SUCCESS ] UPU Master 数据包重排序              Duration: 235.06s  Group: N/A
  [SUCCESS ] UPU Slave 数据包重排序               Duration: 241.35s  Group: N/A

================================================================================
Summary Statistics
================================================================================
Total Tasks    : 2
Success        : 2
Failed         : 0
Timeout        : 0
Skipped        : 0
================================================================================
2026-05-08 15:31:52 - chaos - INFO - ============================================================
2026-05-08 15:31:52 - chaos - INFO - 执行 workflow 级别的 auto_clear
2026-05-08 15:31:52 - chaos - INFO - ============================================================
2026-05-08 15:31:52 - chaos - INFO - 需要清理的环境: 1_ssh_remote
2026-05-08 15:31:52 - chaos - INFO - 清理环境 1_ssh_remote 的网络故障...
2026-05-08 15:31:52 - chaos - INFO - 获取 Pod 列表，namespace: ns-dupf, nodename: dupf01
2026-05-08 15:31:52 - chaos - INFO - 找到 15 个 Pod
2026-05-08 15:31:52 - chaos - INFO - 找到 15 个 pod
2026-05-08 15:31:52 - chaos - INFO - 清除 Pod dupf-ddb-shd-0-2 的网络故障
2026-05-08 15:31:52 - chaos - INFO - 命名空间: ns-dupf, 网络设备: eth0
2026-05-08 15:31:52 - chaos - INFO - 获取 Pod dupf-ddb-shd-0-2 的 pause 容器 ID
2026-05-08 15:31:52 - chaos - INFO - 解析后的 pause 容器 ID: 11b9bcfdcc7d
2026-05-08 15:31:52 - chaos - INFO - 获取容器的 PID
2026-05-08 15:31:52 - chaos - INFO - 容器 ID: 11b9bcfdcc7d
2026-05-08 15:31:52 - chaos - INFO - 提取的容器 PID: 56490
2026-05-08 15:31:53 - chaos - INFO - Pod dupf-ddb-shd-0-2 的网络故障清除成功
2026-05-08 15:31:53 - chaos - INFO - 清除 Pod dupf-ddb-shd-2-0 的网络故障
2026-05-08 15:31:53 - chaos - INFO - 命名空间: ns-dupf, 网络设备: eth0
2026-05-08 15:31:53 - chaos - INFO - 获取 Pod dupf-ddb-shd-2-0 的 pause 容器 ID
2026-05-08 15:31:53 - chaos - INFO - 解析后的 pause 容器 ID: eb6741339149
2026-05-08 15:31:53 - chaos - INFO - 获取容器的 PID
2026-05-08 15:31:53 - chaos - INFO - 容器 ID: eb6741339149
2026-05-08 15:31:53 - chaos - INFO - 提取的容器 PID: 60135
2026-05-08 15:31:53 - chaos - INFO - Pod dupf-ddb-shd-2-0 的网络故障清除成功
2026-05-08 15:31:53 - chaos - INFO - 清除 Pod dupf-etcd-2 的网络故障
2026-05-08 15:31:53 - chaos - INFO - 命名空间: ns-dupf, 网络设备: eth0
2026-05-08 15:31:53 - chaos - INFO - 获取 Pod dupf-etcd-2 的 pause 容器 ID
2026-05-08 15:31:53 - chaos - INFO - 解析后的 pause 容器 ID: 3cc8373b2962
2026-05-08 15:31:53 - chaos - INFO - 获取容器的 PID
2026-05-08 15:31:53 - chaos - INFO - 容器 ID: 3cc8373b2962
2026-05-08 15:31:53 - chaos - INFO - 提取的容器 PID: 52344
2026-05-08 15:31:53 - chaos - INFO - Pod dupf-etcd-2 的网络故障清除成功
2026-05-08 15:31:53 - chaos - INFO - 清除 Pod dupf-file-sync-cp7xf 的网络故障
2026-05-08 15:31:53 - chaos - INFO - 命名空间: ns-dupf, 网络设备: eth0
2026-05-08 15:31:53 - chaos - INFO - 获取 Pod dupf-file-sync-cp7xf 的 pause 容器 ID
2026-05-08 15:31:53 - chaos - INFO - 解析后的 pause 容器 ID: d0ea761e5e4e
2026-05-08 15:31:53 - chaos - INFO - 获取容器的 PID
2026-05-08 15:31:53 - chaos - INFO - 容器 ID: d0ea761e5e4e
2026-05-08 15:31:53 - chaos - INFO - 提取的容器 PID: 55694
2026-05-08 15:31:54 - chaos - INFO - Pod dupf-file-sync-cp7xf 的网络故障清除成功
2026-05-08 15:31:54 - chaos - INFO - 清除 Pod dupf-node-monitor-67qq8 的网络故障
2026-05-08 15:31:54 - chaos - INFO - 命名空间: ns-dupf, 网络设备: eth0
2026-05-08 15:31:54 - chaos - INFO - 获取 Pod dupf-node-monitor-67qq8 的 pause 容器 ID
2026-05-08 15:31:54 - chaos - INFO - 解析后的 pause 容器 ID: 511f0726aca2
2026-05-08 15:31:54 - chaos - INFO - 获取容器的 PID
2026-05-08 15:31:54 - chaos - INFO - 容器 ID: 511f0726aca2
2026-05-08 15:31:54 - chaos - INFO - 提取的容器 PID: 55791
2026-05-08 15:31:54 - chaos - INFO - Pod dupf-node-monitor-67qq8 的网络故障清除成功
2026-05-08 15:31:54 - chaos - INFO - 清除 Pod dupf-prometheus-7f486d9788-856l7 的网络故障
2026-05-08 15:31:54 - chaos - INFO - 命名空间: ns-dupf, 网络设备: eth0
2026-05-08 15:31:54 - chaos - INFO - 获取 Pod dupf-prometheus-7f486d9788-856l7 的 pause 容器 ID
2026-05-08 15:31:54 - chaos - INFO - 解析后的 pause 容器 ID: 64a24fc1308b
2026-05-08 15:31:54 - chaos - INFO - 获取容器的 PID
2026-05-08 15:31:54 - chaos - INFO - 容器 ID: 64a24fc1308b
2026-05-08 15:31:54 - chaos - INFO - 提取的容器 PID: 52912
2026-05-08 15:31:54 - chaos - INFO - Pod dupf-prometheus-7f486d9788-856l7 的网络故障清除成功
2026-05-08 15:31:54 - chaos - INFO - 清除 Pod dupf-registry-center-2 的网络故障
2026-05-08 15:31:54 - chaos - INFO - 命名空间: ns-dupf, 网络设备: eth0
2026-05-08 15:31:54 - chaos - INFO - 获取 Pod dupf-registry-center-2 的 pause 容器 ID
2026-05-08 15:31:54 - chaos - INFO - 解析后的 pause 容器 ID: 09cccee66afb
2026-05-08 15:31:54 - chaos - INFO - 获取容器的 PID
2026-05-08 15:31:54 - chaos - INFO - 容器 ID: 09cccee66afb
2026-05-08 15:32:02 - chaos - INFO - 提取的容器 PID: 8097
2026-05-08 15:32:02 - chaos - INFO - Pod dupf-registry-center-2 的网络故障清除成功
2026-05-08 15:32:02 - chaos - INFO - 清除 Pod dupf-sdb-1 的网络故障
2026-05-08 15:32:02 - chaos - INFO - 命名空间: ns-dupf, 网络设备: eth0
2026-05-08 15:32:02 - chaos - INFO - 获取 Pod dupf-sdb-1 的 pause 容器 ID
2026-05-08 15:32:02 - chaos - INFO - 解析后的 pause 容器 ID: c83947f725c5
2026-05-08 15:32:02 - chaos - INFO - 获取容器的 PID
2026-05-08 15:32:02 - chaos - INFO - 容器 ID: c83947f725c5
2026-05-08 15:31:55 - chaos - INFO - 提取的容器 PID: 56495
2026-05-08 15:31:55 - chaos - INFO - Pod dupf-sdb-1 的网络故障清除成功
2026-05-08 15:31:55 - chaos - INFO - 清除 Pod dupf-sdb-sentinel-2 的网络故障
2026-05-08 15:31:55 - chaos - INFO - 命名空间: ns-dupf, 网络设备: eth0
2026-05-08 15:31:55 - chaos - INFO - 获取 Pod dupf-sdb-sentinel-2 的 pause 容器 ID
2026-05-08 15:31:55 - chaos - INFO - 解析后的 pause 容器 ID: 45a2fb40f9c3
2026-05-08 15:31:55 - chaos - INFO - 获取容器的 PID
2026-05-08 15:31:55 - chaos - INFO - 容器 ID: 45a2fb40f9c3
2026-05-08 15:31:55 - chaos - INFO - 提取的容器 PID: 56485
2026-05-08 15:31:55 - chaos - INFO - Pod dupf-sdb-sentinel-2 的网络故障清除成功
2026-05-08 15:31:55 - chaos - INFO - 清除 Pod dupf-sf-mq-proxy-2 的网络故障
2026-05-08 15:31:55 - chaos - INFO - 命名空间: ns-dupf, 网络设备: eth0
2026-05-08 15:31:55 - chaos - INFO - 获取 Pod dupf-sf-mq-proxy-2 的 pause 容器 ID
2026-05-08 15:31:55 - chaos - INFO - 解析后的 pause 容器 ID: aedeffcae771
2026-05-08 15:31:55 - chaos - INFO - 获取容器的 PID
2026-05-08 15:31:55 - chaos - INFO - 容器 ID: aedeffcae771
2026-05-08 15:31:55 - chaos - INFO - 提取的容器 PID: 59302
2026-05-08 15:31:55 - chaos - INFO - Pod dupf-sf-mq-proxy-2 的网络故障清除成功
2026-05-08 15:31:55 - chaos - INFO - 清除 Pod dupf-upc-5c84ff589c-btt52 的网络故障
2026-05-08 15:31:55 - chaos - INFO - 命名空间: ns-dupf, 网络设备: eth0
2026-05-08 15:31:55 - chaos - INFO - 获取 Pod dupf-upc-5c84ff589c-btt52 的 pause 容器 ID
2026-05-08 15:31:56 - chaos - INFO - 解析后的 pause 容器 ID: 30deac2c6220
2026-05-08 15:31:56 - chaos - INFO - 获取容器的 PID
2026-05-08 15:31:56 - chaos - INFO - 容器 ID: 30deac2c6220
2026-05-08 15:31:56 - chaos - INFO - 提取的容器 PID: 53503
2026-05-08 15:31:56 - chaos - INFO - Pod dupf-upc-5c84ff589c-btt52 的网络故障清除成功
2026-05-08 15:31:56 - chaos - INFO - 清除 Pod dupf-upc-5c84ff589c-fqnf7 的网络故障
2026-05-08 15:31:56 - chaos - INFO - 命名空间: ns-dupf, 网络设备: eth0
2026-05-08 15:31:56 - chaos - INFO - 获取 Pod dupf-upc-5c84ff589c-fqnf7 的 pause 容器 ID
2026-05-08 15:31:56 - chaos - INFO - 解析后的 pause 容器 ID: 6f392aa15848
2026-05-08 15:31:56 - chaos - INFO - 获取容器的 PID
2026-05-08 15:31:56 - chaos - INFO - 容器 ID: 6f392aa15848
2026-05-08 15:31:56 - chaos - INFO - 提取的容器 PID: 53471
2026-05-08 15:31:56 - chaos - INFO - Pod dupf-upc-5c84ff589c-fqnf7 的网络故障清除成功
2026-05-08 15:31:56 - chaos - INFO - 清除 Pod dupf-upu-dupf01-1-7578c56d88-dd8qf 的网络故障
2026-05-08 15:31:56 - chaos - INFO - 命名空间: ns-dupf, 网络设备: eth0
2026-05-08 15:31:56 - chaos - INFO - 获取 Pod dupf-upu-dupf01-1-7578c56d88-dd8qf 的 pause 容器 ID
2026-05-08 15:31:56 - chaos - INFO - 解析后的 pause 容器 ID: d8c18e184701
2026-05-08 15:31:56 - chaos - INFO - 获取容器的 PID
2026-05-08 15:31:56 - chaos - INFO - 容器 ID: d8c18e184701
2026-05-08 15:31:56 - chaos - INFO - 提取的容器 PID: 54289
2026-05-08 15:31:56 - chaos - INFO - Pod dupf-upu-dupf01-1-7578c56d88-dd8qf 的网络故障清除成功
2026-05-08 15:31:56 - chaos - INFO - 清除 Pod dupf-upu-dupf01-2-7cd9b494c-5wrzj 的网络故障
2026-05-08 15:31:56 - chaos - INFO - 命名空间: ns-dupf, 网络设备: eth0
2026-05-08 15:31:56 - chaos - INFO - 获取 Pod dupf-upu-dupf01-2-7cd9b494c-5wrzj 的 pause 容器 ID
2026-05-08 15:31:57 - chaos - INFO - 解析后的 pause 容器 ID: 045e1b477bbf
2026-05-08 15:31:57 - chaos - INFO - 获取容器的 PID
2026-05-08 15:31:57 - chaos - INFO - 容器 ID: 045e1b477bbf
2026-05-08 15:31:57 - chaos - INFO - 提取的容器 PID: 33786
2026-05-08 15:31:57 - chaos - INFO - Pod dupf-upu-dupf01-2-7cd9b494c-5wrzj 的网络故障清除成功
2026-05-08 15:31:57 - chaos - INFO - 清除 Pod dupf-upu-dupf01-3-585d949f88-x9fdd 的网络故障
2026-05-08 15:31:57 - chaos - INFO - 命名空间: ns-dupf, 网络设备: eth0
2026-05-08 15:31:57 - chaos - INFO - 获取 Pod dupf-upu-dupf01-3-585d949f88-x9fdd 的 pause 容器 ID
2026-05-08 15:31:57 - chaos - INFO - 解析后的 pause 容器 ID: df4f22e1420a
2026-05-08 15:31:57 - chaos - INFO - 获取容器的 PID
2026-05-08 15:31:57 - chaos - INFO - 容器 ID: df4f22e1420a
2026-05-08 15:31:57 - chaos - INFO - 提取的容器 PID: 54597
2026-05-08 15:31:57 - chaos - INFO - Pod dupf-upu-dupf01-3-585d949f88-x9fdd 的网络故障清除成功
2026-05-08 15:31:57 - chaos - INFO - 环境 1_ssh_remote 网络故障清除完成：成功 15, 失败 0
2026-05-08 15:31:57 - chaos - INFO - ============================================================
2026-05-08 15:31:57 - chaos - INFO - workflow 级别的 auto_clear 完成
2026-05-08 15:31:57 - chaos - INFO - ============================================================
2026-05-08 15:31:57 - chaos - INFO - 
================================================================================
2026-05-08 15:31:57 - chaos - INFO - 执行workflow: cases/upu/upu-master_upu-slave/workflow_serial_stop_upu-master_upu-slave.yaml
2026-05-08 15:31:57 - chaos - INFO - ================================================================================
2026-05-08 15:31:57 - chaos - INFO - Successfully parsed workflow: upu_serial_pod_stop_001
2026-05-08 15:31:57 - chaos - INFO - ============================================================
2026-05-08 15:31:57 - chaos - INFO - 开始执行工作流: UPU 串行 Pod 停止工作流
2026-05-08 15:31:57 - chaos - INFO - 工作流 ID: upu_serial_pod_stop_001
2026-05-08 15:31:57 - chaos - INFO - 执行模式: serial
2026-05-08 15:31:57 - chaos - INFO - ============================================================
2026-05-08 15:31:57 - chaos - INFO - 启动延迟 10.0s
2026-05-08 15:32:07 - chaos - INFO - 执行计划: 共 2 层
2026-05-08 15:32:07 - chaos - INFO - 
============================================================
2026-05-08 15:32:07 - chaos - INFO - 执行第 1/2 层，共 1 个任务
2026-05-08 15:32:07 - chaos - INFO - ============================================================
2026-05-08 15:32:07 - chaos - INFO - [DEBUG] 开始执行任务: UPU Master Pod 停止 (stop_upu_master)
2026-05-08 15:32:07 - chaos - INFO - [DEBUG] 任务类型: pod, 故障类型: stop
2026-05-08 15:32:07 - chaos - INFO - [DEBUG] 目标: Pod: upu-master
2026-05-08 15:32:07 - chaos - INFO - [DEBUG] Duration: 240s, Loop: 1
2026-05-08 15:32:07 - chaos - INFO - [DEBUG] 任务超时时间: 300.0s
2026-05-08 15:32:07 - chaos - INFO - [DEBUG] ========== 开始执行 Case ==========
2026-05-08 15:32:07 - chaos - INFO - [DEBUG] Case名称: upu_master_stop
2026-05-08 15:32:07 - chaos - INFO - [DEBUG] Case类型: pod
2026-05-08 15:32:07 - chaos - INFO - [DEBUG] 故障类型: stop
2026-05-08 15:32:07 - chaos - INFO - [DEBUG] 环境: 1_ssh_remote
2026-05-08 15:32:07 - chaos - INFO - [DEBUG] 执行 Case 迭代 1/1
2026-05-08 15:32:07 - chaos - INFO - [DEBUG] 开始获取目标列表...
2026-05-08 15:32:07 - chaos.utils.remote - INFO - 连接 root@10.230.246.167:50163 不可用，需要重连
2026-05-08 15:32:07 - chaos.utils.remote - INFO - 尝试重连: root@10.230.246.167:50163
2026-05-08 15:32:07 - chaos.utils.remote - INFO - SSH连接建立成功: 10.230.246.167:50163, 耗时: 0.10s
2026-05-08 15:32:07 - chaos.utils.remote - INFO - 重连成功: root@10.230.246.167:50163
2026-05-08 15:32:07 - chaos - INFO - 获取 UPU Pod 列表，namespace: ns-dupf, filter_type: upu-master
2026-05-08 15:32:08 - chaos - INFO - 找到 9 个 UPU Pod（过滤类型：upu-master）
2026-05-08 15:32:08 - chaos - INFO - 随机选择 Pod: dupf-upu-dupf03-7-66d56d9698-k4gwz
2026-05-08 15:32:08 - chaos - INFO - [DEBUG] 找到 1 个目标
2026-05-08 15:32:08 - chaos - INFO - [DEBUG] ---------- 处理目标 1/1 ----------
2026-05-08 15:32:08 - chaos - INFO - [DEBUG] 目标名称: dupf-upu-dupf03-7-66d56d9698-k4gwz
2026-05-08 15:32:08 - chaos - INFO - [DEBUG] 目标节点: None
2026-05-08 15:32:08 - chaos - INFO - [DEBUG] 创建故障注入器...
2026-05-08 15:32:08 - chaos - INFO - [DEBUG] 准备注入故障...
2026-05-08 15:32:08 - chaos - INFO - [DEBUG] 注入参数: {'fault_type': 'stop'}
2026-05-08 15:32:08 - chaos - INFO - 获取 Pod dupf-upu-dupf03-7-66d56d9698-k4gwz 所在的节点名称
2026-05-08 15:32:08 - chaos - INFO - Pod dupf-upu-dupf03-7-66d56d9698-k4gwz 所在的节点: dupf03
2026-05-08 15:32:08 - chaos - INFO - 找到匹配的环境: 3_ssh_remote
2026-05-08 15:32:08 - chaos - INFO - 获取 Pod dupf-upu-dupf03-7-66d56d9698-k4gwz 的容器 ID
2026-05-08 15:32:08 - chaos - INFO - 容器 ID: 5efb0e1bc114a215ef95d3084c525cafe2443f575b696164a23aabc996d9f72e
2026-05-08 15:32:08 - chaos - INFO - 停止容器 5efb0e1bc114a215ef95d3084c525cafe2443f575b696164a23aabc996d9f72e
2026-05-08 15:32:15 - chaos - INFO - 容器 5efb0e1bc114a215ef95d3084c525cafe2443f575b696164a23aabc996d9f72e 停止成功
2026-05-08 15:32:15 - chaos - INFO - [DEBUG] 故障注入成功
2026-05-08 15:32:15 - chaos - INFO - [DEBUG] 故障ID: stop_dupf-upu-dupf03-7-66d56d9698-k4gwz_ns-dupf_1778225528
2026-05-08 15:32:15 - chaos - INFO - 记录故障：stop_dupf-upu-dupf03-7-66d56d9698-k4gwz_ns-dupf_1778225528
2026-05-08 15:32:15 - chaos - INFO - [DEBUG] 开始等待 duration: 240s (240.0秒)
2026-05-08 15:36:23 - chaos - INFO - [DEBUG] duration 等待完成
2026-05-08 15:36:23 - chaos - INFO - [DEBUG] 开始清理故障: stop_dupf-upu-dupf03-7-66d56d9698-k4gwz_ns-dupf_1778225528
2026-05-08 15:36:23 - chaos - INFO - 恢复停止的容器，故障 ID: stop_dupf-upu-dupf03-7-66d56d9698-k4gwz_ns-dupf_1778225528
2026-05-08 15:36:23 - chaos - INFO - 启动容器 5efb0e1bc114a215ef95d3084c525cafe2443f575b696164a23aabc996d9f72e (Pod: dupf-upu-dupf03-7-66d56d9698-k4gwz)
2026-05-08 15:36:15 - chaos - INFO - 容器 5efb0e1bc114a215ef95d3084c525cafe2443f575b696164a23aabc996d9f72e 启动成功
2026-05-08 15:36:15 - chaos - INFO - [DEBUG] 故障清理成功: stop_dupf-upu-dupf03-7-66d56d9698-k4gwz_ns-dupf_1778225528
2026-05-08 15:36:15 - chaos - INFO - 标记故障已恢复：stop_dupf-upu-dupf03-7-66d56d9698-k4gwz_ns-dupf_1778225528
2026-05-08 15:36:15 - chaos - INFO - 任务执行成功: UPU Master Pod 停止 (耗时: 248.38s)
2026-05-08 15:36:15 - chaos - INFO - 层间等待 10.0s
2026-05-08 15:36:25 - chaos - INFO - 
============================================================
2026-05-08 15:36:25 - chaos - INFO - 执行第 2/2 层，共 1 个任务
2026-05-08 15:36:25 - chaos - INFO - ============================================================
2026-05-08 15:36:25 - chaos - INFO - [DEBUG] 开始执行任务: UPU Slave Pod 停止 (stop_upu_slave)
2026-05-08 15:36:25 - chaos - INFO - [DEBUG] 任务类型: pod, 故障类型: stop
2026-05-08 15:36:25 - chaos - INFO - [DEBUG] 目标: Pod: upu-slave
2026-05-08 15:36:25 - chaos - INFO - [DEBUG] Duration: 240s, Loop: 1
2026-05-08 15:36:25 - chaos - INFO - [DEBUG] 任务超时时间: 300.0s
2026-05-08 15:36:25 - chaos - INFO - [DEBUG] ========== 开始执行 Case ==========
2026-05-08 15:36:25 - chaos - INFO - [DEBUG] Case名称: upu_slave_stop
2026-05-08 15:36:25 - chaos - INFO - [DEBUG] Case类型: pod
2026-05-08 15:36:25 - chaos - INFO - [DEBUG] 故障类型: stop
2026-05-08 15:36:25 - chaos - INFO - [DEBUG] 环境: 1_ssh_remote
2026-05-08 15:36:25 - chaos - INFO - [DEBUG] 执行 Case 迭代 1/1
2026-05-08 15:36:25 - chaos - INFO - [DEBUG] 开始获取目标列表...
2026-05-08 15:36:25 - chaos - INFO - 获取 UPU Pod 列表，namespace: ns-dupf, filter_type: upu-slave
2026-05-08 15:36:26 - chaos - INFO - 找到 3 个 UPU Pod（过滤类型：upu-slave）
2026-05-08 15:36:26 - chaos - INFO - 随机选择 Pod: dupf-upu-dupf03-8-c86996c4d-2m78z
2026-05-08 15:36:26 - chaos - INFO - [DEBUG] 找到 1 个目标
2026-05-08 15:36:26 - chaos - INFO - [DEBUG] ---------- 处理目标 1/1 ----------
2026-05-08 15:36:26 - chaos - INFO - [DEBUG] 目标名称: dupf-upu-dupf03-8-c86996c4d-2m78z
2026-05-08 15:36:26 - chaos - INFO - [DEBUG] 目标节点: None
2026-05-08 15:36:26 - chaos - INFO - [DEBUG] 创建故障注入器...
2026-05-08 15:36:26 - chaos - INFO - [DEBUG] 准备注入故障...
2026-05-08 15:36:26 - chaos - INFO - [DEBUG] 注入参数: {'fault_type': 'stop'}
2026-05-08 15:36:26 - chaos - INFO - 获取 Pod dupf-upu-dupf03-8-c86996c4d-2m78z 所在的节点名称
2026-05-08 15:36:26 - chaos - INFO - Pod dupf-upu-dupf03-8-c86996c4d-2m78z 所在的节点: dupf03
2026-05-08 15:36:26 - chaos - INFO - 找到匹配的环境: 3_ssh_remote
2026-05-08 15:36:26 - chaos - INFO - 获取 Pod dupf-upu-dupf03-8-c86996c4d-2m78z 的容器 ID
2026-05-08 15:36:26 - chaos - INFO - 容器 ID: bd9ddcb49a287183416b23eca7ee1cefec7bb3c9ceb207595bdf7b1e7fb04afb
2026-05-08 15:36:26 - chaos - INFO - 停止容器 bd9ddcb49a287183416b23eca7ee1cefec7bb3c9ceb207595bdf7b1e7fb04afb
2026-05-08 15:36:33 - chaos - INFO - 容器 bd9ddcb49a287183416b23eca7ee1cefec7bb3c9ceb207595bdf7b1e7fb04afb 停止成功
2026-05-08 15:36:33 - chaos - INFO - [DEBUG] 故障注入成功
2026-05-08 15:36:33 - chaos - INFO - [DEBUG] 故障ID: stop_dupf-upu-dupf03-8-c86996c4d-2m78z_ns-dupf_1778225786
2026-05-08 15:36:33 - chaos - INFO - 记录故障：stop_dupf-upu-dupf03-8-c86996c4d-2m78z_ns-dupf_1778225786
2026-05-08 15:36:33 - chaos - INFO - [DEBUG] 开始等待 duration: 240s (240.0秒)
2026-05-08 15:40:33 - chaos - INFO - [DEBUG] duration 等待完成
2026-05-08 15:40:33 - chaos - INFO - [DEBUG] 开始清理故障: stop_dupf-upu-dupf03-8-c86996c4d-2m78z_ns-dupf_1778225786
2026-05-08 15:40:33 - chaos - INFO - 恢复停止的容器，故障 ID: stop_dupf-upu-dupf03-8-c86996c4d-2m78z_ns-dupf_1778225786
2026-05-08 15:40:33 - chaos - INFO - 启动容器 bd9ddcb49a287183416b23eca7ee1cefec7bb3c9ceb207595bdf7b1e7fb04afb (Pod: dupf-upu-dupf03-8-c86996c4d-2m78z)
2026-05-08 15:40:33 - chaos - INFO - 容器 bd9ddcb49a287183416b23eca7ee1cefec7bb3c9ceb207595bdf7b1e7fb04afb 启动成功
2026-05-08 15:40:33 - chaos - INFO - [DEBUG] 故障清理成功: stop_dupf-upu-dupf03-8-c86996c4d-2m78z_ns-dupf_1778225786
2026-05-08 15:40:33 - chaos - INFO - 标记故障已恢复：stop_dupf-upu-dupf03-8-c86996c4d-2m78z_ns-dupf_1778225786
2026-05-08 15:40:33 - chaos - INFO - 任务执行成功: UPU Slave Pod 停止 (耗时: 247.87s)
2026-05-08 15:40:33 - chaos - INFO - 
================================================================================
                           Workflow Execution Report                            
================================================================================
Workflow ID    : upu_serial_pod_stop_001
Workflow Name  : UPU 串行 Pod 停止工作流
Status         : SUCCESS
Start Time     : 2026-05-08 15:31:57
End Time       : 2026-05-08 15:40:33
Total Duration : 516.31s
Success Rate   : 100.00%
================================================================================

Task Results:
--------------------------------------------------------------------------------
  [SUCCESS ] UPU Master Pod 停止              Duration: 248.38s  Group: N/A
  [SUCCESS ] UPU Slave Pod 停止               Duration: 247.87s  Group: N/A

================================================================================
Summary Statistics
================================================================================
Total Tasks    : 2
Success        : 2
Failed         : 0
Timeout        : 0
Skipped        : 0
================================================================================
2026-05-08 15:40:33 - chaos - INFO - 
================================================================================
2026-05-08 15:40:33 - chaos - INFO - 执行workflow: cases/upu/upu/workflow_parallel_corrupt_upu.yaml
2026-05-08 15:40:33 - chaos - INFO - ================================================================================
2026-05-08 15:40:33 - chaos - INFO - Successfully parsed workflow: upu_parallel_network_corrupt_001
2026-05-08 15:40:33 - chaos - INFO - ============================================================
2026-05-08 15:40:33 - chaos - INFO - 开始执行工作流: UPU 并行网络数据包破坏工作流
2026-05-08 15:40:33 - chaos - INFO - 工作流 ID: upu_parallel_network_corrupt_001
2026-05-08 15:40:33 - chaos - INFO - 执行模式: parallel
2026-05-08 15:40:33 - chaos - INFO - ============================================================
2026-05-08 15:40:33 - chaos - INFO - 启动延迟 10.0s
2026-05-08 15:40:43 - chaos - INFO - 执行计划: 共 1 层
2026-05-08 15:40:43 - chaos - INFO - 
============================================================
2026-05-08 15:40:43 - chaos - INFO - 执行第 1/1 层，共 1 个任务
2026-05-08 15:40:43 - chaos - INFO - ============================================================
2026-05-08 15:40:43 - chaos - INFO - [DEBUG] 开始执行任务: UPU 网络数据包破坏 (corrupt_upu)
2026-05-08 15:40:43 - chaos - INFO - [DEBUG] 任务类型: network, 故障类型: corrupt
2026-05-08 15:40:43 - chaos - INFO - [DEBUG] 目标: Pod: upu
2026-05-08 15:40:43 - chaos - INFO - [DEBUG] Duration: 240s, Loop: 1
2026-05-08 15:40:43 - chaos - INFO - [DEBUG] 任务超时时间: 300.0s
2026-05-08 15:40:43 - chaos - INFO - [DEBUG] ========== 开始执行 Case ==========
2026-05-08 15:40:43 - chaos - INFO - [DEBUG] Case名称: upu_corrupt
2026-05-08 15:40:43 - chaos - INFO - [DEBUG] Case类型: network
2026-05-08 15:40:43 - chaos - INFO - [DEBUG] 故障类型: corrupt
2026-05-08 15:40:43 - chaos - INFO - [DEBUG] 环境: 1_ssh_remote
2026-05-08 15:40:43 - chaos - INFO - [DEBUG] 执行 Case 迭代 1/1
2026-05-08 15:40:43 - chaos - INFO - [DEBUG] 开始获取目标列表...
2026-05-08 15:40:43 - chaos - INFO - 根据名称匹配规则获取 Pod，pattern: upu, namespace: ns-dupf
2026-05-08 15:40:44 - chaos - INFO - 找到包含匹配的 Pod: dupf-upu-dupf01-1-7578c56d88-dd8qf
2026-05-08 15:40:44 - chaos - INFO - 找到包含匹配的 Pod: dupf-upu-dupf01-2-7cd9b494c-5wrzj
2026-05-08 15:40:44 - chaos - INFO - 找到包含匹配的 Pod: dupf-upu-dupf01-3-585d949f88-x9fdd
2026-05-08 15:40:44 - chaos - INFO - 找到包含匹配的 Pod: dupf-upu-dupf02-4-6cf676c74d-vjw2p
2026-05-08 15:40:44 - chaos - INFO - 找到包含匹配的 Pod: dupf-upu-dupf02-5-59f4fcc94-xnnsm
2026-05-08 15:40:44 - chaos - INFO - 找到包含匹配的 Pod: dupf-upu-dupf02-6-958dc9889-mwfpf
2026-05-08 15:40:44 - chaos - INFO - 找到包含匹配的 Pod: dupf-upu-dupf03-7-66d56d9698-k4gwz
2026-05-08 15:40:44 - chaos - INFO - 找到包含匹配的 Pod: dupf-upu-dupf03-8-c86996c4d-2m78z
2026-05-08 15:40:44 - chaos - INFO - 找到包含匹配的 Pod: dupf-upu-dupf03-9-796496f54b-t8vzm
2026-05-08 15:40:44 - chaos - INFO - 找到包含匹配的 Pod: dupf-upu-dupf04-10-d795f9b6d-jvcrm
2026-05-08 15:40:44 - chaos - INFO - 找到包含匹配的 Pod: dupf-upu-dupf04-11-ff6798bf5-9v75t
2026-05-08 15:40:44 - chaos - INFO - 找到包含匹配的 Pod: dupf-upu-dupf04-12-56b5ddb4fb-2j4rs
2026-05-08 15:40:44 - chaos - INFO - 找到 12 个匹配的 Pod
2026-05-08 15:40:44 - chaos - INFO - 随机选择 Pod: dupf-upu-dupf02-6-958dc9889-mwfpf
2026-05-08 15:40:44 - chaos - INFO - [DEBUG] 找到 1 个目标
2026-05-08 15:40:44 - chaos - INFO - [DEBUG] ---------- 处理目标 1/1 ----------
2026-05-08 15:40:44 - chaos - INFO - [DEBUG] 目标名称: dupf-upu-dupf02-6-958dc9889-mwfpf
2026-05-08 15:40:44 - chaos - INFO - [DEBUG] 目标节点: None
2026-05-08 15:40:44 - chaos - INFO - [DEBUG] 创建故障注入器...
2026-05-08 15:40:44 - chaos - INFO - [DEBUG] 准备注入故障...
2026-05-08 15:40:44 - chaos - INFO - [DEBUG] 注入参数: {'fault_type': 'corrupt', 'correlation': ['30%', '90%'], 'percent': ['10%', '90%']}
2026-05-08 15:40:44 - chaos - INFO - [DEBUG] ========== 开始注入网络数据包破坏 ==========
2026-05-08 15:40:44 - chaos - INFO - [DEBUG] Pod名称: dupf-upu-dupf02-6-958dc9889-mwfpf
2026-05-08 15:40:44 - chaos - INFO - [DEBUG] 命名空间: ns-dupf
2026-05-08 15:40:44 - chaos - INFO - [DEBUG] 网卡设备: eth0
2026-05-08 15:40:44 - chaos - INFO - [DEBUG] 损坏比例: 76%, 相关性: 54%
2026-05-08 15:40:44 - chaos - INFO - [DEBUG] 获取 pause 容器 ID...
2026-05-08 15:40:44 - chaos - INFO - 获取 Pod dupf-upu-dupf02-6-958dc9889-mwfpf 的 pause 容器 ID
2026-05-08 15:40:44 - chaos - INFO - 获取 Pod dupf-upu-dupf02-6-958dc9889-mwfpf 所在的节点，namespace: ns-dupf
2026-05-08 15:40:44 - chaos - INFO - Pod dupf-upu-dupf02-6-958dc9889-mwfpf 运行在节点 dupf02
2026-05-08 15:40:44 - chaos - INFO - Pod dupf-upu-dupf02-6-958dc9889-mwfpf 运行在节点 dupf02
2026-05-08 15:40:44 - chaos - INFO - 找到节点 dupf02 对应的环境: 2_ssh_remote
2026-05-08 15:40:44 - chaos - INFO - 解析后的 pause 容器 ID: 7eccc8e257c1
2026-05-08 15:40:44 - chaos - INFO - [DEBUG] pause 容器 ID: 7eccc8e257c1
2026-05-08 15:40:44 - chaos - INFO - [DEBUG] 获取 pause 容器 PID...
2026-05-08 15:40:44 - chaos - INFO - 获取容器的 PID
2026-05-08 15:40:44 - chaos - INFO - 容器 ID: 7eccc8e257c1
2026-05-08 15:40:44 - chaos - INFO - 提取的容器 PID: 60659
2026-05-08 15:40:44 - chaos - INFO - [DEBUG] pause 容器 PID: 60659
2026-05-08 15:40:44 - chaos - INFO - [DEBUG] 为 Pod dupf-upu-dupf02-6-958dc9889-mwfpf 注入网络数据包破坏
2026-05-08 15:40:44 - chaos - INFO - [DEBUG] 损坏比例: 76%
2026-05-08 15:40:44 - chaos - INFO - [DEBUG] 相关性: 54%
2026-05-08 15:40:44 - chaos - INFO - [DEBUG] tc 命令: tc qdisc add dev eth0 root netem corrupt 76% 54%
2026-05-08 15:40:44 - chaos - INFO - [DEBUG] 完整命令: nsenter -t 60659 -n tc qdisc add dev eth0 root netem corrupt 76% 54%
2026-05-08 15:40:44 - chaos - INFO - [DEBUG] 执行 tc 命令...
2026-05-08 15:40:44 - chaos - INFO - [DEBUG] 网络数据包破坏注入成功
2026-05-08 15:40:44 - chaos - INFO - [DEBUG] ========== 网络数据包破坏注入完成 ==========
2026-05-08 15:40:44 - chaos - INFO - [DEBUG] 故障注入成功
2026-05-08 15:40:44 - chaos - INFO - [DEBUG] 故障ID: corrupt_dupf-upu-dupf02-6-958dc9889-mwfpf_ns-dupf_1778226044
2026-05-08 15:40:44 - chaos - INFO - 记录故障：corrupt_dupf-upu-dupf02-6-958dc9889-mwfpf_ns-dupf_1778226044
2026-05-08 15:40:44 - chaos - INFO - [DEBUG] 开始等待 duration: 240s (240.0秒)
2026-05-08 15:44:44 - chaos - INFO - [DEBUG] duration 等待完成
2026-05-08 15:44:44 - chaos - INFO - [DEBUG] 开始清理故障: corrupt_dupf-upu-dupf02-6-958dc9889-mwfpf_ns-dupf_1778226044
2026-05-08 15:44:44 - chaos - INFO - 获取 Pod dupf-upu-dupf02-6-958dc9889-mwfpf 的 pause 容器 ID
2026-05-08 15:44:44 - chaos - INFO - 获取 Pod dupf-upu-dupf02-6-958dc9889-mwfpf 所在的节点，namespace: ns-dupf
2026-05-08 15:44:44 - chaos - INFO - Pod dupf-upu-dupf02-6-958dc9889-mwfpf 运行在节点 dupf02
2026-05-08 15:44:44 - chaos - INFO - Pod dupf-upu-dupf02-6-958dc9889-mwfpf 运行在节点 dupf02
2026-05-08 15:44:44 - chaos - INFO - 找到节点 dupf02 对应的环境: 2_ssh_remote
2026-05-08 15:44:45 - chaos - INFO - 解析后的 pause 容器 ID: 7eccc8e257c1
2026-05-08 15:44:45 - chaos - INFO - 获取容器的 PID
2026-05-08 15:44:45 - chaos - INFO - 容器 ID: 7eccc8e257c1
2026-05-08 15:44:45 - chaos - INFO - 提取的容器 PID: 60659
2026-05-08 15:44:45 - chaos - INFO - 恢复网络故障：corrupt_dupf-upu-dupf02-6-958dc9889-mwfpf_ns-dupf_1778226044
2026-05-08 15:44:45 - chaos - INFO - [DEBUG] 故障清理成功: corrupt_dupf-upu-dupf02-6-958dc9889-mwfpf_ns-dupf_1778226044
2026-05-08 15:44:45 - chaos - INFO - 标记故障已恢复：corrupt_dupf-upu-dupf02-6-958dc9889-mwfpf_ns-dupf_1778226044
2026-05-08 15:44:45 - chaos - INFO - 任务执行成功: UPU 网络数据包破坏 (耗时: 241.44s)
2026-05-08 15:44:45 - chaos - INFO - 
================================================================================
                           Workflow Execution Report                            
================================================================================
Workflow ID    : upu_parallel_network_corrupt_001
Workflow Name  : UPU 并行网络数据包破坏工作流
Status         : SUCCESS
Start Time     : 2026-05-08 15:40:33
End Time       : 2026-05-08 15:44:45
Total Duration : 251.46s
Success Rate   : 100.00%
================================================================================

Task Results:
--------------------------------------------------------------------------------
  [SUCCESS ] UPU 网络数据包破坏                    Duration: 241.44s  Group: N/A

================================================================================
Summary Statistics
================================================================================
Total Tasks    : 1
Success        : 1
Failed         : 0
Timeout        : 0
Skipped        : 0
================================================================================
2026-05-08 15:44:45 - chaos - INFO - ============================================================
2026-05-08 15:44:45 - chaos - INFO - 执行 workflow 级别的 auto_clear
2026-05-08 15:44:45 - chaos - INFO - ============================================================
2026-05-08 15:44:45 - chaos - INFO - 需要清理的环境: 1_ssh_remote
2026-05-08 15:44:45 - chaos - INFO - 清理环境 1_ssh_remote 的网络故障...
2026-05-08 15:44:45 - chaos - INFO - 获取 Pod 列表，namespace: ns-dupf, nodename: dupf01
2026-05-08 15:44:45 - chaos - INFO - 找到 15 个 Pod
2026-05-08 15:44:45 - chaos - INFO - 找到 15 个 pod
2026-05-08 15:44:45 - chaos - INFO - 清除 Pod dupf-ddb-shd-0-2 的网络故障
2026-05-08 15:44:45 - chaos - INFO - 命名空间: ns-dupf, 网络设备: eth0
2026-05-08 15:44:45 - chaos - INFO - 获取 Pod dupf-ddb-shd-0-2 的 pause 容器 ID
2026-05-08 15:44:45 - chaos - INFO - 解析后的 pause 容器 ID: 11b9bcfdcc7d
2026-05-08 15:44:45 - chaos - INFO - 获取容器的 PID
2026-05-08 15:44:45 - chaos - INFO - 容器 ID: 11b9bcfdcc7d
2026-05-08 15:44:45 - chaos - INFO - 提取的容器 PID: 56490
2026-05-08 15:44:45 - chaos - INFO - Pod dupf-ddb-shd-0-2 的网络故障清除成功
2026-05-08 15:44:45 - chaos - INFO - 清除 Pod dupf-ddb-shd-2-0 的网络故障
2026-05-08 15:44:45 - chaos - INFO - 命名空间: ns-dupf, 网络设备: eth0
2026-05-08 15:44:45 - chaos - INFO - 获取 Pod dupf-ddb-shd-2-0 的 pause 容器 ID
2026-05-08 15:44:46 - chaos - INFO - 解析后的 pause 容器 ID: eb6741339149
2026-05-08 15:44:46 - chaos - INFO - 获取容器的 PID
2026-05-08 15:44:46 - chaos - INFO - 容器 ID: eb6741339149
2026-05-08 15:44:46 - chaos - INFO - 提取的容器 PID: 60135
2026-05-08 15:44:46 - chaos - INFO - Pod dupf-ddb-shd-2-0 的网络故障清除成功
2026-05-08 15:44:46 - chaos - INFO - 清除 Pod dupf-etcd-2 的网络故障
2026-05-08 15:44:46 - chaos - INFO - 命名空间: ns-dupf, 网络设备: eth0
2026-05-08 15:44:46 - chaos - INFO - 获取 Pod dupf-etcd-2 的 pause 容器 ID
2026-05-08 15:44:46 - chaos - INFO - 解析后的 pause 容器 ID: 3cc8373b2962
2026-05-08 15:44:46 - chaos - INFO - 获取容器的 PID
2026-05-08 15:44:46 - chaos - INFO - 容器 ID: 3cc8373b2962
2026-05-08 15:44:46 - chaos - INFO - 提取的容器 PID: 52344
2026-05-08 15:44:54 - chaos - INFO - Pod dupf-etcd-2 的网络故障清除成功
2026-05-08 15:44:54 - chaos - INFO - 清除 Pod dupf-file-sync-cp7xf 的网络故障
2026-05-08 15:44:54 - chaos - INFO - 命名空间: ns-dupf, 网络设备: eth0
2026-05-08 15:44:54 - chaos - INFO - 获取 Pod dupf-file-sync-cp7xf 的 pause 容器 ID
2026-05-08 15:44:54 - chaos - INFO - 解析后的 pause 容器 ID: d0ea761e5e4e
2026-05-08 15:44:54 - chaos - INFO - 获取容器的 PID
2026-05-08 15:44:54 - chaos - INFO - 容器 ID: d0ea761e5e4e
2026-05-08 15:44:46 - chaos - INFO - 提取的容器 PID: 55694
2026-05-08 15:44:46 - chaos - INFO - Pod dupf-file-sync-cp7xf 的网络故障清除成功
2026-05-08 15:44:46 - chaos - INFO - 清除 Pod dupf-node-monitor-67qq8 的网络故障
2026-05-08 15:44:46 - chaos - INFO - 命名空间: ns-dupf, 网络设备: eth0
2026-05-08 15:44:46 - chaos - INFO - 获取 Pod dupf-node-monitor-67qq8 的 pause 容器 ID
2026-05-08 15:44:47 - chaos - INFO - 解析后的 pause 容器 ID: 511f0726aca2
2026-05-08 15:44:47 - chaos - INFO - 获取容器的 PID
2026-05-08 15:44:47 - chaos - INFO - 容器 ID: 511f0726aca2
2026-05-08 15:44:47 - chaos - INFO - 提取的容器 PID: 55791
2026-05-08 15:44:47 - chaos - INFO - Pod dupf-node-monitor-67qq8 的网络故障清除成功
2026-05-08 15:44:47 - chaos - INFO - 清除 Pod dupf-prometheus-7f486d9788-856l7 的网络故障
2026-05-08 15:44:47 - chaos - INFO - 命名空间: ns-dupf, 网络设备: eth0
2026-05-08 15:44:47 - chaos - INFO - 获取 Pod dupf-prometheus-7f486d9788-856l7 的 pause 容器 ID
2026-05-08 15:44:47 - chaos - INFO - 解析后的 pause 容器 ID: 64a24fc1308b
2026-05-08 15:44:47 - chaos - INFO - 获取容器的 PID
2026-05-08 15:44:47 - chaos - INFO - 容器 ID: 64a24fc1308b
2026-05-08 15:44:47 - chaos - INFO - 提取的容器 PID: 52912
2026-05-08 15:44:47 - chaos - INFO - Pod dupf-prometheus-7f486d9788-856l7 的网络故障清除成功
2026-05-08 15:44:47 - chaos - INFO - 清除 Pod dupf-registry-center-2 的网络故障
2026-05-08 15:44:47 - chaos - INFO - 命名空间: ns-dupf, 网络设备: eth0
2026-05-08 15:44:47 - chaos - INFO - 获取 Pod dupf-registry-center-2 的 pause 容器 ID
2026-05-08 15:44:47 - chaos - INFO - 解析后的 pause 容器 ID: 09cccee66afb
2026-05-08 15:44:47 - chaos - INFO - 获取容器的 PID
2026-05-08 15:44:47 - chaos - INFO - 容器 ID: 09cccee66afb
2026-05-08 15:44:47 - chaos - INFO - 提取的容器 PID: 8097
2026-05-08 15:44:47 - chaos - INFO - Pod dupf-registry-center-2 的网络故障清除成功
2026-05-08 15:44:47 - chaos - INFO - 清除 Pod dupf-sdb-1 的网络故障
2026-05-08 15:44:47 - chaos - INFO - 命名空间: ns-dupf, 网络设备: eth0
2026-05-08 15:44:47 - chaos - INFO - 获取 Pod dupf-sdb-1 的 pause 容器 ID
2026-05-08 15:44:48 - chaos - INFO - 解析后的 pause 容器 ID: c83947f725c5
2026-05-08 15:44:48 - chaos - INFO - 获取容器的 PID
2026-05-08 15:44:48 - chaos - INFO - 容器 ID: c83947f725c5
2026-05-08 15:44:48 - chaos - INFO - 提取的容器 PID: 56495
2026-05-08 15:44:48 - chaos - INFO - Pod dupf-sdb-1 的网络故障清除成功
2026-05-08 15:44:48 - chaos - INFO - 清除 Pod dupf-sdb-sentinel-2 的网络故障
2026-05-08 15:44:48 - chaos - INFO - 命名空间: ns-dupf, 网络设备: eth0
2026-05-08 15:44:48 - chaos - INFO - 获取 Pod dupf-sdb-sentinel-2 的 pause 容器 ID
2026-05-08 15:44:48 - chaos - INFO - 解析后的 pause 容器 ID: 45a2fb40f9c3
2026-05-08 15:44:48 - chaos - INFO - 获取容器的 PID
2026-05-08 15:44:48 - chaos - INFO - 容器 ID: 45a2fb40f9c3
2026-05-08 15:44:48 - chaos - INFO - 提取的容器 PID: 56485
2026-05-08 15:44:48 - chaos - INFO - Pod dupf-sdb-sentinel-2 的网络故障清除成功
2026-05-08 15:44:48 - chaos - INFO - 清除 Pod dupf-sf-mq-proxy-2 的网络故障
2026-05-08 15:44:48 - chaos - INFO - 命名空间: ns-dupf, 网络设备: eth0
2026-05-08 15:44:48 - chaos - INFO - 获取 Pod dupf-sf-mq-proxy-2 的 pause 容器 ID
2026-05-08 15:44:48 - chaos - INFO - 解析后的 pause 容器 ID: aedeffcae771
2026-05-08 15:44:48 - chaos - INFO - 获取容器的 PID
2026-05-08 15:44:48 - chaos - INFO - 容器 ID: aedeffcae771
2026-05-08 15:44:48 - chaos - INFO - 提取的容器 PID: 59302
2026-05-08 15:44:48 - chaos - INFO - Pod dupf-sf-mq-proxy-2 的网络故障清除成功
2026-05-08 15:44:48 - chaos - INFO - 清除 Pod dupf-upc-5c84ff589c-btt52 的网络故障
2026-05-08 15:44:48 - chaos - INFO - 命名空间: ns-dupf, 网络设备: eth0
2026-05-08 15:44:48 - chaos - INFO - 获取 Pod dupf-upc-5c84ff589c-btt52 的 pause 容器 ID
2026-05-08 15:44:48 - chaos - INFO - 解析后的 pause 容器 ID: 30deac2c6220
2026-05-08 15:44:48 - chaos - INFO - 获取容器的 PID
2026-05-08 15:44:48 - chaos - INFO - 容器 ID: 30deac2c6220
2026-05-08 15:44:49 - chaos - INFO - 提取的容器 PID: 53503
2026-05-08 15:44:49 - chaos - INFO - Pod dupf-upc-5c84ff589c-btt52 的网络故障清除成功
2026-05-08 15:44:49 - chaos - INFO - 清除 Pod dupf-upc-5c84ff589c-fqnf7 的网络故障
2026-05-08 15:44:49 - chaos - INFO - 命名空间: ns-dupf, 网络设备: eth0
2026-05-08 15:44:49 - chaos - INFO - 获取 Pod dupf-upc-5c84ff589c-fqnf7 的 pause 容器 ID
2026-05-08 15:44:49 - chaos - INFO - 解析后的 pause 容器 ID: 6f392aa15848
2026-05-08 15:44:49 - chaos - INFO - 获取容器的 PID
2026-05-08 15:44:49 - chaos - INFO - 容器 ID: 6f392aa15848
2026-05-08 15:44:49 - chaos - INFO - 提取的容器 PID: 53471
2026-05-08 15:44:49 - chaos - INFO - Pod dupf-upc-5c84ff589c-fqnf7 的网络故障清除成功
2026-05-08 15:44:49 - chaos - INFO - 清除 Pod dupf-upu-dupf01-1-7578c56d88-dd8qf 的网络故障
2026-05-08 15:44:49 - chaos - INFO - 命名空间: ns-dupf, 网络设备: eth0
2026-05-08 15:44:49 - chaos - INFO - 获取 Pod dupf-upu-dupf01-1-7578c56d88-dd8qf 的 pause 容器 ID
2026-05-08 15:44:49 - chaos - INFO - 解析后的 pause 容器 ID: d8c18e184701
2026-05-08 15:44:49 - chaos - INFO - 获取容器的 PID
2026-05-08 15:44:49 - chaos - INFO - 容器 ID: d8c18e184701
2026-05-08 15:44:49 - chaos - INFO - 提取的容器 PID: 54289
2026-05-08 15:44:49 - chaos - INFO - Pod dupf-upu-dupf01-1-7578c56d88-dd8qf 的网络故障清除成功
2026-05-08 15:44:49 - chaos - INFO - 清除 Pod dupf-upu-dupf01-2-7cd9b494c-5wrzj 的网络故障
2026-05-08 15:44:49 - chaos - INFO - 命名空间: ns-dupf, 网络设备: eth0
2026-05-08 15:44:49 - chaos - INFO - 获取 Pod dupf-upu-dupf01-2-7cd9b494c-5wrzj 的 pause 容器 ID
2026-05-08 15:44:49 - chaos - INFO - 解析后的 pause 容器 ID: 045e1b477bbf
2026-05-08 15:44:49 - chaos - INFO - 获取容器的 PID
2026-05-08 15:44:49 - chaos - INFO - 容器 ID: 045e1b477bbf
2026-05-08 15:44:50 - chaos - INFO - 提取的容器 PID: 33786
2026-05-08 15:44:50 - chaos - INFO - Pod dupf-upu-dupf01-2-7cd9b494c-5wrzj 的网络故障清除成功
2026-05-08 15:44:50 - chaos - INFO - 清除 Pod dupf-upu-dupf01-3-585d949f88-x9fdd 的网络故障
2026-05-08 15:44:50 - chaos - INFO - 命名空间: ns-dupf, 网络设备: eth0
2026-05-08 15:44:50 - chaos - INFO - 获取 Pod dupf-upu-dupf01-3-585d949f88-x9fdd 的 pause 容器 ID
2026-05-08 15:44:50 - chaos - INFO - 解析后的 pause 容器 ID: df4f22e1420a
2026-05-08 15:44:50 - chaos - INFO - 获取容器的 PID
2026-05-08 15:44:50 - chaos - INFO - 容器 ID: df4f22e1420a
2026-05-08 15:44:50 - chaos - INFO - 提取的容器 PID: 54597
2026-05-08 15:44:50 - chaos - INFO - Pod dupf-upu-dupf01-3-585d949f88-x9fdd 的网络故障清除成功
2026-05-08 15:44:50 - chaos - INFO - 环境 1_ssh_remote 网络故障清除完成：成功 15, 失败 0
2026-05-08 15:44:50 - chaos - INFO - ============================================================
2026-05-08 15:44:50 - chaos - INFO - workflow 级别的 auto_clear 完成
2026-05-08 15:44:50 - chaos - INFO - ============================================================
2026-05-08 15:44:50 - chaos - INFO - 
================================================================================
2026-05-08 15:44:50 - chaos - INFO - 执行workflow: cases/upu/upu/workflow_parallel_delay_upu.yaml
2026-05-08 15:44:50 - chaos - INFO - ================================================================================
2026-05-08 15:44:50 - chaos - INFO - Successfully parsed workflow: upu_parallel_network_delay_001
2026-05-08 15:44:50 - chaos - INFO - ============================================================
2026-05-08 15:44:50 - chaos - INFO - 开始执行工作流: UPU 并行网络延迟工作流
2026-05-08 15:44:50 - chaos - INFO - 工作流 ID: upu_parallel_network_delay_001
2026-05-08 15:44:50 - chaos - INFO - 执行模式: parallel
2026-05-08 15:44:50 - chaos - INFO - ============================================================
2026-05-08 15:44:50 - chaos - INFO - 启动延迟 10.0s
2026-05-08 15:45:00 - chaos - INFO - 执行计划: 共 1 层
2026-05-08 15:45:00 - chaos - INFO - 
============================================================
2026-05-08 15:45:00 - chaos - INFO - 执行第 1/1 层，共 1 个任务
2026-05-08 15:45:00 - chaos - INFO - ============================================================
2026-05-08 15:45:00 - chaos - INFO - [DEBUG] 开始执行任务: UPU 网络延迟 (delay_upu)
2026-05-08 15:45:00 - chaos - INFO - [DEBUG] 任务类型: network, 故障类型: delay
2026-05-08 15:45:00 - chaos - INFO - [DEBUG] 目标: Pod: upu
2026-05-08 15:45:00 - chaos - INFO - [DEBUG] Duration: 240s, Loop: 1
2026-05-08 15:45:00 - chaos - INFO - [DEBUG] 任务超时时间: 300.0s
2026-05-08 15:45:00 - chaos - INFO - [DEBUG] ========== 开始执行 Case ==========
2026-05-08 15:45:00 - chaos - INFO - [DEBUG] Case名称: upu_delay
2026-05-08 15:45:00 - chaos - INFO - [DEBUG] Case类型: network
2026-05-08 15:45:00 - chaos - INFO - [DEBUG] 故障类型: delay
2026-05-08 15:45:00 - chaos - INFO - [DEBUG] 环境: 1_ssh_remote
2026-05-08 15:45:00 - chaos - INFO - [DEBUG] 执行 Case 迭代 1/1
2026-05-08 15:45:00 - chaos - INFO - [DEBUG] 开始获取目标列表...
2026-05-08 15:45:00 - chaos.utils.remote - INFO - 连接 root@10.230.246.167:50163 不可用，需要重连
2026-05-08 15:45:00 - chaos.utils.remote - INFO - 尝试重连: root@10.230.246.167:50163
2026-05-08 15:45:00 - chaos.utils.remote - INFO - SSH连接建立成功: 10.230.246.167:50163, 耗时: 0.11s
2026-05-08 15:45:00 - chaos.utils.remote - INFO - 重连成功: root@10.230.246.167:50163
2026-05-08 15:45:00 - chaos - INFO - 根据名称匹配规则获取 Pod，pattern: upu, namespace: ns-dupf
2026-05-08 15:45:01 - chaos - INFO - 找到包含匹配的 Pod: dupf-upu-dupf01-1-7578c56d88-dd8qf
2026-05-08 15:45:01 - chaos - INFO - 找到包含匹配的 Pod: dupf-upu-dupf01-2-7cd9b494c-5wrzj
2026-05-08 15:45:01 - chaos - INFO - 找到包含匹配的 Pod: dupf-upu-dupf01-3-585d949f88-x9fdd
2026-05-08 15:45:01 - chaos - INFO - 找到包含匹配的 Pod: dupf-upu-dupf02-4-6cf676c74d-vjw2p
2026-05-08 15:45:01 - chaos - INFO - 找到包含匹配的 Pod: dupf-upu-dupf02-5-59f4fcc94-xnnsm
2026-05-08 15:45:01 - chaos - INFO - 找到包含匹配的 Pod: dupf-upu-dupf02-6-958dc9889-mwfpf
2026-05-08 15:45:01 - chaos - INFO - 找到包含匹配的 Pod: dupf-upu-dupf03-7-66d56d9698-k4gwz
2026-05-08 15:45:01 - chaos - INFO - 找到包含匹配的 Pod: dupf-upu-dupf03-8-c86996c4d-2m78z
2026-05-08 15:45:01 - chaos - INFO - 找到包含匹配的 Pod: dupf-upu-dupf03-9-796496f54b-t8vzm
2026-05-08 15:45:01 - chaos - INFO - 找到包含匹配的 Pod: dupf-upu-dupf04-10-d795f9b6d-jvcrm
2026-05-08 15:45:01 - chaos - INFO - 找到包含匹配的 Pod: dupf-upu-dupf04-11-ff6798bf5-9v75t
2026-05-08 15:45:01 - chaos - INFO - 找到包含匹配的 Pod: dupf-upu-dupf04-12-56b5ddb4fb-2j4rs
2026-05-08 15:45:01 - chaos - INFO - 找到 12 个匹配的 Pod
2026-05-08 15:45:01 - chaos - INFO - 随机选择 Pod: dupf-upu-dupf03-7-66d56d9698-k4gwz
2026-05-08 15:45:01 - chaos - INFO - [DEBUG] 找到 1 个目标
2026-05-08 15:45:01 - chaos - INFO - [DEBUG] ---------- 处理目标 1/1 ----------
2026-05-08 15:45:01 - chaos - INFO - [DEBUG] 目标名称: dupf-upu-dupf03-7-66d56d9698-k4gwz
2026-05-08 15:45:01 - chaos - INFO - [DEBUG] 目标节点: None
2026-05-08 15:45:01 - chaos - INFO - [DEBUG] 创建故障注入器...
2026-05-08 15:45:01 - chaos - INFO - [DEBUG] 准备注入故障...
2026-05-08 15:45:01 - chaos - INFO - [DEBUG] 注入参数: {'fault_type': 'delay', 'correlation': ['20%', '90%'], 'distribution': ['normal', 'pareto', 'paretonormal'], 'jitter': ['10ms', '100ms'], 'time': ['100ms', '1000ms']}
2026-05-08 15:45:01 - chaos - WARNING - 无效的分布模型: ['normal', 'pareto', 'paretonormal'], 随机选择
2026-05-08 15:45:01 - chaos - INFO - 获取 Pod dupf-upu-dupf03-7-66d56d9698-k4gwz 的 pause 容器 ID
2026-05-08 15:45:01 - chaos - INFO - 获取 Pod dupf-upu-dupf03-7-66d56d9698-k4gwz 所在的节点，namespace: ns-dupf
2026-05-08 15:45:01 - chaos - INFO - Pod dupf-upu-dupf03-7-66d56d9698-k4gwz 运行在节点 dupf03
2026-05-08 15:45:01 - chaos - INFO - Pod dupf-upu-dupf03-7-66d56d9698-k4gwz 运行在节点 dupf03
2026-05-08 15:45:01 - chaos - INFO - 找到节点 dupf03 对应的环境: 3_ssh_remote
2026-05-08 15:45:01 - chaos - INFO - 解析后的 pause 容器 ID: 6249efe1833e
2026-05-08 15:45:01 - chaos - INFO - 获取容器的 PID
2026-05-08 15:45:01 - chaos - INFO - 容器 ID: 6249efe1833e
2026-05-08 15:45:01 - chaos - INFO - 提取的容器 PID: 32572
2026-05-08 15:45:01 - chaos - INFO - 为 Pod dupf-upu-dupf03-7-66d56d9698-k4gwz 注入网络延迟
2026-05-08 15:45:01 - chaos - INFO - 延迟参数: {'time': '940ms', 'jitter': '11ms', 'correlation': '82%', 'distribution': 'paretonormal'}
2026-05-08 15:45:01 - chaos - INFO - tc 命令: tc qdisc add dev eth0 root netem delay 940ms 11ms 82% distribution paretonormal
2026-05-08 15:45:09 - chaos - INFO - 网络延迟注入成功
2026-05-08 15:45:09 - chaos - INFO - [DEBUG] 故障注入成功
2026-05-08 15:45:09 - chaos - INFO - [DEBUG] 故障ID: delay_dupf-upu-dupf03-7-66d56d9698-k4gwz_ns-dupf_1778226301
2026-05-08 15:45:09 - chaos - INFO - 记录故障：delay_dupf-upu-dupf03-7-66d56d9698-k4gwz_ns-dupf_1778226301
2026-05-08 15:45:09 - chaos - INFO - [DEBUG] 开始等待 duration: 240s (240.0秒)
2026-05-08 15:49:01 - chaos - INFO - [DEBUG] duration 等待完成
2026-05-08 15:49:01 - chaos - INFO - [DEBUG] 开始清理故障: delay_dupf-upu-dupf03-7-66d56d9698-k4gwz_ns-dupf_1778226301
2026-05-08 15:49:01 - chaos - INFO - 获取 Pod dupf-upu-dupf03-7-66d56d9698-k4gwz 的 pause 容器 ID
2026-05-08 15:49:01 - chaos - INFO - 获取 Pod dupf-upu-dupf03-7-66d56d9698-k4gwz 所在的节点，namespace: ns-dupf
2026-05-08 15:49:01 - chaos - INFO - Pod dupf-upu-dupf03-7-66d56d9698-k4gwz 运行在节点 dupf03
2026-05-08 15:49:01 - chaos - INFO - Pod dupf-upu-dupf03-7-66d56d9698-k4gwz 运行在节点 dupf03
2026-05-08 15:49:01 - chaos - INFO - 找到节点 dupf03 对应的环境: 3_ssh_remote
2026-05-08 15:49:01 - chaos - INFO - 解析后的 pause 容器 ID: 6249efe1833e
2026-05-08 15:49:01 - chaos - INFO - 获取容器的 PID
2026-05-08 15:49:01 - chaos - INFO - 容器 ID: 6249efe1833e
2026-05-08 15:49:02 - chaos - INFO - 提取的容器 PID: 32572
2026-05-08 15:49:02 - chaos - INFO - 恢复网络故障：delay_dupf-upu-dupf03-7-66d56d9698-k4gwz_ns-dupf_1778226301
2026-05-08 15:49:09 - chaos - INFO - [DEBUG] 故障清理成功: delay_dupf-upu-dupf03-7-66d56d9698-k4gwz_ns-dupf_1778226301
2026-05-08 15:49:09 - chaos - INFO - 标记故障已恢复：delay_dupf-upu-dupf03-7-66d56d9698-k4gwz_ns-dupf_1778226301
2026-05-08 15:49:09 - chaos - INFO - 任务执行成功: UPU 网络延迟 (耗时: 249.22s)
2026-05-08 15:49:09 - chaos - INFO - 
================================================================================
                           Workflow Execution Report                            
================================================================================
Workflow ID    : upu_parallel_network_delay_001
Workflow Name  : UPU 并行网络延迟工作流
Status         : SUCCESS
Start Time     : 2026-05-08 15:44:50
End Time       : 2026-05-08 15:49:09
Total Duration : 259.24s
Success Rate   : 100.00%
================================================================================

Task Results:
--------------------------------------------------------------------------------
  [SUCCESS ] UPU 网络延迟                       Duration: 249.22s  Group: N/A

================================================================================
Summary Statistics
================================================================================
Total Tasks    : 1
Success        : 1
Failed         : 0
Timeout        : 0
Skipped        : 0
================================================================================
2026-05-08 15:49:09 - chaos - INFO - ============================================================
2026-05-08 15:49:09 - chaos - INFO - 执行 workflow 级别的 auto_clear
2026-05-08 15:49:09 - chaos - INFO - ============================================================
2026-05-08 15:49:09 - chaos - INFO - 需要清理的环境: 1_ssh_remote
2026-05-08 15:49:09 - chaos - INFO - 清理环境 1_ssh_remote 的网络故障...
2026-05-08 15:49:09 - chaos - INFO - 获取 Pod 列表，namespace: ns-dupf, nodename: dupf01
2026-05-08 15:49:02 - chaos - INFO - 找到 15 个 Pod
2026-05-08 15:49:02 - chaos - INFO - 找到 15 个 pod
2026-05-08 15:49:02 - chaos - INFO - 清除 Pod dupf-ddb-shd-0-2 的网络故障
2026-05-08 15:49:02 - chaos - INFO - 命名空间: ns-dupf, 网络设备: eth0
2026-05-08 15:49:02 - chaos - INFO - 获取 Pod dupf-ddb-shd-0-2 的 pause 容器 ID
2026-05-08 15:49:02 - chaos - INFO - 解析后的 pause 容器 ID: 11b9bcfdcc7d
2026-05-08 15:49:02 - chaos - INFO - 获取容器的 PID
2026-05-08 15:49:02 - chaos - INFO - 容器 ID: 11b9bcfdcc7d
2026-05-08 15:49:02 - chaos - INFO - 提取的容器 PID: 56490
2026-05-08 15:49:02 - chaos - INFO - Pod dupf-ddb-shd-0-2 的网络故障清除成功
2026-05-08 15:49:02 - chaos - INFO - 清除 Pod dupf-ddb-shd-2-0 的网络故障
2026-05-08 15:49:02 - chaos - INFO - 命名空间: ns-dupf, 网络设备: eth0
2026-05-08 15:49:02 - chaos - INFO - 获取 Pod dupf-ddb-shd-2-0 的 pause 容器 ID
2026-05-08 15:49:02 - chaos - INFO - 解析后的 pause 容器 ID: eb6741339149
2026-05-08 15:49:02 - chaos - INFO - 获取容器的 PID
2026-05-08 15:49:02 - chaos - INFO - 容器 ID: eb6741339149
2026-05-08 15:49:03 - chaos - INFO - 提取的容器 PID: 60135
2026-05-08 15:49:03 - chaos - INFO - Pod dupf-ddb-shd-2-0 的网络故障清除成功
2026-05-08 15:49:03 - chaos - INFO - 清除 Pod dupf-etcd-2 的网络故障
2026-05-08 15:49:03 - chaos - INFO - 命名空间: ns-dupf, 网络设备: eth0
2026-05-08 15:49:03 - chaos - INFO - 获取 Pod dupf-etcd-2 的 pause 容器 ID
2026-05-08 15:49:03 - chaos - INFO - 解析后的 pause 容器 ID: 3cc8373b2962
2026-05-08 15:49:03 - chaos - INFO - 获取容器的 PID
2026-05-08 15:49:03 - chaos - INFO - 容器 ID: 3cc8373b2962
2026-05-08 15:49:03 - chaos - INFO - 提取的容器 PID: 52344
2026-05-08 15:49:03 - chaos - INFO - Pod dupf-etcd-2 的网络故障清除成功
2026-05-08 15:49:03 - chaos - INFO - 清除 Pod dupf-file-sync-cp7xf 的网络故障
2026-05-08 15:49:03 - chaos - INFO - 命名空间: ns-dupf, 网络设备: eth0
2026-05-08 15:49:03 - chaos - INFO - 获取 Pod dupf-file-sync-cp7xf 的 pause 容器 ID
2026-05-08 15:49:03 - chaos - INFO - 解析后的 pause 容器 ID: d0ea761e5e4e
2026-05-08 15:49:03 - chaos - INFO - 获取容器的 PID
2026-05-08 15:49:03 - chaos - INFO - 容器 ID: d0ea761e5e4e
2026-05-08 15:49:03 - chaos - INFO - 提取的容器 PID: 55694
2026-05-08 15:49:03 - chaos - INFO - Pod dupf-file-sync-cp7xf 的网络故障清除成功
2026-05-08 15:49:03 - chaos - INFO - 清除 Pod dupf-node-monitor-67qq8 的网络故障
2026-05-08 15:49:03 - chaos - INFO - 命名空间: ns-dupf, 网络设备: eth0
2026-05-08 15:49:03 - chaos - INFO - 获取 Pod dupf-node-monitor-67qq8 的 pause 容器 ID
2026-05-08 15:49:03 - chaos - INFO - 解析后的 pause 容器 ID: 511f0726aca2
2026-05-08 15:49:03 - chaos - INFO - 获取容器的 PID
2026-05-08 15:49:03 - chaos - INFO - 容器 ID: 511f0726aca2
2026-05-08 15:49:04 - chaos - INFO - 提取的容器 PID: 55791
2026-05-08 15:49:04 - chaos - INFO - Pod dupf-node-monitor-67qq8 的网络故障清除成功
2026-05-08 15:49:04 - chaos - INFO - 清除 Pod dupf-prometheus-7f486d9788-856l7 的网络故障
2026-05-08 15:49:04 - chaos - INFO - 命名空间: ns-dupf, 网络设备: eth0
2026-05-08 15:49:04 - chaos - INFO - 获取 Pod dupf-prometheus-7f486d9788-856l7 的 pause 容器 ID
2026-05-08 15:49:04 - chaos - INFO - 解析后的 pause 容器 ID: 64a24fc1308b
2026-05-08 15:49:04 - chaos - INFO - 获取容器的 PID
2026-05-08 15:49:04 - chaos - INFO - 容器 ID: 64a24fc1308b
2026-05-08 15:49:04 - chaos - INFO - 提取的容器 PID: 52912
2026-05-08 15:49:04 - chaos - INFO - Pod dupf-prometheus-7f486d9788-856l7 的网络故障清除成功
2026-05-08 15:49:04 - chaos - INFO - 清除 Pod dupf-registry-center-2 的网络故障
2026-05-08 15:49:04 - chaos - INFO - 命名空间: ns-dupf, 网络设备: eth0
2026-05-08 15:49:04 - chaos - INFO - 获取 Pod dupf-registry-center-2 的 pause 容器 ID
2026-05-08 15:49:04 - chaos - INFO - 解析后的 pause 容器 ID: 09cccee66afb
2026-05-08 15:49:04 - chaos - INFO - 获取容器的 PID
2026-05-08 15:49:04 - chaos - INFO - 容器 ID: 09cccee66afb
2026-05-08 15:49:04 - chaos - INFO - 提取的容器 PID: 8097
2026-05-08 15:49:04 - chaos - INFO - Pod dupf-registry-center-2 的网络故障清除成功
2026-05-08 15:49:04 - chaos - INFO - 清除 Pod dupf-sdb-1 的网络故障
2026-05-08 15:49:04 - chaos - INFO - 命名空间: ns-dupf, 网络设备: eth0
2026-05-08 15:49:04 - chaos - INFO - 获取 Pod dupf-sdb-1 的 pause 容器 ID
2026-05-08 15:49:04 - chaos - INFO - 解析后的 pause 容器 ID: c83947f725c5
2026-05-08 15:49:04 - chaos - INFO - 获取容器的 PID
2026-05-08 15:49:04 - chaos - INFO - 容器 ID: c83947f725c5
2026-05-08 15:49:04 - chaos - INFO - 提取的容器 PID: 56495
2026-05-08 15:49:05 - chaos - INFO - Pod dupf-sdb-1 的网络故障清除成功
2026-05-08 15:49:05 - chaos - INFO - 清除 Pod dupf-sdb-sentinel-2 的网络故障
2026-05-08 15:49:05 - chaos - INFO - 命名空间: ns-dupf, 网络设备: eth0
2026-05-08 15:49:05 - chaos - INFO - 获取 Pod dupf-sdb-sentinel-2 的 pause 容器 ID
2026-05-08 15:49:05 - chaos - INFO - 解析后的 pause 容器 ID: 45a2fb40f9c3
2026-05-08 15:49:05 - chaos - INFO - 获取容器的 PID
2026-05-08 15:49:05 - chaos - INFO - 容器 ID: 45a2fb40f9c3
2026-05-08 15:49:05 - chaos - INFO - 提取的容器 PID: 56485
2026-05-08 15:49:05 - chaos - INFO - Pod dupf-sdb-sentinel-2 的网络故障清除成功
2026-05-08 15:49:05 - chaos - INFO - 清除 Pod dupf-sf-mq-proxy-2 的网络故障
2026-05-08 15:49:05 - chaos - INFO - 命名空间: ns-dupf, 网络设备: eth0
2026-05-08 15:49:05 - chaos - INFO - 获取 Pod dupf-sf-mq-proxy-2 的 pause 容器 ID
2026-05-08 15:49:05 - chaos - INFO - 解析后的 pause 容器 ID: aedeffcae771
2026-05-08 15:49:05 - chaos - INFO - 获取容器的 PID
2026-05-08 15:49:05 - chaos - INFO - 容器 ID: aedeffcae771
2026-05-08 15:49:05 - chaos - INFO - 提取的容器 PID: 59302
2026-05-08 15:49:05 - chaos - INFO - Pod dupf-sf-mq-proxy-2 的网络故障清除成功
2026-05-08 15:49:05 - chaos - INFO - 清除 Pod dupf-upc-5c84ff589c-btt52 的网络故障
2026-05-08 15:49:05 - chaos - INFO - 命名空间: ns-dupf, 网络设备: eth0
2026-05-08 15:49:05 - chaos - INFO - 获取 Pod dupf-upc-5c84ff589c-btt52 的 pause 容器 ID
2026-05-08 15:49:05 - chaos - INFO - 解析后的 pause 容器 ID: 30deac2c6220
2026-05-08 15:49:05 - chaos - INFO - 获取容器的 PID
2026-05-08 15:49:05 - chaos - INFO - 容器 ID: 30deac2c6220
2026-05-08 15:49:05 - chaos - INFO - 提取的容器 PID: 53503
2026-05-08 15:49:05 - chaos - INFO - Pod dupf-upc-5c84ff589c-btt52 的网络故障清除成功
2026-05-08 15:49:05 - chaos - INFO - 清除 Pod dupf-upc-5c84ff589c-fqnf7 的网络故障
2026-05-08 15:49:05 - chaos - INFO - 命名空间: ns-dupf, 网络设备: eth0
2026-05-08 15:49:05 - chaos - INFO - 获取 Pod dupf-upc-5c84ff589c-fqnf7 的 pause 容器 ID
2026-05-08 15:49:06 - chaos - INFO - 解析后的 pause 容器 ID: 6f392aa15848
2026-05-08 15:49:06 - chaos - INFO - 获取容器的 PID
2026-05-08 15:49:06 - chaos - INFO - 容器 ID: 6f392aa15848
2026-05-08 15:49:06 - chaos - INFO - 提取的容器 PID: 53471
2026-05-08 15:49:06 - chaos - INFO - Pod dupf-upc-5c84ff589c-fqnf7 的网络故障清除成功
2026-05-08 15:49:06 - chaos - INFO - 清除 Pod dupf-upu-dupf01-1-7578c56d88-dd8qf 的网络故障
2026-05-08 15:49:06 - chaos - INFO - 命名空间: ns-dupf, 网络设备: eth0
2026-05-08 15:49:06 - chaos - INFO - 获取 Pod dupf-upu-dupf01-1-7578c56d88-dd8qf 的 pause 容器 ID
2026-05-08 15:49:06 - chaos - INFO - 解析后的 pause 容器 ID: d8c18e184701
2026-05-08 15:49:06 - chaos - INFO - 获取容器的 PID
2026-05-08 15:49:06 - chaos - INFO - 容器 ID: d8c18e184701
2026-05-08 15:49:06 - chaos - INFO - 提取的容器 PID: 54289
2026-05-08 15:49:06 - chaos - INFO - Pod dupf-upu-dupf01-1-7578c56d88-dd8qf 的网络故障清除成功
2026-05-08 15:49:06 - chaos - INFO - 清除 Pod dupf-upu-dupf01-2-7cd9b494c-5wrzj 的网络故障
2026-05-08 15:49:06 - chaos - INFO - 命名空间: ns-dupf, 网络设备: eth0
2026-05-08 15:49:06 - chaos - INFO - 获取 Pod dupf-upu-dupf01-2-7cd9b494c-5wrzj 的 pause 容器 ID
2026-05-08 15:49:06 - chaos - INFO - 解析后的 pause 容器 ID: 045e1b477bbf
2026-05-08 15:49:06 - chaos - INFO - 获取容器的 PID
2026-05-08 15:49:06 - chaos - INFO - 容器 ID: 045e1b477bbf
2026-05-08 15:49:06 - chaos - INFO - 提取的容器 PID: 33786
2026-05-08 15:49:06 - chaos - INFO - Pod dupf-upu-dupf01-2-7cd9b494c-5wrzj 的网络故障清除成功
2026-05-08 15:49:06 - chaos - INFO - 清除 Pod dupf-upu-dupf01-3-585d949f88-x9fdd 的网络故障
2026-05-08 15:49:06 - chaos - INFO - 命名空间: ns-dupf, 网络设备: eth0
2026-05-08 15:49:06 - chaos - INFO - 获取 Pod dupf-upu-dupf01-3-585d949f88-x9fdd 的 pause 容器 ID
2026-05-08 15:49:14 - chaos - INFO - 解析后的 pause 容器 ID: df4f22e1420a
2026-05-08 15:49:14 - chaos - INFO - 获取容器的 PID
2026-05-08 15:49:14 - chaos - INFO - 容器 ID: df4f22e1420a
2026-05-08 15:49:14 - chaos - INFO - 提取的容器 PID: 54597
2026-05-08 15:49:14 - chaos - INFO - Pod dupf-upu-dupf01-3-585d949f88-x9fdd 的网络故障清除成功
2026-05-08 15:49:14 - chaos - INFO - 环境 1_ssh_remote 网络故障清除完成：成功 15, 失败 0
2026-05-08 15:49:14 - chaos - INFO - ============================================================
2026-05-08 15:49:14 - chaos - INFO - workflow 级别的 auto_clear 完成
2026-05-08 15:49:14 - chaos - INFO - ============================================================
2026-05-08 15:49:14 - chaos - INFO - 
================================================================================
2026-05-08 15:49:14 - chaos - INFO - 执行workflow: cases/upu/upu/workflow_parallel_delete_upu.yaml
2026-05-08 15:49:14 - chaos - INFO - ================================================================================
2026-05-08 15:49:14 - chaos - INFO - Successfully parsed workflow: upu_parallel_pod_delete_001
2026-05-08 15:49:14 - chaos - INFO - ============================================================
2026-05-08 15:49:14 - chaos - INFO - 开始执行工作流: UPU 并行 Pod 删除工作流
2026-05-08 15:49:14 - chaos - INFO - 工作流 ID: upu_parallel_pod_delete_001
2026-05-08 15:49:14 - chaos - INFO - 执行模式: parallel
2026-05-08 15:49:14 - chaos - INFO - ============================================================
2026-05-08 15:49:14 - chaos - INFO - 启动延迟 10.0s
2026-05-08 15:49:24 - chaos - INFO - 执行计划: 共 1 层
2026-05-08 15:49:24 - chaos - INFO - 
============================================================
2026-05-08 15:49:24 - chaos - INFO - 执行第 1/1 层，共 1 个任务
2026-05-08 15:49:24 - chaos - INFO - ============================================================
2026-05-08 15:49:24 - chaos - INFO - [DEBUG] 开始执行任务: UPU Pod 删除 (delete_upu)
2026-05-08 15:49:24 - chaos - INFO - [DEBUG] 任务类型: pod, 故障类型: delete
2026-05-08 15:49:24 - chaos - INFO - [DEBUG] 目标: Pod: upu
2026-05-08 15:49:24 - chaos - INFO - [DEBUG] Duration: 240s, Loop: 1
2026-05-08 15:49:24 - chaos - INFO - [DEBUG] 任务超时时间: 300.0s
2026-05-08 15:49:24 - chaos - INFO - [DEBUG] ========== 开始执行 Case ==========
2026-05-08 15:49:24 - chaos - INFO - [DEBUG] Case名称: upu_delete
2026-05-08 15:49:24 - chaos - INFO - [DEBUG] Case类型: pod
2026-05-08 15:49:24 - chaos - INFO - [DEBUG] 故障类型: delete
2026-05-08 15:49:24 - chaos - INFO - [DEBUG] 环境: 1_ssh_remote
2026-05-08 15:49:24 - chaos - INFO - [DEBUG] 执行 Case 迭代 1/1
2026-05-08 15:49:24 - chaos - INFO - [DEBUG] 开始获取目标列表...
2026-05-08 15:49:24 - chaos.utils.remote - INFO - 连接 root@10.230.246.167:50163 不可用，需要重连
2026-05-08 15:49:24 - chaos.utils.remote - INFO - 尝试重连: root@10.230.246.167:50163
2026-05-08 15:49:25 - chaos.utils.remote - INFO - SSH连接建立成功: 10.230.246.167:50163, 耗时: 0.10s
2026-05-08 15:49:25 - chaos.utils.remote - INFO - 重连成功: root@10.230.246.167:50163
2026-05-08 15:49:25 - chaos - INFO - 根据名称匹配规则获取 Pod，pattern: upu, namespace: ns-dupf
2026-05-08 15:49:27 - chaos - INFO - 找到包含匹配的 Pod: dupf-upu-dupf01-1-7578c56d88-dd8qf
2026-05-08 15:49:27 - chaos - INFO - 找到包含匹配的 Pod: dupf-upu-dupf01-2-7cd9b494c-5wrzj
2026-05-08 15:49:27 - chaos - INFO - 找到包含匹配的 Pod: dupf-upu-dupf01-3-585d949f88-x9fdd
2026-05-08 15:49:27 - chaos - INFO - 找到包含匹配的 Pod: dupf-upu-dupf02-4-6cf676c74d-vjw2p
2026-05-08 15:49:27 - chaos - INFO - 找到包含匹配的 Pod: dupf-upu-dupf02-5-59f4fcc94-xnnsm
2026-05-08 15:49:27 - chaos - INFO - 找到包含匹配的 Pod: dupf-upu-dupf02-6-958dc9889-mwfpf
2026-05-08 15:49:27 - chaos - INFO - 找到包含匹配的 Pod: dupf-upu-dupf03-7-66d56d9698-k4gwz
2026-05-08 15:49:27 - chaos - INFO - 找到包含匹配的 Pod: dupf-upu-dupf03-8-c86996c4d-2m78z
2026-05-08 15:49:27 - chaos - INFO - 找到包含匹配的 Pod: dupf-upu-dupf03-9-796496f54b-t8vzm
2026-05-08 15:49:27 - chaos - INFO - 找到包含匹配的 Pod: dupf-upu-dupf04-10-d795f9b6d-jvcrm
2026-05-08 15:49:27 - chaos - INFO - 找到包含匹配的 Pod: dupf-upu-dupf04-11-ff6798bf5-9v75t
2026-05-08 15:49:27 - chaos - INFO - 找到包含匹配的 Pod: dupf-upu-dupf04-12-56b5ddb4fb-2j4rs
2026-05-08 15:49:27 - chaos - INFO - 找到 12 个匹配的 Pod
2026-05-08 15:49:27 - chaos - INFO - 随机选择 Pod: dupf-upu-dupf03-7-66d56d9698-k4gwz
2026-05-08 15:49:27 - chaos - INFO - [DEBUG] 找到 1 个目标
2026-05-08 15:49:27 - chaos - INFO - [DEBUG] ---------- 处理目标 1/1 ----------
2026-05-08 15:49:27 - chaos - INFO - [DEBUG] 目标名称: dupf-upu-dupf03-7-66d56d9698-k4gwz
2026-05-08 15:49:27 - chaos - INFO - [DEBUG] 目标节点: None
2026-05-08 15:49:27 - chaos - INFO - [DEBUG] 创建故障注入器...
2026-05-08 15:49:27 - chaos - INFO - [DEBUG] 准备注入故障...
2026-05-08 15:49:27 - chaos - INFO - [DEBUG] 注入参数: {'fault_type': 'delete'}
2026-05-08 15:49:27 - chaos - INFO - 删除 Pod: dupf-upu-dupf03-7-66d56d9698-k4gwz (namespace: ns-dupf)
2026-05-08 15:49:27 - chaos - INFO - Pod dupf-upu-dupf03-7-66d56d9698-k4gwz 删除成功
2026-05-08 15:49:27 - chaos - INFO - [DEBUG] 故障注入成功
2026-05-08 15:49:27 - chaos - INFO - [DEBUG] 故障ID: delete_dupf-upu-dupf03-7-66d56d9698-k4gwz_ns-dupf_1778226567
2026-05-08 15:49:27 - chaos - INFO - 记录故障：delete_dupf-upu-dupf03-7-66d56d9698-k4gwz_ns-dupf_1778226567
2026-05-08 15:49:27 - chaos - INFO - [DEBUG] 开始等待 duration: 240s (240.0秒)
2026-05-08 15:53:19 - chaos - INFO - [DEBUG] duration 等待完成
2026-05-08 15:53:19 - chaos - INFO - [DEBUG] 开始清理故障: delete_dupf-upu-dupf03-7-66d56d9698-k4gwz_ns-dupf_1778226567
2026-05-08 15:53:19 - chaos - INFO - Pod 故障自动恢复：delete_dupf-upu-dupf03-7-66d56d9698-k4gwz_ns-dupf_1778226567
2026-05-08 15:53:19 - chaos - INFO - [DEBUG] 故障清理成功: delete_dupf-upu-dupf03-7-66d56d9698-k4gwz_ns-dupf_1778226567
2026-05-08 15:53:19 - chaos - INFO - 标记故障已恢复：delete_dupf-upu-dupf03-7-66d56d9698-k4gwz_ns-dupf_1778226567
2026-05-08 15:53:19 - chaos - INFO - 任务执行成功: UPU Pod 删除 (耗时: 235.09s)
2026-05-08 15:53:19 - chaos - INFO - 
================================================================================
                           Workflow Execution Report                            
================================================================================
Workflow ID    : upu_parallel_pod_delete_001
Workflow Name  : UPU 并行 Pod 删除工作流
Status         : SUCCESS
Start Time     : 2026-05-08 15:49:14
End Time       : 2026-05-08 15:53:19
Total Duration : 245.11s
Success Rate   : 100.00%
================================================================================

Task Results:
--------------------------------------------------------------------------------
  [SUCCESS ] UPU Pod 删除                     Duration: 235.09s  Group: N/A

================================================================================
Summary Statistics
================================================================================
Total Tasks    : 1
Success        : 1
Failed         : 0
Timeout        : 0
Skipped        : 0
================================================================================
2026-05-08 15:53:19 - chaos - INFO - 
================================================================================
2026-05-08 15:53:19 - chaos - INFO - 执行workflow: cases/upu/upu/workflow_parallel_duplicate_upu.yaml
2026-05-08 15:53:19 - chaos - INFO - ================================================================================
2026-05-08 15:53:19 - chaos - INFO - Successfully parsed workflow: upu_parallel_network_duplicate_001
2026-05-08 15:53:19 - chaos - INFO - ============================================================
2026-05-08 15:53:19 - chaos - INFO - 开始执行工作流: UPU 并行数据包重复工作流
2026-05-08 15:53:19 - chaos - INFO - 工作流 ID: upu_parallel_network_duplicate_001
2026-05-08 15:53:19 - chaos - INFO - 执行模式: parallel
2026-05-08 15:53:19 - chaos - INFO - ============================================================
2026-05-08 15:53:19 - chaos - INFO - 启动延迟 10.0s
2026-05-08 15:53:30 - chaos - INFO - 执行计划: 共 1 层
2026-05-08 15:53:30 - chaos - INFO - 
============================================================
2026-05-08 15:53:30 - chaos - INFO - 执行第 1/1 层，共 1 个任务
2026-05-08 15:53:30 - chaos - INFO - ============================================================
2026-05-08 15:53:30 - chaos - INFO - [DEBUG] 开始执行任务: UPU 数据包重复 (duplicate_upu)
2026-05-08 15:53:30 - chaos - INFO - [DEBUG] 任务类型: network, 故障类型: duplicate
2026-05-08 15:53:30 - chaos - INFO - [DEBUG] 目标: Pod: upu
2026-05-08 15:53:30 - chaos - INFO - [DEBUG] Duration: 240s, Loop: 1
2026-05-08 15:53:30 - chaos - INFO - [DEBUG] 任务超时时间: 300.0s
2026-05-08 15:53:30 - chaos - INFO - [DEBUG] ========== 开始执行 Case ==========
2026-05-08 15:53:30 - chaos - INFO - [DEBUG] Case名称: upu_duplicate
2026-05-08 15:53:30 - chaos - INFO - [DEBUG] Case类型: network
2026-05-08 15:53:30 - chaos - INFO - [DEBUG] 故障类型: duplicate
2026-05-08 15:53:30 - chaos - INFO - [DEBUG] 环境: 1_ssh_remote
2026-05-08 15:53:30 - chaos - INFO - [DEBUG] 执行 Case 迭代 1/1
2026-05-08 15:53:30 - chaos - INFO - [DEBUG] 开始获取目标列表...
2026-05-08 15:53:30 - chaos - INFO - 根据名称匹配规则获取 Pod，pattern: upu, namespace: ns-dupf
2026-05-08 15:53:30 - chaos - INFO - 找到包含匹配的 Pod: dupf-upu-dupf01-1-7578c56d88-dd8qf
2026-05-08 15:53:30 - chaos - INFO - 找到包含匹配的 Pod: dupf-upu-dupf01-2-7cd9b494c-5wrzj
2026-05-08 15:53:30 - chaos - INFO - 找到包含匹配的 Pod: dupf-upu-dupf01-3-585d949f88-x9fdd
2026-05-08 15:53:30 - chaos - INFO - 找到包含匹配的 Pod: dupf-upu-dupf02-4-6cf676c74d-vjw2p
2026-05-08 15:53:30 - chaos - INFO - 找到包含匹配的 Pod: dupf-upu-dupf02-5-59f4fcc94-xnnsm
2026-05-08 15:53:30 - chaos - INFO - 找到包含匹配的 Pod: dupf-upu-dupf02-6-958dc9889-mwfpf
2026-05-08 15:53:30 - chaos - INFO - 找到包含匹配的 Pod: dupf-upu-dupf03-7-66d56d9698-lczzs
2026-05-08 15:53:30 - chaos - INFO - 找到包含匹配的 Pod: dupf-upu-dupf03-8-c86996c4d-2m78z
2026-05-08 15:53:30 - chaos - INFO - 找到包含匹配的 Pod: dupf-upu-dupf03-9-796496f54b-t8vzm
2026-05-08 15:53:30 - chaos - INFO - 找到包含匹配的 Pod: dupf-upu-dupf04-10-d795f9b6d-jvcrm
2026-05-08 15:53:30 - chaos - INFO - 找到包含匹配的 Pod: dupf-upu-dupf04-11-ff6798bf5-9v75t
2026-05-08 15:53:30 - chaos - INFO - 找到包含匹配的 Pod: dupf-upu-dupf04-12-56b5ddb4fb-2j4rs
2026-05-08 15:53:30 - chaos - INFO - 找到 12 个匹配的 Pod
2026-05-08 15:53:30 - chaos - INFO - 随机选择 Pod: dupf-upu-dupf01-1-7578c56d88-dd8qf
2026-05-08 15:53:30 - chaos - INFO - [DEBUG] 找到 1 个目标
2026-05-08 15:53:30 - chaos - INFO - [DEBUG] ---------- 处理目标 1/1 ----------
2026-05-08 15:53:30 - chaos - INFO - [DEBUG] 目标名称: dupf-upu-dupf01-1-7578c56d88-dd8qf
2026-05-08 15:53:30 - chaos - INFO - [DEBUG] 目标节点: None
2026-05-08 15:53:30 - chaos - INFO - [DEBUG] 创建故障注入器...
2026-05-08 15:53:30 - chaos - INFO - [DEBUG] 准备注入故障...
2026-05-08 15:53:30 - chaos - INFO - [DEBUG] 注入参数: {'fault_type': 'duplicate', 'correlation': ['30%', '90%'], 'percent': ['10%', '90%']}
2026-05-08 15:53:30 - chaos - INFO - 获取 Pod dupf-upu-dupf01-1-7578c56d88-dd8qf 的 pause 容器 ID
2026-05-08 15:53:30 - chaos - INFO - 获取 Pod dupf-upu-dupf01-1-7578c56d88-dd8qf 所在的节点，namespace: ns-dupf
2026-05-08 15:53:30 - chaos - INFO - Pod dupf-upu-dupf01-1-7578c56d88-dd8qf 运行在节点 dupf01
2026-05-08 15:53:30 - chaos - INFO - Pod dupf-upu-dupf01-1-7578c56d88-dd8qf 运行在节点 dupf01
2026-05-08 15:53:30 - chaos - INFO - 找到节点 dupf01 对应的环境: 1_ssh_remote
2026-05-08 15:53:30 - chaos - INFO - 解析后的 pause 容器 ID: d8c18e184701
2026-05-08 15:53:30 - chaos - INFO - 获取容器的 PID
2026-05-08 15:53:30 - chaos - INFO - 容器 ID: d8c18e184701
2026-05-08 15:53:30 - chaos - INFO - 提取的容器 PID: 54289
2026-05-08 15:53:30 - chaos - INFO - 为 Pod dupf-upu-dupf01-1-7578c56d88-dd8qf 注入网络数据包重复
2026-05-08 15:53:30 - chaos - INFO - 重复比例: 15%
2026-05-08 15:53:30 - chaos - INFO - 相关性: 59%
2026-05-08 15:53:30 - chaos - INFO - tc 命令: tc qdisc add dev eth0 root netem duplicate 15% 59%
2026-05-08 15:53:30 - chaos - INFO - 网络数据包重复注入成功
2026-05-08 15:53:30 - chaos - INFO - [DEBUG] 故障注入成功
2026-05-08 15:53:30 - chaos - INFO - [DEBUG] 故障ID: duplicate_dupf-upu-dupf01-1-7578c56d88-dd8qf_ns-dupf_1778226810
2026-05-08 15:53:30 - chaos - INFO - 记录故障：duplicate_dupf-upu-dupf01-1-7578c56d88-dd8qf_ns-dupf_1778226810
2026-05-08 15:53:30 - chaos - INFO - [DEBUG] 开始等待 duration: 240s (240.0秒)
2026-05-08 15:57:30 - chaos - INFO - [DEBUG] duration 等待完成
2026-05-08 15:57:30 - chaos - INFO - [DEBUG] 开始清理故障: duplicate_dupf-upu-dupf01-1-7578c56d88-dd8qf_ns-dupf_1778226810
2026-05-08 15:57:30 - chaos - INFO - 获取 Pod dupf-upu-dupf01-1-7578c56d88-dd8qf 的 pause 容器 ID
2026-05-08 15:57:30 - chaos - INFO - 获取 Pod dupf-upu-dupf01-1-7578c56d88-dd8qf 所在的节点，namespace: ns-dupf
2026-05-08 15:57:31 - chaos - INFO - Pod dupf-upu-dupf01-1-7578c56d88-dd8qf 运行在节点 dupf01
2026-05-08 15:57:31 - chaos - INFO - Pod dupf-upu-dupf01-1-7578c56d88-dd8qf 运行在节点 dupf01
2026-05-08 15:57:31 - chaos - INFO - 找到节点 dupf01 对应的环境: 1_ssh_remote
2026-05-08 15:57:31 - chaos - INFO - 解析后的 pause 容器 ID: d8c18e184701
2026-05-08 15:57:31 - chaos - INFO - 获取容器的 PID
2026-05-08 15:57:31 - chaos - INFO - 容器 ID: d8c18e184701
2026-05-08 15:57:31 - chaos - INFO - 提取的容器 PID: 54289
2026-05-08 15:57:31 - chaos - INFO - 恢复网络故障：duplicate_dupf-upu-dupf01-1-7578c56d88-dd8qf_ns-dupf_1778226810
2026-05-08 15:57:31 - chaos - INFO - [DEBUG] 故障清理成功: duplicate_dupf-upu-dupf01-1-7578c56d88-dd8qf_ns-dupf_1778226810
2026-05-08 15:57:31 - chaos - INFO - 标记故障已恢复：duplicate_dupf-upu-dupf01-1-7578c56d88-dd8qf_ns-dupf_1778226810
2026-05-08 15:57:31 - chaos - INFO - 任务执行成功: UPU 数据包重复 (耗时: 241.42s)
2026-05-08 15:57:31 - chaos - INFO - 
================================================================================
                           Workflow Execution Report                            
================================================================================
Workflow ID    : upu_parallel_network_duplicate_001
Workflow Name  : UPU 并行数据包重复工作流
Status         : SUCCESS
Start Time     : 2026-05-08 15:53:19
End Time       : 2026-05-08 15:57:31
Total Duration : 251.44s
Success Rate   : 100.00%
================================================================================

Task Results:
--------------------------------------------------------------------------------
  [SUCCESS ] UPU 数据包重复                      Duration: 241.42s  Group: N/A

================================================================================
Summary Statistics
================================================================================
Total Tasks    : 1
Success        : 1
Failed         : 0
Timeout        : 0
Skipped        : 0
================================================================================
2026-05-08 15:57:31 - chaos - INFO - ============================================================
2026-05-08 15:57:31 - chaos - INFO - 执行 workflow 级别的 auto_clear
2026-05-08 15:57:31 - chaos - INFO - ============================================================
2026-05-08 15:57:31 - chaos - INFO - 需要清理的环境: 1_ssh_remote
2026-05-08 15:57:31 - chaos - INFO - 清理环境 1_ssh_remote 的网络故障...
2026-05-08 15:57:31 - chaos - INFO - 获取 Pod 列表，namespace: ns-dupf, nodename: dupf01
2026-05-08 15:57:31 - chaos - INFO - 找到 15 个 Pod
2026-05-08 15:57:31 - chaos - INFO - 找到 15 个 pod
2026-05-08 15:57:31 - chaos - INFO - 清除 Pod dupf-ddb-shd-0-2 的网络故障
2026-05-08 15:57:31 - chaos - INFO - 命名空间: ns-dupf, 网络设备: eth0
2026-05-08 15:57:31 - chaos - INFO - 获取 Pod dupf-ddb-shd-0-2 的 pause 容器 ID
2026-05-08 15:57:31 - chaos - INFO - 解析后的 pause 容器 ID: 11b9bcfdcc7d
2026-05-08 15:57:31 - chaos - INFO - 获取容器的 PID
2026-05-08 15:57:31 - chaos - INFO - 容器 ID: 11b9bcfdcc7d
2026-05-08 15:57:32 - chaos - INFO - 提取的容器 PID: 56490
2026-05-08 15:57:32 - chaos - INFO - Pod dupf-ddb-shd-0-2 的网络故障清除成功
2026-05-08 15:57:32 - chaos - INFO - 清除 Pod dupf-ddb-shd-2-0 的网络故障
2026-05-08 15:57:32 - chaos - INFO - 命名空间: ns-dupf, 网络设备: eth0
2026-05-08 15:57:32 - chaos - INFO - 获取 Pod dupf-ddb-shd-2-0 的 pause 容器 ID
2026-05-08 15:57:32 - chaos - INFO - 解析后的 pause 容器 ID: eb6741339149
2026-05-08 15:57:32 - chaos - INFO - 获取容器的 PID
2026-05-08 15:57:32 - chaos - INFO - 容器 ID: eb6741339149
2026-05-08 15:57:32 - chaos - INFO - 提取的容器 PID: 60135
2026-05-08 15:57:32 - chaos - INFO - Pod dupf-ddb-shd-2-0 的网络故障清除成功
2026-05-08 15:57:32 - chaos - INFO - 清除 Pod dupf-etcd-2 的网络故障
2026-05-08 15:57:32 - chaos - INFO - 命名空间: ns-dupf, 网络设备: eth0
2026-05-08 15:57:32 - chaos - INFO - 获取 Pod dupf-etcd-2 的 pause 容器 ID
2026-05-08 15:57:32 - chaos - INFO - 解析后的 pause 容器 ID: 3cc8373b2962
2026-05-08 15:57:32 - chaos - INFO - 获取容器的 PID
2026-05-08 15:57:32 - chaos - INFO - 容器 ID: 3cc8373b2962
2026-05-08 15:57:32 - chaos - INFO - 提取的容器 PID: 52344
2026-05-08 15:57:32 - chaos - INFO - Pod dupf-etcd-2 的网络故障清除成功
2026-05-08 15:57:32 - chaos - INFO - 清除 Pod dupf-file-sync-cp7xf 的网络故障
2026-05-08 15:57:32 - chaos - INFO - 命名空间: ns-dupf, 网络设备: eth0
2026-05-08 15:57:32 - chaos - INFO - 获取 Pod dupf-file-sync-cp7xf 的 pause 容器 ID
2026-05-08 15:57:32 - chaos - INFO - 解析后的 pause 容器 ID: d0ea761e5e4e
2026-05-08 15:57:32 - chaos - INFO - 获取容器的 PID
2026-05-08 15:57:32 - chaos - INFO - 容器 ID: d0ea761e5e4e
2026-05-08 15:57:33 - chaos - INFO - 提取的容器 PID: 55694
2026-05-08 15:57:40 - chaos - INFO - Pod dupf-file-sync-cp7xf 的网络故障清除成功
2026-05-08 15:57:40 - chaos - INFO - 清除 Pod dupf-node-monitor-67qq8 的网络故障
2026-05-08 15:57:40 - chaos - INFO - 命名空间: ns-dupf, 网络设备: eth0
2026-05-08 15:57:40 - chaos - INFO - 获取 Pod dupf-node-monitor-67qq8 的 pause 容器 ID
2026-05-08 15:57:40 - chaos - INFO - 解析后的 pause 容器 ID: 511f0726aca2
2026-05-08 15:57:40 - chaos - INFO - 获取容器的 PID
2026-05-08 15:57:40 - chaos - INFO - 容器 ID: 511f0726aca2
2026-05-08 15:57:33 - chaos - INFO - 提取的容器 PID: 55791
2026-05-08 15:57:33 - chaos - INFO - Pod dupf-node-monitor-67qq8 的网络故障清除成功
2026-05-08 15:57:33 - chaos - INFO - 清除 Pod dupf-prometheus-7f486d9788-856l7 的网络故障
2026-05-08 15:57:33 - chaos - INFO - 命名空间: ns-dupf, 网络设备: eth0
2026-05-08 15:57:33 - chaos - INFO - 获取 Pod dupf-prometheus-7f486d9788-856l7 的 pause 容器 ID
2026-05-08 15:57:33 - chaos - INFO - 解析后的 pause 容器 ID: 64a24fc1308b
2026-05-08 15:57:33 - chaos - INFO - 获取容器的 PID
2026-05-08 15:57:33 - chaos - INFO - 容器 ID: 64a24fc1308b
2026-05-08 15:57:33 - chaos - INFO - 提取的容器 PID: 52912
2026-05-08 15:57:33 - chaos - INFO - Pod dupf-prometheus-7f486d9788-856l7 的网络故障清除成功
2026-05-08 15:57:33 - chaos - INFO - 清除 Pod dupf-registry-center-2 的网络故障
2026-05-08 15:57:33 - chaos - INFO - 命名空间: ns-dupf, 网络设备: eth0
2026-05-08 15:57:33 - chaos - INFO - 获取 Pod dupf-registry-center-2 的 pause 容器 ID
2026-05-08 15:57:33 - chaos - INFO - 解析后的 pause 容器 ID: 09cccee66afb
2026-05-08 15:57:33 - chaos - INFO - 获取容器的 PID
2026-05-08 15:57:33 - chaos - INFO - 容器 ID: 09cccee66afb
2026-05-08 15:57:33 - chaos - INFO - 提取的容器 PID: 8097
2026-05-08 15:57:34 - chaos - INFO - Pod dupf-registry-center-2 的网络故障清除成功
2026-05-08 15:57:34 - chaos - INFO - 清除 Pod dupf-sdb-1 的网络故障
2026-05-08 15:57:34 - chaos - INFO - 命名空间: ns-dupf, 网络设备: eth0
2026-05-08 15:57:34 - chaos - INFO - 获取 Pod dupf-sdb-1 的 pause 容器 ID
2026-05-08 15:57:34 - chaos - INFO - 解析后的 pause 容器 ID: c83947f725c5
2026-05-08 15:57:34 - chaos - INFO - 获取容器的 PID
2026-05-08 15:57:34 - chaos - INFO - 容器 ID: c83947f725c5
2026-05-08 15:57:34 - chaos - INFO - 提取的容器 PID: 56495
2026-05-08 15:57:34 - chaos - INFO - Pod dupf-sdb-1 的网络故障清除成功
2026-05-08 15:57:34 - chaos - INFO - 清除 Pod dupf-sdb-sentinel-2 的网络故障
2026-05-08 15:57:34 - chaos - INFO - 命名空间: ns-dupf, 网络设备: eth0
2026-05-08 15:57:34 - chaos - INFO - 获取 Pod dupf-sdb-sentinel-2 的 pause 容器 ID
2026-05-08 15:57:34 - chaos - INFO - 解析后的 pause 容器 ID: 45a2fb40f9c3
2026-05-08 15:57:34 - chaos - INFO - 获取容器的 PID
2026-05-08 15:57:34 - chaos - INFO - 容器 ID: 45a2fb40f9c3
2026-05-08 15:57:34 - chaos - INFO - 提取的容器 PID: 56485
2026-05-08 15:57:34 - chaos - INFO - Pod dupf-sdb-sentinel-2 的网络故障清除成功
2026-05-08 15:57:34 - chaos - INFO - 清除 Pod dupf-sf-mq-proxy-2 的网络故障
2026-05-08 15:57:34 - chaos - INFO - 命名空间: ns-dupf, 网络设备: eth0
2026-05-08 15:57:34 - chaos - INFO - 获取 Pod dupf-sf-mq-proxy-2 的 pause 容器 ID
2026-05-08 15:57:34 - chaos - INFO - 解析后的 pause 容器 ID: aedeffcae771
2026-05-08 15:57:34 - chaos - INFO - 获取容器的 PID
2026-05-08 15:57:34 - chaos - INFO - 容器 ID: aedeffcae771
2026-05-08 15:57:34 - chaos - INFO - 提取的容器 PID: 59302
2026-05-08 15:57:34 - chaos - INFO - Pod dupf-sf-mq-proxy-2 的网络故障清除成功
2026-05-08 15:57:34 - chaos - INFO - 清除 Pod dupf-upc-5c84ff589c-btt52 的网络故障
2026-05-08 15:57:34 - chaos - INFO - 命名空间: ns-dupf, 网络设备: eth0
2026-05-08 15:57:34 - chaos - INFO - 获取 Pod dupf-upc-5c84ff589c-btt52 的 pause 容器 ID
2026-05-08 15:57:35 - chaos - INFO - 解析后的 pause 容器 ID: 30deac2c6220
2026-05-08 15:57:35 - chaos - INFO - 获取容器的 PID
2026-05-08 15:57:35 - chaos - INFO - 容器 ID: 30deac2c6220
2026-05-08 15:57:35 - chaos - INFO - 提取的容器 PID: 53503
2026-05-08 15:57:35 - chaos - INFO - Pod dupf-upc-5c84ff589c-btt52 的网络故障清除成功
2026-05-08 15:57:35 - chaos - INFO - 清除 Pod dupf-upc-5c84ff589c-fqnf7 的网络故障
2026-05-08 15:57:35 - chaos - INFO - 命名空间: ns-dupf, 网络设备: eth0
2026-05-08 15:57:35 - chaos - INFO - 获取 Pod dupf-upc-5c84ff589c-fqnf7 的 pause 容器 ID
2026-05-08 15:57:35 - chaos - INFO - 解析后的 pause 容器 ID: 6f392aa15848
2026-05-08 15:57:35 - chaos - INFO - 获取容器的 PID
2026-05-08 15:57:35 - chaos - INFO - 容器 ID: 6f392aa15848
2026-05-08 15:57:35 - chaos - INFO - 提取的容器 PID: 53471
2026-05-08 15:57:35 - chaos - INFO - Pod dupf-upc-5c84ff589c-fqnf7 的网络故障清除成功
2026-05-08 15:57:35 - chaos - INFO - 清除 Pod dupf-upu-dupf01-1-7578c56d88-dd8qf 的网络故障
2026-05-08 15:57:35 - chaos - INFO - 命名空间: ns-dupf, 网络设备: eth0
2026-05-08 15:57:35 - chaos - INFO - 获取 Pod dupf-upu-dupf01-1-7578c56d88-dd8qf 的 pause 容器 ID
2026-05-08 15:57:35 - chaos - INFO - 解析后的 pause 容器 ID: d8c18e184701
2026-05-08 15:57:35 - chaos - INFO - 获取容器的 PID
2026-05-08 15:57:35 - chaos - INFO - 容器 ID: d8c18e184701
2026-05-08 15:57:35 - chaos - INFO - 提取的容器 PID: 54289
2026-05-08 15:57:35 - chaos - INFO - Pod dupf-upu-dupf01-1-7578c56d88-dd8qf 的网络故障清除成功
2026-05-08 15:57:35 - chaos - INFO - 清除 Pod dupf-upu-dupf01-2-7cd9b494c-5wrzj 的网络故障
2026-05-08 15:57:35 - chaos - INFO - 命名空间: ns-dupf, 网络设备: eth0
2026-05-08 15:57:35 - chaos - INFO - 获取 Pod dupf-upu-dupf01-2-7cd9b494c-5wrzj 的 pause 容器 ID
2026-05-08 15:57:36 - chaos - INFO - 解析后的 pause 容器 ID: 045e1b477bbf
2026-05-08 15:57:36 - chaos - INFO - 获取容器的 PID
2026-05-08 15:57:36 - chaos - INFO - 容器 ID: 045e1b477bbf
2026-05-08 15:57:36 - chaos - INFO - 提取的容器 PID: 33786
2026-05-08 15:57:36 - chaos - INFO - Pod dupf-upu-dupf01-2-7cd9b494c-5wrzj 的网络故障清除成功
2026-05-08 15:57:36 - chaos - INFO - 清除 Pod dupf-upu-dupf01-3-585d949f88-x9fdd 的网络故障
2026-05-08 15:57:36 - chaos - INFO - 命名空间: ns-dupf, 网络设备: eth0
2026-05-08 15:57:36 - chaos - INFO - 获取 Pod dupf-upu-dupf01-3-585d949f88-x9fdd 的 pause 容器 ID
2026-05-08 15:57:36 - chaos - INFO - 解析后的 pause 容器 ID: df4f22e1420a
2026-05-08 15:57:36 - chaos - INFO - 获取容器的 PID
2026-05-08 15:57:36 - chaos - INFO - 容器 ID: df4f22e1420a
2026-05-08 15:57:36 - chaos - INFO - 提取的容器 PID: 54597
2026-05-08 15:57:36 - chaos - INFO - Pod dupf-upu-dupf01-3-585d949f88-x9fdd 的网络故障清除成功
2026-05-08 15:57:36 - chaos - INFO - 环境 1_ssh_remote 网络故障清除完成：成功 15, 失败 0
2026-05-08 15:57:36 - chaos - INFO - ============================================================
2026-05-08 15:57:36 - chaos - INFO - workflow 级别的 auto_clear 完成
2026-05-08 15:57:36 - chaos - INFO - ============================================================
2026-05-08 15:57:36 - chaos - INFO - 
================================================================================
2026-05-08 15:57:36 - chaos - INFO - 执行workflow: cases/upu/upu/workflow_parallel_kill_upu.yaml
2026-05-08 15:57:36 - chaos - INFO - ================================================================================
2026-05-08 15:57:36 - chaos - INFO - Successfully parsed workflow: upu_parallel_process_kill_001
2026-05-08 15:57:36 - chaos - INFO - ============================================================
2026-05-08 15:57:36 - chaos - INFO - 开始执行工作流: UPU 并行进程杀除工作流
2026-05-08 15:57:36 - chaos - INFO - 工作流 ID: upu_parallel_process_kill_001
2026-05-08 15:57:36 - chaos - INFO - 执行模式: parallel
2026-05-08 15:57:36 - chaos - INFO - ============================================================
2026-05-08 15:57:36 - chaos - INFO - 启动延迟 10.0s
2026-05-08 15:57:46 - chaos - INFO - 执行计划: 共 1 层
2026-05-08 15:57:46 - chaos - INFO - 
============================================================
2026-05-08 15:57:46 - chaos - INFO - 执行第 1/1 层，共 1 个任务
2026-05-08 15:57:46 - chaos - INFO - ============================================================
2026-05-08 15:57:46 - chaos - INFO - [DEBUG] 开始执行任务: UPU 进程杀除 (kill_upu)
2026-05-08 15:57:46 - chaos - INFO - [DEBUG] 任务类型: process, 故障类型: kill
2026-05-08 15:57:46 - chaos - INFO - [DEBUG] 目标: Pod: upu
2026-05-08 15:57:46 - chaos - INFO - [DEBUG] Duration: 240s, Loop: 1
2026-05-08 15:57:46 - chaos - INFO - [DEBUG] 任务超时时间: 300.0s
2026-05-08 15:57:46 - chaos - INFO - [DEBUG] ========== 开始执行 Case ==========
2026-05-08 15:57:46 - chaos - INFO - [DEBUG] Case名称: upu_kill
2026-05-08 15:57:46 - chaos - INFO - [DEBUG] Case类型: process
2026-05-08 15:57:46 - chaos - INFO - [DEBUG] 故障类型: kill
2026-05-08 15:57:46 - chaos - INFO - [DEBUG] 环境: 1_ssh_remote
2026-05-08 15:57:46 - chaos - INFO - [DEBUG] 执行 Case 迭代 1/1
2026-05-08 15:57:46 - chaos - INFO - [DEBUG] 开始获取目标列表...
2026-05-08 15:57:46 - chaos.utils.remote - INFO - 连接 root@10.230.246.167:50163 不可用，需要重连
2026-05-08 15:57:46 - chaos.utils.remote - INFO - 尝试重连: root@10.230.246.167:50163
2026-05-08 15:57:46 - chaos.utils.remote - INFO - SSH连接建立成功: 10.230.246.167:50163, 耗时: 0.10s
2026-05-08 15:57:46 - chaos.utils.remote - INFO - 重连成功: root@10.230.246.167:50163
2026-05-08 15:57:46 - chaos - INFO - 根据名称匹配规则获取 Pod，pattern: upu, namespace: ns-dupf
2026-05-08 15:57:47 - chaos - INFO - 找到包含匹配的 Pod: dupf-upu-dupf01-1-7578c56d88-dd8qf
2026-05-08 15:57:47 - chaos - INFO - 找到包含匹配的 Pod: dupf-upu-dupf01-2-7cd9b494c-5wrzj
2026-05-08 15:57:47 - chaos - INFO - 找到包含匹配的 Pod: dupf-upu-dupf01-3-585d949f88-x9fdd
2026-05-08 15:57:47 - chaos - INFO - 找到包含匹配的 Pod: dupf-upu-dupf02-4-6cf676c74d-vjw2p
2026-05-08 15:57:47 - chaos - INFO - 找到包含匹配的 Pod: dupf-upu-dupf02-5-59f4fcc94-xnnsm
2026-05-08 15:57:47 - chaos - INFO - 找到包含匹配的 Pod: dupf-upu-dupf02-6-958dc9889-mwfpf
2026-05-08 15:57:47 - chaos - INFO - 找到包含匹配的 Pod: dupf-upu-dupf03-7-66d56d9698-lczzs
2026-05-08 15:57:47 - chaos - INFO - 找到包含匹配的 Pod: dupf-upu-dupf03-8-c86996c4d-2m78z
2026-05-08 15:57:47 - chaos - INFO - 找到包含匹配的 Pod: dupf-upu-dupf03-9-796496f54b-t8vzm
2026-05-08 15:57:47 - chaos - INFO - 找到包含匹配的 Pod: dupf-upu-dupf04-10-d795f9b6d-jvcrm
2026-05-08 15:57:47 - chaos - INFO - 找到包含匹配的 Pod: dupf-upu-dupf04-11-ff6798bf5-9v75t
2026-05-08 15:57:47 - chaos - INFO - 找到包含匹配的 Pod: dupf-upu-dupf04-12-56b5ddb4fb-2j4rs
2026-05-08 15:57:47 - chaos - INFO - 找到 12 个匹配的 Pod
2026-05-08 15:57:47 - chaos - INFO - 随机选择 Pod: dupf-upu-dupf02-5-59f4fcc94-xnnsm
2026-05-08 15:57:47 - chaos - INFO - [DEBUG] 找到 1 个目标
2026-05-08 15:57:47 - chaos - INFO - [DEBUG] ---------- 处理目标 1/1 ----------
2026-05-08 15:57:47 - chaos - INFO - [DEBUG] 目标名称: dupf-upu-dupf02-5-59f4fcc94-xnnsm
2026-05-08 15:57:47 - chaos - INFO - [DEBUG] 目标节点: None
2026-05-08 15:57:47 - chaos - INFO - [DEBUG] 创建故障注入器...
2026-05-08 15:57:47 - chaos - INFO - [DEBUG] 准备注入故障...
2026-05-08 15:57:47 - chaos - INFO - [DEBUG] 注入参数: {'fault_type': 'kill', 'main_process_pid': 1, 'signal': 15}
2026-05-08 15:57:47 - chaos - INFO - Kill 进程: Pod=dupf-upu-dupf02-5-59f4fcc94-xnnsm, Namespace=ns-dupf, Signal=15, PID=1
2026-05-08 15:57:47 - chaos - INFO - 进程 kill 成功: Signal=15, PID=1
2026-05-08 15:57:47 - chaos - INFO - [DEBUG] 故障注入成功
2026-05-08 15:57:47 - chaos - INFO - [DEBUG] 故障ID: process_kill_dupf-upu-dupf02-5-59f4fcc94-xnnsm_ns-dupf_15_1_1778227067
2026-05-08 15:57:47 - chaos - INFO - 记录故障：process_kill_dupf-upu-dupf02-5-59f4fcc94-xnnsm_ns-dupf_15_1_1778227067
2026-05-08 15:57:47 - chaos - INFO - [DEBUG] 开始等待 duration: 240s (240.0秒)
2026-05-08 16:01:55 - chaos - INFO - [DEBUG] duration 等待完成
2026-05-08 16:01:55 - chaos - INFO - [DEBUG] 开始清理故障: process_kill_dupf-upu-dupf02-5-59f4fcc94-xnnsm_ns-dupf_15_1_1778227067
2026-05-08 16:01:55 - chaos - INFO - 进程故障自动恢复（进程守护自动拉起）: process_kill_dupf-upu-dupf02-5-59f4fcc94-xnnsm_ns-dupf_15_1_1778227067
2026-05-08 16:01:55 - chaos - INFO - [DEBUG] 故障清理成功: process_kill_dupf-upu-dupf02-5-59f4fcc94-xnnsm_ns-dupf_15_1_1778227067
2026-05-08 16:01:55 - chaos - INFO - 标记故障已恢复：process_kill_dupf-upu-dupf02-5-59f4fcc94-xnnsm_ns-dupf_15_1_1778227067
2026-05-08 16:01:55 - chaos - INFO - 任务执行成功: UPU 进程杀除 (耗时: 248.88s)
2026-05-08 16:01:55 - chaos - INFO - 
================================================================================
                           Workflow Execution Report                            
================================================================================
Workflow ID    : upu_parallel_process_kill_001
Workflow Name  : UPU 并行进程杀除工作流
Status         : SUCCESS
Start Time     : 2026-05-08 15:57:36
End Time       : 2026-05-08 16:01:55
Total Duration : 258.91s
Success Rate   : 100.00%
================================================================================

Task Results:
--------------------------------------------------------------------------------
  [SUCCESS ] UPU 进程杀除                       Duration: 248.88s  Group: N/A

================================================================================
Summary Statistics
================================================================================
Total Tasks    : 1
Success        : 1
Failed         : 0
Timeout        : 0
Skipped        : 0
================================================================================
2026-05-08 16:01:55 - chaos - INFO - 
================================================================================
2026-05-08 16:01:55 - chaos - INFO - 执行workflow: cases/upu/upu/workflow_parallel_loss_upu.yaml
2026-05-08 16:01:55 - chaos - INFO - ================================================================================
2026-05-08 16:01:55 - chaos - INFO - Successfully parsed workflow: upu_parallel_network_loss_001
2026-05-08 16:01:55 - chaos - INFO - ============================================================
2026-05-08 16:01:55 - chaos - INFO - 开始执行工作流: UPU 并行网络丢包工作流
2026-05-08 16:01:55 - chaos - INFO - 工作流 ID: upu_parallel_network_loss_001
2026-05-08 16:01:55 - chaos - INFO - 执行模式: parallel
2026-05-08 16:01:55 - chaos - INFO - ============================================================
2026-05-08 16:01:55 - chaos - INFO - 启动延迟 10.0s
2026-05-08 16:01:57 - chaos - INFO - 执行计划: 共 1 层
2026-05-08 16:01:57 - chaos - INFO - 
============================================================
2026-05-08 16:01:57 - chaos - INFO - 执行第 1/1 层，共 1 个任务
2026-05-08 16:01:57 - chaos - INFO - ============================================================
2026-05-08 16:01:57 - chaos - INFO - [DEBUG] 开始执行任务: UPU 网络丢包 (loss_upu)
2026-05-08 16:01:57 - chaos - INFO - [DEBUG] 任务类型: network, 故障类型: loss
2026-05-08 16:01:57 - chaos - INFO - [DEBUG] 目标: Pod: upu
2026-05-08 16:01:57 - chaos - INFO - [DEBUG] Duration: 240s, Loop: 1
2026-05-08 16:01:57 - chaos - INFO - [DEBUG] 任务超时时间: 300.0s
2026-05-08 16:01:57 - chaos - INFO - [DEBUG] ========== 开始执行 Case ==========
2026-05-08 16:01:57 - chaos - INFO - [DEBUG] Case名称: upu_loss
2026-05-08 16:01:57 - chaos - INFO - [DEBUG] Case类型: network
2026-05-08 16:01:57 - chaos - INFO - [DEBUG] 故障类型: loss
2026-05-08 16:01:57 - chaos - INFO - [DEBUG] 环境: 1_ssh_remote
2026-05-08 16:01:57 - chaos - INFO - [DEBUG] 执行 Case 迭代 1/1
2026-05-08 16:01:57 - chaos - INFO - [DEBUG] 开始获取目标列表...
2026-05-08 16:01:57 - chaos - INFO - 根据名称匹配规则获取 Pod，pattern: upu, namespace: ns-dupf
2026-05-08 16:01:58 - chaos - INFO - 找到包含匹配的 Pod: dupf-upu-dupf01-1-7578c56d88-dd8qf
2026-05-08 16:01:58 - chaos - INFO - 找到包含匹配的 Pod: dupf-upu-dupf01-2-7cd9b494c-5wrzj
2026-05-08 16:01:58 - chaos - INFO - 找到包含匹配的 Pod: dupf-upu-dupf01-3-585d949f88-x9fdd
2026-05-08 16:01:58 - chaos - INFO - 找到包含匹配的 Pod: dupf-upu-dupf02-4-6cf676c74d-vjw2p
2026-05-08 16:01:58 - chaos - INFO - 找到包含匹配的 Pod: dupf-upu-dupf02-5-59f4fcc94-xnnsm
2026-05-08 16:01:58 - chaos - INFO - 找到包含匹配的 Pod: dupf-upu-dupf02-6-958dc9889-mwfpf
2026-05-08 16:01:58 - chaos - INFO - 找到包含匹配的 Pod: dupf-upu-dupf03-7-66d56d9698-lczzs
2026-05-08 16:01:58 - chaos - INFO - 找到包含匹配的 Pod: dupf-upu-dupf03-8-c86996c4d-2m78z
2026-05-08 16:01:58 - chaos - INFO - 找到包含匹配的 Pod: dupf-upu-dupf03-9-796496f54b-t8vzm
2026-05-08 16:01:58 - chaos - INFO - 找到包含匹配的 Pod: dupf-upu-dupf04-10-d795f9b6d-jvcrm
2026-05-08 16:01:58 - chaos - INFO - 找到包含匹配的 Pod: dupf-upu-dupf04-11-ff6798bf5-9v75t
2026-05-08 16:01:58 - chaos - INFO - 找到包含匹配的 Pod: dupf-upu-dupf04-12-56b5ddb4fb-2j4rs
2026-05-08 16:01:58 - chaos - INFO - 找到 12 个匹配的 Pod
2026-05-08 16:01:58 - chaos - INFO - 随机选择 Pod: dupf-upu-dupf02-6-958dc9889-mwfpf
2026-05-08 16:01:58 - chaos - INFO - [DEBUG] 找到 1 个目标
2026-05-08 16:01:58 - chaos - INFO - [DEBUG] ---------- 处理目标 1/1 ----------
2026-05-08 16:01:58 - chaos - INFO - [DEBUG] 目标名称: dupf-upu-dupf02-6-958dc9889-mwfpf
2026-05-08 16:01:58 - chaos - INFO - [DEBUG] 目标节点: None
2026-05-08 16:01:58 - chaos - INFO - [DEBUG] 创建故障注入器...
2026-05-08 16:01:58 - chaos - INFO - [DEBUG] 准备注入故障...
2026-05-08 16:01:58 - chaos - INFO - [DEBUG] 注入参数: {'fault_type': 'loss', 'correlation': ['30%', '90%'], 'percent': ['10%', '90%']}
2026-05-08 16:01:58 - chaos - INFO - 获取 Pod dupf-upu-dupf02-6-958dc9889-mwfpf 的 pause 容器 ID
2026-05-08 16:01:58 - chaos - INFO - 获取 Pod dupf-upu-dupf02-6-958dc9889-mwfpf 所在的节点，namespace: ns-dupf
2026-05-08 16:01:58 - chaos - INFO - Pod dupf-upu-dupf02-6-958dc9889-mwfpf 运行在节点 dupf02
2026-05-08 16:01:58 - chaos - INFO - Pod dupf-upu-dupf02-6-958dc9889-mwfpf 运行在节点 dupf02
2026-05-08 16:01:58 - chaos - INFO - 找到节点 dupf02 对应的环境: 2_ssh_remote
2026-05-08 16:01:58 - chaos - INFO - 解析后的 pause 容器 ID: 7eccc8e257c1
2026-05-08 16:01:58 - chaos - INFO - 获取容器的 PID
2026-05-08 16:01:58 - chaos - INFO - 容器 ID: 7eccc8e257c1
2026-05-08 16:02:06 - chaos - INFO - 提取的容器 PID: 60659
2026-05-08 16:02:06 - chaos - INFO - 为 Pod dupf-upu-dupf02-6-958dc9889-mwfpf 注入网络丢包
2026-05-08 16:02:06 - chaos - INFO - 丢包模型: gemodel
2026-05-08 16:02:06 - chaos - INFO - 丢包参数: {'p': '54%', 'pr': '90%', 'pr1-h': '55%', 'pr1-h1-k': '0.41%'}
2026-05-08 16:02:06 - chaos - INFO - ECN: True
2026-05-08 16:02:06 - chaos - INFO - tc 命令: tc qdisc add dev eth0 root netem loss gemodel 54% 90% 55% 0.41% ecn
2026-05-08 16:02:06 - chaos - INFO - 网络丢包注入成功
2026-05-08 16:02:06 - chaos - INFO - [DEBUG] 故障注入成功
2026-05-08 16:02:06 - chaos - INFO - [DEBUG] 故障ID: loss_dupf-upu-dupf02-6-958dc9889-mwfpf_ns-dupf_1778227318
2026-05-08 16:02:06 - chaos - INFO - 记录故障：loss_dupf-upu-dupf02-6-958dc9889-mwfpf_ns-dupf_1778227318
2026-05-08 16:02:06 - chaos - INFO - [DEBUG] 开始等待 duration: 240s (240.0秒)
2026-05-08 16:06:06 - chaos - INFO - [DEBUG] duration 等待完成
2026-05-08 16:06:06 - chaos - INFO - [DEBUG] 开始清理故障: loss_dupf-upu-dupf02-6-958dc9889-mwfpf_ns-dupf_1778227318
2026-05-08 16:06:06 - chaos - INFO - 获取 Pod dupf-upu-dupf02-6-958dc9889-mwfpf 的 pause 容器 ID
2026-05-08 16:06:06 - chaos - INFO - 获取 Pod dupf-upu-dupf02-6-958dc9889-mwfpf 所在的节点，namespace: ns-dupf
2026-05-08 16:06:06 - chaos - INFO - Pod dupf-upu-dupf02-6-958dc9889-mwfpf 运行在节点 dupf02
2026-05-08 16:06:06 - chaos - INFO - Pod dupf-upu-dupf02-6-958dc9889-mwfpf 运行在节点 dupf02
2026-05-08 16:06:06 - chaos - INFO - 找到节点 dupf02 对应的环境: 2_ssh_remote
2026-05-08 16:06:06 - chaos - INFO - 解析后的 pause 容器 ID: 7eccc8e257c1
2026-05-08 16:06:06 - chaos - INFO - 获取容器的 PID
2026-05-08 16:06:06 - chaos - INFO - 容器 ID: 7eccc8e257c1
2026-05-08 16:06:06 - chaos - INFO - 提取的容器 PID: 60659
2026-05-08 16:06:06 - chaos - INFO - 恢复网络故障：loss_dupf-upu-dupf02-6-958dc9889-mwfpf_ns-dupf_1778227318
2026-05-08 16:06:06 - chaos - INFO - [DEBUG] 故障清理成功: loss_dupf-upu-dupf02-6-958dc9889-mwfpf_ns-dupf_1778227318
2026-05-08 16:06:06 - chaos - INFO - 标记故障已恢复：loss_dupf-upu-dupf02-6-958dc9889-mwfpf_ns-dupf_1778227318
2026-05-08 16:06:06 - chaos - INFO - 任务执行成功: UPU 网络丢包 (耗时: 248.91s)
2026-05-08 16:06:06 - chaos - INFO - 
================================================================================
                           Workflow Execution Report                            
================================================================================
Workflow ID    : upu_parallel_network_loss_001
Workflow Name  : UPU 并行网络丢包工作流
Status         : SUCCESS
Start Time     : 2026-05-08 16:01:55
End Time       : 2026-05-08 16:06:06
Total Duration : 251.35s
Success Rate   : 100.00%
================================================================================

Task Results:
--------------------------------------------------------------------------------
  [SUCCESS ] UPU 网络丢包                       Duration: 248.91s  Group: N/A

================================================================================
Summary Statistics
================================================================================
Total Tasks    : 1
Success        : 1
Failed         : 0
Timeout        : 0
Skipped        : 0
================================================================================
2026-05-08 16:06:06 - chaos - INFO - ============================================================
2026-05-08 16:06:06 - chaos - INFO - 执行 workflow 级别的 auto_clear
2026-05-08 16:06:06 - chaos - INFO - ============================================================
2026-05-08 16:06:06 - chaos - INFO - 需要清理的环境: 1_ssh_remote
2026-05-08 16:06:06 - chaos - INFO - 清理环境 1_ssh_remote 的网络故障...
2026-05-08 16:06:06 - chaos - INFO - 获取 Pod 列表，namespace: ns-dupf, nodename: dupf01
2026-05-08 16:05:59 - chaos - INFO - 找到 15 个 Pod
2026-05-08 16:05:59 - chaos - INFO - 找到 15 个 pod
2026-05-08 16:05:59 - chaos - INFO - 清除 Pod dupf-ddb-shd-0-2 的网络故障
2026-05-08 16:05:59 - chaos - INFO - 命名空间: ns-dupf, 网络设备: eth0
2026-05-08 16:05:59 - chaos - INFO - 获取 Pod dupf-ddb-shd-0-2 的 pause 容器 ID
2026-05-08 16:05:59 - chaos - INFO - 解析后的 pause 容器 ID: 11b9bcfdcc7d
2026-05-08 16:05:59 - chaos - INFO - 获取容器的 PID
2026-05-08 16:05:59 - chaos - INFO - 容器 ID: 11b9bcfdcc7d
2026-05-08 16:05:59 - chaos - INFO - 提取的容器 PID: 56490
2026-05-08 16:05:59 - chaos - INFO - Pod dupf-ddb-shd-0-2 的网络故障清除成功
2026-05-08 16:05:59 - chaos - INFO - 清除 Pod dupf-ddb-shd-2-0 的网络故障
2026-05-08 16:05:59 - chaos - INFO - 命名空间: ns-dupf, 网络设备: eth0
2026-05-08 16:05:59 - chaos - INFO - 获取 Pod dupf-ddb-shd-2-0 的 pause 容器 ID
2026-05-08 16:06:00 - chaos - INFO - 解析后的 pause 容器 ID: eb6741339149
2026-05-08 16:06:00 - chaos - INFO - 获取容器的 PID
2026-05-08 16:06:00 - chaos - INFO - 容器 ID: eb6741339149
2026-05-08 16:06:00 - chaos - INFO - 提取的容器 PID: 60135
2026-05-08 16:06:00 - chaos - INFO - Pod dupf-ddb-shd-2-0 的网络故障清除成功
2026-05-08 16:06:00 - chaos - INFO - 清除 Pod dupf-etcd-2 的网络故障
2026-05-08 16:06:00 - chaos - INFO - 命名空间: ns-dupf, 网络设备: eth0
2026-05-08 16:06:00 - chaos - INFO - 获取 Pod dupf-etcd-2 的 pause 容器 ID
2026-05-08 16:06:00 - chaos - INFO - 解析后的 pause 容器 ID: 3cc8373b2962
2026-05-08 16:06:00 - chaos - INFO - 获取容器的 PID
2026-05-08 16:06:00 - chaos - INFO - 容器 ID: 3cc8373b2962
2026-05-08 16:06:00 - chaos - INFO - 提取的容器 PID: 52344
2026-05-08 16:06:00 - chaos - INFO - Pod dupf-etcd-2 的网络故障清除成功
2026-05-08 16:06:00 - chaos - INFO - 清除 Pod dupf-file-sync-cp7xf 的网络故障
2026-05-08 16:06:00 - chaos - INFO - 命名空间: ns-dupf, 网络设备: eth0
2026-05-08 16:06:00 - chaos - INFO - 获取 Pod dupf-file-sync-cp7xf 的 pause 容器 ID
2026-05-08 16:06:00 - chaos - INFO - 解析后的 pause 容器 ID: d0ea761e5e4e
2026-05-08 16:06:00 - chaos - INFO - 获取容器的 PID
2026-05-08 16:06:00 - chaos - INFO - 容器 ID: d0ea761e5e4e
2026-05-08 16:06:00 - chaos - INFO - 提取的容器 PID: 55694
2026-05-08 16:06:00 - chaos - INFO - Pod dupf-file-sync-cp7xf 的网络故障清除成功
2026-05-08 16:06:00 - chaos - INFO - 清除 Pod dupf-node-monitor-67qq8 的网络故障
2026-05-08 16:06:00 - chaos - INFO - 命名空间: ns-dupf, 网络设备: eth0
2026-05-08 16:06:00 - chaos - INFO - 获取 Pod dupf-node-monitor-67qq8 的 pause 容器 ID
2026-05-08 16:06:01 - chaos - INFO - 解析后的 pause 容器 ID: 511f0726aca2
2026-05-08 16:06:01 - chaos - INFO - 获取容器的 PID
2026-05-08 16:06:01 - chaos - INFO - 容器 ID: 511f0726aca2
2026-05-08 16:06:01 - chaos - INFO - 提取的容器 PID: 55791
2026-05-08 16:06:01 - chaos - INFO - Pod dupf-node-monitor-67qq8 的网络故障清除成功
2026-05-08 16:06:01 - chaos - INFO - 清除 Pod dupf-prometheus-7f486d9788-856l7 的网络故障
2026-05-08 16:06:01 - chaos - INFO - 命名空间: ns-dupf, 网络设备: eth0
2026-05-08 16:06:01 - chaos - INFO - 获取 Pod dupf-prometheus-7f486d9788-856l7 的 pause 容器 ID
2026-05-08 16:06:01 - chaos - INFO - 解析后的 pause 容器 ID: 64a24fc1308b
2026-05-08 16:06:01 - chaos - INFO - 获取容器的 PID
2026-05-08 16:06:01 - chaos - INFO - 容器 ID: 64a24fc1308b
2026-05-08 16:06:01 - chaos - INFO - 提取的容器 PID: 52912
2026-05-08 16:06:01 - chaos - INFO - Pod dupf-prometheus-7f486d9788-856l7 的网络故障清除成功
2026-05-08 16:06:01 - chaos - INFO - 清除 Pod dupf-registry-center-2 的网络故障
2026-05-08 16:06:01 - chaos - INFO - 命名空间: ns-dupf, 网络设备: eth0
2026-05-08 16:06:01 - chaos - INFO - 获取 Pod dupf-registry-center-2 的 pause 容器 ID
2026-05-08 16:06:01 - chaos - INFO - 解析后的 pause 容器 ID: 09cccee66afb
2026-05-08 16:06:01 - chaos - INFO - 获取容器的 PID
2026-05-08 16:06:01 - chaos - INFO - 容器 ID: 09cccee66afb
2026-05-08 16:06:01 - chaos - INFO - 提取的容器 PID: 8097
2026-05-08 16:06:01 - chaos - INFO - Pod dupf-registry-center-2 的网络故障清除成功
2026-05-08 16:06:01 - chaos - INFO - 清除 Pod dupf-sdb-1 的网络故障
2026-05-08 16:06:01 - chaos - INFO - 命名空间: ns-dupf, 网络设备: eth0
2026-05-08 16:06:01 - chaos - INFO - 获取 Pod dupf-sdb-1 的 pause 容器 ID
2026-05-08 16:06:01 - chaos - INFO - 解析后的 pause 容器 ID: c83947f725c5
2026-05-08 16:06:01 - chaos - INFO - 获取容器的 PID
2026-05-08 16:06:01 - chaos - INFO - 容器 ID: c83947f725c5
2026-05-08 16:06:02 - chaos - INFO - 提取的容器 PID: 56495
2026-05-08 16:06:02 - chaos - INFO - Pod dupf-sdb-1 的网络故障清除成功
2026-05-08 16:06:02 - chaos - INFO - 清除 Pod dupf-sdb-sentinel-2 的网络故障
2026-05-08 16:06:02 - chaos - INFO - 命名空间: ns-dupf, 网络设备: eth0
2026-05-08 16:06:02 - chaos - INFO - 获取 Pod dupf-sdb-sentinel-2 的 pause 容器 ID
2026-05-08 16:06:02 - chaos - INFO - 解析后的 pause 容器 ID: 45a2fb40f9c3
2026-05-08 16:06:02 - chaos - INFO - 获取容器的 PID
2026-05-08 16:06:02 - chaos - INFO - 容器 ID: 45a2fb40f9c3
2026-05-08 16:06:02 - chaos - INFO - 提取的容器 PID: 56485
2026-05-08 16:06:02 - chaos - INFO - Pod dupf-sdb-sentinel-2 的网络故障清除成功
2026-05-08 16:06:02 - chaos - INFO - 清除 Pod dupf-sf-mq-proxy-2 的网络故障
2026-05-08 16:06:02 - chaos - INFO - 命名空间: ns-dupf, 网络设备: eth0
2026-05-08 16:06:02 - chaos - INFO - 获取 Pod dupf-sf-mq-proxy-2 的 pause 容器 ID
2026-05-08 16:06:02 - chaos - INFO - 解析后的 pause 容器 ID: aedeffcae771
2026-05-08 16:06:02 - chaos - INFO - 获取容器的 PID
2026-05-08 16:06:02 - chaos - INFO - 容器 ID: aedeffcae771
2026-05-08 16:06:02 - chaos - INFO - 提取的容器 PID: 59302
2026-05-08 16:06:02 - chaos - INFO - Pod dupf-sf-mq-proxy-2 的网络故障清除成功
2026-05-08 16:06:02 - chaos - INFO - 清除 Pod dupf-upc-5c84ff589c-btt52 的网络故障
2026-05-08 16:06:02 - chaos - INFO - 命名空间: ns-dupf, 网络设备: eth0
2026-05-08 16:06:02 - chaos - INFO - 获取 Pod dupf-upc-5c84ff589c-btt52 的 pause 容器 ID
2026-05-08 16:06:02 - chaos - INFO - 解析后的 pause 容器 ID: 30deac2c6220
2026-05-08 16:06:02 - chaos - INFO - 获取容器的 PID
2026-05-08 16:06:02 - chaos - INFO - 容器 ID: 30deac2c6220
2026-05-08 16:06:03 - chaos - INFO - 提取的容器 PID: 53503
2026-05-08 16:06:03 - chaos - INFO - Pod dupf-upc-5c84ff589c-btt52 的网络故障清除成功
2026-05-08 16:06:03 - chaos - INFO - 清除 Pod dupf-upc-5c84ff589c-fqnf7 的网络故障
2026-05-08 16:06:03 - chaos - INFO - 命名空间: ns-dupf, 网络设备: eth0
2026-05-08 16:06:03 - chaos - INFO - 获取 Pod dupf-upc-5c84ff589c-fqnf7 的 pause 容器 ID
2026-05-08 16:06:03 - chaos - INFO - 解析后的 pause 容器 ID: 6f392aa15848
2026-05-08 16:06:03 - chaos - INFO - 获取容器的 PID
2026-05-08 16:06:03 - chaos - INFO - 容器 ID: 6f392aa15848
2026-05-08 16:06:03 - chaos - INFO - 提取的容器 PID: 53471
2026-05-08 16:06:03 - chaos - INFO - Pod dupf-upc-5c84ff589c-fqnf7 的网络故障清除成功
2026-05-08 16:06:03 - chaos - INFO - 清除 Pod dupf-upu-dupf01-1-7578c56d88-dd8qf 的网络故障
2026-05-08 16:06:03 - chaos - INFO - 命名空间: ns-dupf, 网络设备: eth0
2026-05-08 16:06:03 - chaos - INFO - 获取 Pod dupf-upu-dupf01-1-7578c56d88-dd8qf 的 pause 容器 ID
2026-05-08 16:06:03 - chaos - INFO - 解析后的 pause 容器 ID: d8c18e184701
2026-05-08 16:06:03 - chaos - INFO - 获取容器的 PID
2026-05-08 16:06:03 - chaos - INFO - 容器 ID: d8c18e184701
2026-05-08 16:06:03 - chaos - INFO - 提取的容器 PID: 54289
2026-05-08 16:06:03 - chaos - INFO - Pod dupf-upu-dupf01-1-7578c56d88-dd8qf 的网络故障清除成功
2026-05-08 16:06:03 - chaos - INFO - 清除 Pod dupf-upu-dupf01-2-7cd9b494c-5wrzj 的网络故障
2026-05-08 16:06:03 - chaos - INFO - 命名空间: ns-dupf, 网络设备: eth0
2026-05-08 16:06:03 - chaos - INFO - 获取 Pod dupf-upu-dupf01-2-7cd9b494c-5wrzj 的 pause 容器 ID
2026-05-08 16:06:03 - chaos - INFO - 解析后的 pause 容器 ID: 045e1b477bbf
2026-05-08 16:06:03 - chaos - INFO - 获取容器的 PID
2026-05-08 16:06:03 - chaos - INFO - 容器 ID: 045e1b477bbf
2026-05-08 16:06:03 - chaos - INFO - 提取的容器 PID: 33786
2026-05-08 16:06:04 - chaos - INFO - Pod dupf-upu-dupf01-2-7cd9b494c-5wrzj 的网络故障清除成功
2026-05-08 16:06:04 - chaos - INFO - 清除 Pod dupf-upu-dupf01-3-585d949f88-x9fdd 的网络故障
2026-05-08 16:06:04 - chaos - INFO - 命名空间: ns-dupf, 网络设备: eth0
2026-05-08 16:06:04 - chaos - INFO - 获取 Pod dupf-upu-dupf01-3-585d949f88-x9fdd 的 pause 容器 ID
2026-05-08 16:06:11 - chaos - INFO - 解析后的 pause 容器 ID: df4f22e1420a
2026-05-08 16:06:11 - chaos - INFO - 获取容器的 PID
2026-05-08 16:06:11 - chaos - INFO - 容器 ID: df4f22e1420a
2026-05-08 16:06:11 - chaos - INFO - 提取的容器 PID: 54597
2026-05-08 16:06:04 - chaos - INFO - Pod dupf-upu-dupf01-3-585d949f88-x9fdd 的网络故障清除成功
2026-05-08 16:06:04 - chaos - INFO - 环境 1_ssh_remote 网络故障清除完成：成功 15, 失败 0
2026-05-08 16:06:04 - chaos - INFO - ============================================================
2026-05-08 16:06:04 - chaos - INFO - workflow 级别的 auto_clear 完成
2026-05-08 16:06:04 - chaos - INFO - ============================================================
2026-05-08 16:06:04 - chaos - INFO - 
================================================================================
2026-05-08 16:06:04 - chaos - INFO - 执行workflow: cases/upu/upu/workflow_parallel_reorder_upu.yaml
2026-05-08 16:06:04 - chaos - INFO - ================================================================================
2026-05-08 16:06:04 - chaos - INFO - Successfully parsed workflow: upu_parallel_network_reorder_001
2026-05-08 16:06:04 - chaos - INFO - ============================================================
2026-05-08 16:06:04 - chaos - INFO - 开始执行工作流: UPU 并行数据包重排序工作流
2026-05-08 16:06:04 - chaos - INFO - 工作流 ID: upu_parallel_network_reorder_001
2026-05-08 16:06:04 - chaos - INFO - 执行模式: parallel
2026-05-08 16:06:04 - chaos - INFO - ============================================================
2026-05-08 16:06:04 - chaos - INFO - 启动延迟 10.0s
2026-05-08 16:06:14 - chaos - INFO - 执行计划: 共 1 层
2026-05-08 16:06:14 - chaos - INFO - 
============================================================
2026-05-08 16:06:14 - chaos - INFO - 执行第 1/1 层，共 1 个任务
2026-05-08 16:06:14 - chaos - INFO - ============================================================
2026-05-08 16:06:14 - chaos - INFO - [DEBUG] 开始执行任务: UPU 数据包重排序 (reorder_upu)
2026-05-08 16:06:14 - chaos - INFO - [DEBUG] 任务类型: network, 故障类型: reorder
2026-05-08 16:06:14 - chaos - INFO - [DEBUG] 目标: Pod: upu
2026-05-08 16:06:14 - chaos - INFO - [DEBUG] Duration: 240s, Loop: 1
2026-05-08 16:06:14 - chaos - INFO - [DEBUG] 任务超时时间: 300.0s
2026-05-08 16:06:14 - chaos - INFO - [DEBUG] ========== 开始执行 Case ==========
2026-05-08 16:06:14 - chaos - INFO - [DEBUG] Case名称: upu_reorder
2026-05-08 16:06:14 - chaos - INFO - [DEBUG] Case类型: network
2026-05-08 16:06:14 - chaos - INFO - [DEBUG] 故障类型: reorder
2026-05-08 16:06:14 - chaos - INFO - [DEBUG] 环境: 1_ssh_remote
2026-05-08 16:06:14 - chaos - INFO - [DEBUG] 执行 Case 迭代 1/1
2026-05-08 16:06:14 - chaos - INFO - [DEBUG] 开始获取目标列表...
2026-05-08 16:06:14 - chaos.utils.remote - INFO - 连接 root@10.230.246.167:50163 不可用，需要重连
2026-05-08 16:06:14 - chaos.utils.remote - INFO - 尝试重连: root@10.230.246.167:50163
2026-05-08 16:06:14 - chaos.utils.remote - INFO - SSH连接建立成功: 10.230.246.167:50163, 耗时: 0.10s
2026-05-08 16:06:14 - chaos.utils.remote - INFO - 重连成功: root@10.230.246.167:50163
2026-05-08 16:06:14 - chaos - INFO - 根据名称匹配规则获取 Pod，pattern: upu, namespace: ns-dupf
2026-05-08 16:06:15 - chaos - INFO - 找到包含匹配的 Pod: dupf-upu-dupf01-1-7578c56d88-dd8qf
2026-05-08 16:06:15 - chaos - INFO - 找到包含匹配的 Pod: dupf-upu-dupf01-2-7cd9b494c-5wrzj
2026-05-08 16:06:15 - chaos - INFO - 找到包含匹配的 Pod: dupf-upu-dupf01-3-585d949f88-x9fdd
2026-05-08 16:06:15 - chaos - INFO - 找到包含匹配的 Pod: dupf-upu-dupf02-4-6cf676c74d-vjw2p
2026-05-08 16:06:15 - chaos - INFO - 找到包含匹配的 Pod: dupf-upu-dupf02-5-59f4fcc94-xnnsm
2026-05-08 16:06:15 - chaos - INFO - 找到包含匹配的 Pod: dupf-upu-dupf02-6-958dc9889-mwfpf
2026-05-08 16:06:15 - chaos - INFO - 找到包含匹配的 Pod: dupf-upu-dupf03-7-66d56d9698-lczzs
2026-05-08 16:06:15 - chaos - INFO - 找到包含匹配的 Pod: dupf-upu-dupf03-8-c86996c4d-2m78z
2026-05-08 16:06:15 - chaos - INFO - 找到包含匹配的 Pod: dupf-upu-dupf03-9-796496f54b-t8vzm
2026-05-08 16:06:15 - chaos - INFO - 找到包含匹配的 Pod: dupf-upu-dupf04-10-d795f9b6d-jvcrm
2026-05-08 16:06:15 - chaos - INFO - 找到包含匹配的 Pod: dupf-upu-dupf04-11-ff6798bf5-9v75t
2026-05-08 16:06:15 - chaos - INFO - 找到包含匹配的 Pod: dupf-upu-dupf04-12-56b5ddb4fb-2j4rs
2026-05-08 16:06:15 - chaos - INFO - 找到 12 个匹配的 Pod
2026-05-08 16:06:15 - chaos - INFO - 随机选择 Pod: dupf-upu-dupf02-6-958dc9889-mwfpf
2026-05-08 16:06:15 - chaos - INFO - [DEBUG] 找到 1 个目标
2026-05-08 16:06:15 - chaos - INFO - [DEBUG] ---------- 处理目标 1/1 ----------
2026-05-08 16:06:15 - chaos - INFO - [DEBUG] 目标名称: dupf-upu-dupf02-6-958dc9889-mwfpf
2026-05-08 16:06:15 - chaos - INFO - [DEBUG] 目标节点: None
2026-05-08 16:06:15 - chaos - INFO - [DEBUG] 创建故障注入器...
2026-05-08 16:06:15 - chaos - INFO - [DEBUG] 准备注入故障...
2026-05-08 16:06:15 - chaos - INFO - [DEBUG] 注入参数: {'fault_type': 'reorder', 'correlation': ['30%', '90%'], 'gap': [1, 10], 'percent': ['10%', '90%']}
2026-05-08 16:06:15 - chaos - INFO - 获取 Pod dupf-upu-dupf02-6-958dc9889-mwfpf 的 pause 容器 ID
2026-05-08 16:06:15 - chaos - INFO - 获取 Pod dupf-upu-dupf02-6-958dc9889-mwfpf 所在的节点，namespace: ns-dupf
2026-05-08 16:06:15 - chaos - INFO - Pod dupf-upu-dupf02-6-958dc9889-mwfpf 运行在节点 dupf02
2026-05-08 16:06:15 - chaos - INFO - Pod dupf-upu-dupf02-6-958dc9889-mwfpf 运行在节点 dupf02
2026-05-08 16:06:15 - chaos - INFO - 找到节点 dupf02 对应的环境: 2_ssh_remote
2026-05-08 16:06:15 - chaos - INFO - 解析后的 pause 容器 ID: 7eccc8e257c1
2026-05-08 16:06:15 - chaos - INFO - 获取容器的 PID
2026-05-08 16:06:15 - chaos - INFO - 容器 ID: 7eccc8e257c1
2026-05-08 16:06:15 - chaos - INFO - 提取的容器 PID: 60659
2026-05-08 16:06:15 - chaos - INFO - 为 Pod dupf-upu-dupf02-6-958dc9889-mwfpf 注入网络数据包重排序
2026-05-08 16:06:15 - chaos - INFO - 重排序比例: 43%
2026-05-08 16:06:15 - chaos - INFO - 相关性: 87%
2026-05-08 16:06:15 - chaos - INFO - Gap: 7
2026-05-08 16:06:15 - chaos - INFO - tc 命令: tc qdisc add dev eth0 root netem delay 100ms reorder 43% 87% gap 7
2026-05-08 16:06:15 - chaos - INFO - 网络数据包重排序注入成功
2026-05-08 16:06:15 - chaos - INFO - [DEBUG] 故障注入成功
2026-05-08 16:06:15 - chaos - INFO - [DEBUG] 故障ID: reorder_dupf-upu-dupf02-6-958dc9889-mwfpf_ns-dupf_1778227575
2026-05-08 16:06:15 - chaos - INFO - 记录故障：reorder_dupf-upu-dupf02-6-958dc9889-mwfpf_ns-dupf_1778227575
2026-05-08 16:06:15 - chaos - INFO - [DEBUG] 开始等待 duration: 240s (240.0秒)
2026-05-08 16:10:15 - chaos - INFO - [DEBUG] duration 等待完成
2026-05-08 16:10:15 - chaos - INFO - [DEBUG] 开始清理故障: reorder_dupf-upu-dupf02-6-958dc9889-mwfpf_ns-dupf_1778227575
2026-05-08 16:10:15 - chaos - INFO - 获取 Pod dupf-upu-dupf02-6-958dc9889-mwfpf 的 pause 容器 ID
2026-05-08 16:10:15 - chaos - INFO - 获取 Pod dupf-upu-dupf02-6-958dc9889-mwfpf 所在的节点，namespace: ns-dupf
2026-05-08 16:10:15 - chaos - INFO - Pod dupf-upu-dupf02-6-958dc9889-mwfpf 运行在节点 dupf02
2026-05-08 16:10:15 - chaos - INFO - Pod dupf-upu-dupf02-6-958dc9889-mwfpf 运行在节点 dupf02
2026-05-08 16:10:15 - chaos - INFO - 找到节点 dupf02 对应的环境: 2_ssh_remote
2026-05-08 16:10:15 - chaos - INFO - 解析后的 pause 容器 ID: 7eccc8e257c1
2026-05-08 16:10:15 - chaos - INFO - 获取容器的 PID
2026-05-08 16:10:15 - chaos - INFO - 容器 ID: 7eccc8e257c1
2026-05-08 16:10:15 - chaos - INFO - 提取的容器 PID: 60659
2026-05-08 16:10:15 - chaos - INFO - 恢复网络故障：reorder_dupf-upu-dupf02-6-958dc9889-mwfpf_ns-dupf_1778227575
2026-05-08 16:10:15 - chaos - INFO - [DEBUG] 故障清理成功: reorder_dupf-upu-dupf02-6-958dc9889-mwfpf_ns-dupf_1778227575
2026-05-08 16:10:15 - chaos - INFO - 标记故障已恢复：reorder_dupf-upu-dupf02-6-958dc9889-mwfpf_ns-dupf_1778227575
2026-05-08 16:10:15 - chaos - INFO - 任务执行成功: UPU 数据包重排序 (耗时: 241.57s)
2026-05-08 16:10:15 - chaos - INFO - 
================================================================================
                           Workflow Execution Report                            
================================================================================
Workflow ID    : upu_parallel_network_reorder_001
Workflow Name  : UPU 并行数据包重排序工作流
Status         : SUCCESS
Start Time     : 2026-05-08 16:06:04
End Time       : 2026-05-08 16:10:15
Total Duration : 251.59s
Success Rate   : 100.00%
================================================================================

Task Results:
--------------------------------------------------------------------------------
  [SUCCESS ] UPU 数据包重排序                     Duration: 241.57s  Group: N/A

================================================================================
Summary Statistics
================================================================================
Total Tasks    : 1
Success        : 1
Failed         : 0
Timeout        : 0
Skipped        : 0
================================================================================
2026-05-08 16:10:15 - chaos - INFO - ============================================================
2026-05-08 16:10:15 - chaos - INFO - 执行 workflow 级别的 auto_clear
2026-05-08 16:10:15 - chaos - INFO - ============================================================
2026-05-08 16:10:15 - chaos - INFO - 需要清理的环境: 1_ssh_remote
2026-05-08 16:10:15 - chaos - INFO - 清理环境 1_ssh_remote 的网络故障...
2026-05-08 16:10:15 - chaos - INFO - 获取 Pod 列表，namespace: ns-dupf, nodename: dupf01
2026-05-08 16:10:16 - chaos - INFO - 找到 15 个 Pod
2026-05-08 16:10:16 - chaos - INFO - 找到 15 个 pod
2026-05-08 16:10:16 - chaos - INFO - 清除 Pod dupf-ddb-shd-0-2 的网络故障
2026-05-08 16:10:16 - chaos - INFO - 命名空间: ns-dupf, 网络设备: eth0
2026-05-08 16:10:16 - chaos - INFO - 获取 Pod dupf-ddb-shd-0-2 的 pause 容器 ID
2026-05-08 16:10:16 - chaos - INFO - 解析后的 pause 容器 ID: 11b9bcfdcc7d
2026-05-08 16:10:16 - chaos - INFO - 获取容器的 PID
2026-05-08 16:10:16 - chaos - INFO - 容器 ID: 11b9bcfdcc7d
2026-05-08 16:10:16 - chaos - INFO - 提取的容器 PID: 56490
2026-05-08 16:10:16 - chaos - INFO - Pod dupf-ddb-shd-0-2 的网络故障清除成功
2026-05-08 16:10:16 - chaos - INFO - 清除 Pod dupf-ddb-shd-2-0 的网络故障
2026-05-08 16:10:16 - chaos - INFO - 命名空间: ns-dupf, 网络设备: eth0
2026-05-08 16:10:16 - chaos - INFO - 获取 Pod dupf-ddb-shd-2-0 的 pause 容器 ID
2026-05-08 16:10:16 - chaos - INFO - 解析后的 pause 容器 ID: eb6741339149
2026-05-08 16:10:16 - chaos - INFO - 获取容器的 PID
2026-05-08 16:10:16 - chaos - INFO - 容器 ID: eb6741339149
2026-05-08 16:10:16 - chaos - INFO - 提取的容器 PID: 60135
2026-05-08 16:10:16 - chaos - INFO - Pod dupf-ddb-shd-2-0 的网络故障清除成功
2026-05-08 16:10:16 - chaos - INFO - 清除 Pod dupf-etcd-2 的网络故障
2026-05-08 16:10:16 - chaos - INFO - 命名空间: ns-dupf, 网络设备: eth0
2026-05-08 16:10:16 - chaos - INFO - 获取 Pod dupf-etcd-2 的 pause 容器 ID
2026-05-08 16:10:17 - chaos - INFO - 解析后的 pause 容器 ID: 3cc8373b2962
2026-05-08 16:10:17 - chaos - INFO - 获取容器的 PID
2026-05-08 16:10:17 - chaos - INFO - 容器 ID: 3cc8373b2962
2026-05-08 16:10:17 - chaos - INFO - 提取的容器 PID: 52344
2026-05-08 16:10:17 - chaos - INFO - Pod dupf-etcd-2 的网络故障清除成功
2026-05-08 16:10:17 - chaos - INFO - 清除 Pod dupf-file-sync-cp7xf 的网络故障
2026-05-08 16:10:17 - chaos - INFO - 命名空间: ns-dupf, 网络设备: eth0
2026-05-08 16:10:17 - chaos - INFO - 获取 Pod dupf-file-sync-cp7xf 的 pause 容器 ID
2026-05-08 16:10:17 - chaos - INFO - 解析后的 pause 容器 ID: d0ea761e5e4e
2026-05-08 16:10:17 - chaos - INFO - 获取容器的 PID
2026-05-08 16:10:17 - chaos - INFO - 容器 ID: d0ea761e5e4e
2026-05-08 16:10:17 - chaos - INFO - 提取的容器 PID: 55694
2026-05-08 16:10:17 - chaos - INFO - Pod dupf-file-sync-cp7xf 的网络故障清除成功
2026-05-08 16:10:17 - chaos - INFO - 清除 Pod dupf-node-monitor-67qq8 的网络故障
2026-05-08 16:10:17 - chaos - INFO - 命名空间: ns-dupf, 网络设备: eth0
2026-05-08 16:10:17 - chaos - INFO - 获取 Pod dupf-node-monitor-67qq8 的 pause 容器 ID
2026-05-08 16:10:17 - chaos - INFO - 解析后的 pause 容器 ID: 511f0726aca2
2026-05-08 16:10:17 - chaos - INFO - 获取容器的 PID
2026-05-08 16:10:17 - chaos - INFO - 容器 ID: 511f0726aca2
2026-05-08 16:10:17 - chaos - INFO - 提取的容器 PID: 55791
2026-05-08 16:10:17 - chaos - INFO - Pod dupf-node-monitor-67qq8 的网络故障清除成功
2026-05-08 16:10:17 - chaos - INFO - 清除 Pod dupf-prometheus-7f486d9788-856l7 的网络故障
2026-05-08 16:10:17 - chaos - INFO - 命名空间: ns-dupf, 网络设备: eth0
2026-05-08 16:10:17 - chaos - INFO - 获取 Pod dupf-prometheus-7f486d9788-856l7 的 pause 容器 ID
2026-05-08 16:10:18 - chaos - INFO - 解析后的 pause 容器 ID: 64a24fc1308b
2026-05-08 16:10:18 - chaos - INFO - 获取容器的 PID
2026-05-08 16:10:18 - chaos - INFO - 容器 ID: 64a24fc1308b
2026-05-08 16:10:18 - chaos - INFO - 提取的容器 PID: 52912
2026-05-08 16:10:18 - chaos - INFO - Pod dupf-prometheus-7f486d9788-856l7 的网络故障清除成功
2026-05-08 16:10:18 - chaos - INFO - 清除 Pod dupf-registry-center-2 的网络故障
2026-05-08 16:10:18 - chaos - INFO - 命名空间: ns-dupf, 网络设备: eth0
2026-05-08 16:10:18 - chaos - INFO - 获取 Pod dupf-registry-center-2 的 pause 容器 ID
2026-05-08 16:10:18 - chaos - INFO - 解析后的 pause 容器 ID: 09cccee66afb
2026-05-08 16:10:18 - chaos - INFO - 获取容器的 PID
2026-05-08 16:10:18 - chaos - INFO - 容器 ID: 09cccee66afb
2026-05-08 16:10:18 - chaos - INFO - 提取的容器 PID: 8097
2026-05-08 16:10:18 - chaos - INFO - Pod dupf-registry-center-2 的网络故障清除成功
2026-05-08 16:10:18 - chaos - INFO - 清除 Pod dupf-sdb-1 的网络故障
2026-05-08 16:10:18 - chaos - INFO - 命名空间: ns-dupf, 网络设备: eth0
2026-05-08 16:10:18 - chaos - INFO - 获取 Pod dupf-sdb-1 的 pause 容器 ID
2026-05-08 16:10:18 - chaos - INFO - 解析后的 pause 容器 ID: c83947f725c5
2026-05-08 16:10:18 - chaos - INFO - 获取容器的 PID
2026-05-08 16:10:18 - chaos - INFO - 容器 ID: c83947f725c5
2026-05-08 16:10:18 - chaos - INFO - 提取的容器 PID: 56495
2026-05-08 16:10:18 - chaos - INFO - Pod dupf-sdb-1 的网络故障清除成功
2026-05-08 16:10:18 - chaos - INFO - 清除 Pod dupf-sdb-sentinel-2 的网络故障
2026-05-08 16:10:18 - chaos - INFO - 命名空间: ns-dupf, 网络设备: eth0
2026-05-08 16:10:18 - chaos - INFO - 获取 Pod dupf-sdb-sentinel-2 的 pause 容器 ID
2026-05-08 16:10:19 - chaos - INFO - 解析后的 pause 容器 ID: 45a2fb40f9c3
2026-05-08 16:10:19 - chaos - INFO - 获取容器的 PID
2026-05-08 16:10:19 - chaos - INFO - 容器 ID: 45a2fb40f9c3
2026-05-08 16:10:19 - chaos - INFO - 提取的容器 PID: 56485
2026-05-08 16:10:19 - chaos - INFO - Pod dupf-sdb-sentinel-2 的网络故障清除成功
2026-05-08 16:10:19 - chaos - INFO - 清除 Pod dupf-sf-mq-proxy-2 的网络故障
2026-05-08 16:10:19 - chaos - INFO - 命名空间: ns-dupf, 网络设备: eth0
2026-05-08 16:10:19 - chaos - INFO - 获取 Pod dupf-sf-mq-proxy-2 的 pause 容器 ID
2026-05-08 16:10:19 - chaos - INFO - 解析后的 pause 容器 ID: aedeffcae771
2026-05-08 16:10:19 - chaos - INFO - 获取容器的 PID
2026-05-08 16:10:19 - chaos - INFO - 容器 ID: aedeffcae771
2026-05-08 16:10:19 - chaos - INFO - 提取的容器 PID: 59302
2026-05-08 16:10:19 - chaos - INFO - Pod dupf-sf-mq-proxy-2 的网络故障清除成功
2026-05-08 16:10:19 - chaos - INFO - 清除 Pod dupf-upc-5c84ff589c-btt52 的网络故障
2026-05-08 16:10:19 - chaos - INFO - 命名空间: ns-dupf, 网络设备: eth0
2026-05-08 16:10:19 - chaos - INFO - 获取 Pod dupf-upc-5c84ff589c-btt52 的 pause 容器 ID
2026-05-08 16:10:27 - chaos - INFO - 解析后的 pause 容器 ID: 30deac2c6220
2026-05-08 16:10:27 - chaos - INFO - 获取容器的 PID
2026-05-08 16:10:27 - chaos - INFO - 容器 ID: 30deac2c6220
2026-05-08 16:10:27 - chaos - INFO - 提取的容器 PID: 53503
2026-05-08 16:10:19 - chaos - INFO - Pod dupf-upc-5c84ff589c-btt52 的网络故障清除成功
2026-05-08 16:10:19 - chaos - INFO - 清除 Pod dupf-upc-5c84ff589c-fqnf7 的网络故障
2026-05-08 16:10:19 - chaos - INFO - 命名空间: ns-dupf, 网络设备: eth0
2026-05-08 16:10:19 - chaos - INFO - 获取 Pod dupf-upc-5c84ff589c-fqnf7 的 pause 容器 ID
2026-05-08 16:10:20 - chaos - INFO - 解析后的 pause 容器 ID: 6f392aa15848
2026-05-08 16:10:20 - chaos - INFO - 获取容器的 PID
2026-05-08 16:10:20 - chaos - INFO - 容器 ID: 6f392aa15848
2026-05-08 16:10:20 - chaos - INFO - 提取的容器 PID: 53471
2026-05-08 16:10:20 - chaos - INFO - Pod dupf-upc-5c84ff589c-fqnf7 的网络故障清除成功
2026-05-08 16:10:20 - chaos - INFO - 清除 Pod dupf-upu-dupf01-1-7578c56d88-dd8qf 的网络故障
2026-05-08 16:10:20 - chaos - INFO - 命名空间: ns-dupf, 网络设备: eth0
2026-05-08 16:10:20 - chaos - INFO - 获取 Pod dupf-upu-dupf01-1-7578c56d88-dd8qf 的 pause 容器 ID
2026-05-08 16:10:20 - chaos - INFO - 解析后的 pause 容器 ID: d8c18e184701
2026-05-08 16:10:20 - chaos - INFO - 获取容器的 PID
2026-05-08 16:10:20 - chaos - INFO - 容器 ID: d8c18e184701
2026-05-08 16:10:20 - chaos - INFO - 提取的容器 PID: 54289
2026-05-08 16:10:20 - chaos - INFO - Pod dupf-upu-dupf01-1-7578c56d88-dd8qf 的网络故障清除成功
2026-05-08 16:10:20 - chaos - INFO - 清除 Pod dupf-upu-dupf01-2-7cd9b494c-5wrzj 的网络故障
2026-05-08 16:10:20 - chaos - INFO - 命名空间: ns-dupf, 网络设备: eth0
2026-05-08 16:10:20 - chaos - INFO - 获取 Pod dupf-upu-dupf01-2-7cd9b494c-5wrzj 的 pause 容器 ID
2026-05-08 16:10:20 - chaos - INFO - 解析后的 pause 容器 ID: 045e1b477bbf
2026-05-08 16:10:20 - chaos - INFO - 获取容器的 PID
2026-05-08 16:10:20 - chaos - INFO - 容器 ID: 045e1b477bbf
2026-05-08 16:10:20 - chaos - INFO - 提取的容器 PID: 33786
2026-05-08 16:10:20 - chaos - INFO - Pod dupf-upu-dupf01-2-7cd9b494c-5wrzj 的网络故障清除成功
2026-05-08 16:10:20 - chaos - INFO - 清除 Pod dupf-upu-dupf01-3-585d949f88-x9fdd 的网络故障
2026-05-08 16:10:20 - chaos - INFO - 命名空间: ns-dupf, 网络设备: eth0
2026-05-08 16:10:20 - chaos - INFO - 获取 Pod dupf-upu-dupf01-3-585d949f88-x9fdd 的 pause 容器 ID
2026-05-08 16:10:20 - chaos - INFO - 解析后的 pause 容器 ID: df4f22e1420a
2026-05-08 16:10:20 - chaos - INFO - 获取容器的 PID
2026-05-08 16:10:20 - chaos - INFO - 容器 ID: df4f22e1420a
2026-05-08 16:10:21 - chaos - INFO - 提取的容器 PID: 54597
2026-05-08 16:10:21 - chaos - INFO - Pod dupf-upu-dupf01-3-585d949f88-x9fdd 的网络故障清除成功
2026-05-08 16:10:21 - chaos - INFO - 环境 1_ssh_remote 网络故障清除完成：成功 15, 失败 0
2026-05-08 16:10:21 - chaos - INFO - ============================================================
2026-05-08 16:10:21 - chaos - INFO - workflow 级别的 auto_clear 完成
2026-05-08 16:10:21 - chaos - INFO - ============================================================
2026-05-08 16:10:21 - chaos - INFO - 
================================================================================
2026-05-08 16:10:21 - chaos - INFO - 执行workflow: cases/upu/upu/workflow_parallel_stop_upu.yaml
2026-05-08 16:10:21 - chaos - INFO - ================================================================================
2026-05-08 16:10:21 - chaos - INFO - Successfully parsed workflow: upu_parallel_pod_stop_001
2026-05-08 16:10:21 - chaos - INFO - ============================================================
2026-05-08 16:10:21 - chaos - INFO - 开始执行工作流: UPU 并行 Pod 停止工作流
2026-05-08 16:10:21 - chaos - INFO - 工作流 ID: upu_parallel_pod_stop_001
2026-05-08 16:10:21 - chaos - INFO - 执行模式: parallel
2026-05-08 16:10:21 - chaos - INFO - ============================================================
2026-05-08 16:10:21 - chaos - INFO - 启动延迟 10.0s
2026-05-08 16:10:31 - chaos - INFO - 执行计划: 共 1 层
2026-05-08 16:10:31 - chaos - INFO - 
============================================================
2026-05-08 16:10:31 - chaos - INFO - 执行第 1/1 层，共 1 个任务
2026-05-08 16:10:31 - chaos - INFO - ============================================================
2026-05-08 16:10:31 - chaos - INFO - [DEBUG] 开始执行任务: UPU Pod 停止 (stop_upu)
2026-05-08 16:10:31 - chaos - INFO - [DEBUG] 任务类型: pod, 故障类型: stop
2026-05-08 16:10:31 - chaos - INFO - [DEBUG] 目标: Pod: upu
2026-05-08 16:10:31 - chaos - INFO - [DEBUG] Duration: 240s, Loop: 1
2026-05-08 16:10:31 - chaos - INFO - [DEBUG] 任务超时时间: 300.0s
2026-05-08 16:10:31 - chaos - INFO - [DEBUG] ========== 开始执行 Case ==========
2026-05-08 16:10:31 - chaos - INFO - [DEBUG] Case名称: upu_stop
2026-05-08 16:10:31 - chaos - INFO - [DEBUG] Case类型: pod
2026-05-08 16:10:31 - chaos - INFO - [DEBUG] 故障类型: stop
2026-05-08 16:10:31 - chaos - INFO - [DEBUG] 环境: 1_ssh_remote
2026-05-08 16:10:31 - chaos - INFO - [DEBUG] 执行 Case 迭代 1/1
2026-05-08 16:10:31 - chaos - INFO - [DEBUG] 开始获取目标列表...
2026-05-08 16:10:31 - chaos.utils.remote - INFO - 连接 root@10.230.246.167:50163 不可用，需要重连
2026-05-08 16:10:31 - chaos.utils.remote - INFO - 尝试重连: root@10.230.246.167:50163
2026-05-08 16:10:31 - chaos.utils.remote - INFO - SSH连接建立成功: 10.230.246.167:50163, 耗时: 0.10s
2026-05-08 16:10:31 - chaos.utils.remote - INFO - 重连成功: root@10.230.246.167:50163
2026-05-08 16:10:31 - chaos - INFO - 根据名称匹配规则获取 Pod，pattern: upu, namespace: ns-dupf
2026-05-08 16:10:31 - chaos - INFO - 找到包含匹配的 Pod: dupf-upu-dupf01-1-7578c56d88-dd8qf
2026-05-08 16:10:31 - chaos - INFO - 找到包含匹配的 Pod: dupf-upu-dupf01-2-7cd9b494c-5wrzj
2026-05-08 16:10:31 - chaos - INFO - 找到包含匹配的 Pod: dupf-upu-dupf01-3-585d949f88-x9fdd
2026-05-08 16:10:31 - chaos - INFO - 找到包含匹配的 Pod: dupf-upu-dupf02-4-6cf676c74d-vjw2p
2026-05-08 16:10:31 - chaos - INFO - 找到包含匹配的 Pod: dupf-upu-dupf02-5-59f4fcc94-xnnsm
2026-05-08 16:10:31 - chaos - INFO - 找到包含匹配的 Pod: dupf-upu-dupf02-6-958dc9889-mwfpf
2026-05-08 16:10:31 - chaos - INFO - 找到包含匹配的 Pod: dupf-upu-dupf03-7-66d56d9698-lczzs
2026-05-08 16:10:31 - chaos - INFO - 找到包含匹配的 Pod: dupf-upu-dupf03-8-c86996c4d-2m78z
2026-05-08 16:10:31 - chaos - INFO - 找到包含匹配的 Pod: dupf-upu-dupf03-9-796496f54b-t8vzm
2026-05-08 16:10:31 - chaos - INFO - 找到包含匹配的 Pod: dupf-upu-dupf04-10-d795f9b6d-jvcrm
2026-05-08 16:10:31 - chaos - INFO - 找到包含匹配的 Pod: dupf-upu-dupf04-11-ff6798bf5-9v75t
2026-05-08 16:10:31 - chaos - INFO - 找到包含匹配的 Pod: dupf-upu-dupf04-12-56b5ddb4fb-2j4rs
2026-05-08 16:10:31 - chaos - INFO - 找到 12 个匹配的 Pod
2026-05-08 16:10:31 - chaos - INFO - 随机选择 Pod: dupf-upu-dupf01-1-7578c56d88-dd8qf
2026-05-08 16:10:31 - chaos - INFO - [DEBUG] 找到 1 个目标
2026-05-08 16:10:31 - chaos - INFO - [DEBUG] ---------- 处理目标 1/1 ----------
2026-05-08 16:10:31 - chaos - INFO - [DEBUG] 目标名称: dupf-upu-dupf01-1-7578c56d88-dd8qf
2026-05-08 16:10:31 - chaos - INFO - [DEBUG] 目标节点: None
2026-05-08 16:10:31 - chaos - INFO - [DEBUG] 创建故障注入器...
2026-05-08 16:10:31 - chaos - INFO - [DEBUG] 准备注入故障...
2026-05-08 16:10:31 - chaos - INFO - [DEBUG] 注入参数: {'fault_type': 'stop'}
2026-05-08 16:10:31 - chaos - INFO - 获取 Pod dupf-upu-dupf01-1-7578c56d88-dd8qf 所在的节点名称
2026-05-08 16:10:31 - chaos - INFO - Pod dupf-upu-dupf01-1-7578c56d88-dd8qf 所在的节点: dupf01
2026-05-08 16:10:31 - chaos - INFO - 找到匹配的环境: 1_ssh_remote
2026-05-08 16:10:31 - chaos - INFO - 获取 Pod dupf-upu-dupf01-1-7578c56d88-dd8qf 的容器 ID
2026-05-08 16:10:32 - chaos - INFO - 容器 ID: 9e8c890ae870cc719c11376690b49f0ef0db840f5bb6ba09c08a7d06d8cf898a
2026-05-08 16:10:32 - chaos - INFO - 停止容器 9e8c890ae870cc719c11376690b49f0ef0db840f5bb6ba09c08a7d06d8cf898a
2026-05-08 16:10:38 - chaos - INFO - 容器 9e8c890ae870cc719c11376690b49f0ef0db840f5bb6ba09c08a7d06d8cf898a 停止成功
2026-05-08 16:10:38 - chaos - INFO - [DEBUG] 故障注入成功
2026-05-08 16:10:38 - chaos - INFO - [DEBUG] 故障ID: stop_dupf-upu-dupf01-1-7578c56d88-dd8qf_ns-dupf_1778227831
2026-05-08 16:10:39 - chaos - INFO - 记录故障：stop_dupf-upu-dupf01-1-7578c56d88-dd8qf_ns-dupf_1778227831
2026-05-08 16:10:39 - chaos - INFO - [DEBUG] 开始等待 duration: 240s (240.0秒)
2026-05-08 16:14:39 - chaos - INFO - [DEBUG] duration 等待完成
2026-05-08 16:14:39 - chaos - INFO - [DEBUG] 开始清理故障: stop_dupf-upu-dupf01-1-7578c56d88-dd8qf_ns-dupf_1778227831
2026-05-08 16:14:39 - chaos - INFO - 恢复停止的容器，故障 ID: stop_dupf-upu-dupf01-1-7578c56d88-dd8qf_ns-dupf_1778227831
2026-05-08 16:14:39 - chaos - INFO - 启动容器 9e8c890ae870cc719c11376690b49f0ef0db840f5bb6ba09c08a7d06d8cf898a (Pod: dupf-upu-dupf01-1-7578c56d88-dd8qf)
2026-05-08 16:14:39 - chaos - INFO - 容器 9e8c890ae870cc719c11376690b49f0ef0db840f5bb6ba09c08a7d06d8cf898a 启动成功
2026-05-08 16:14:39 - chaos - INFO - [DEBUG] 故障清理成功: stop_dupf-upu-dupf01-1-7578c56d88-dd8qf_ns-dupf_1778227831
2026-05-08 16:14:39 - chaos - INFO - 标记故障已恢复：stop_dupf-upu-dupf01-1-7578c56d88-dd8qf_ns-dupf_1778227831
2026-05-08 16:14:39 - chaos - INFO - 任务执行成功: UPU Pod 停止 (耗时: 248.39s)
2026-05-08 16:14:39 - chaos - INFO - 
================================================================================
                           Workflow Execution Report                            
================================================================================
Workflow ID    : upu_parallel_pod_stop_001
Workflow Name  : UPU 并行 Pod 停止工作流
Status         : SUCCESS
Start Time     : 2026-05-08 16:10:21
End Time       : 2026-05-08 16:14:39
Total Duration : 258.41s
Success Rate   : 100.00%
================================================================================

Task Results:
--------------------------------------------------------------------------------
  [SUCCESS ] UPU Pod 停止                     Duration: 248.39s  Group: N/A

================================================================================
Summary Statistics
================================================================================
Total Tasks    : 1
Success        : 1
Failed         : 0
Timeout        : 0
Skipped        : 0
================================================================================
2026-05-08 16:14:39 - chaos - INFO - 
================================================================================
2026-05-08 16:14:39 - chaos - INFO - 执行workflow: cases/upu/upu/workflow_serial_corrupt_upu.yaml
2026-05-08 16:14:39 - chaos - INFO - ================================================================================
2026-05-08 16:14:39 - chaos - INFO - Successfully parsed workflow: upu_serial_network_corrupt_001
2026-05-08 16:14:39 - chaos - INFO - ============================================================
2026-05-08 16:14:39 - chaos - INFO - 开始执行工作流: UPU 串行网络数据包破坏工作流
2026-05-08 16:14:39 - chaos - INFO - 工作流 ID: upu_serial_network_corrupt_001
2026-05-08 16:14:39 - chaos - INFO - 执行模式: serial
2026-05-08 16:14:39 - chaos - INFO - ============================================================
2026-05-08 16:14:39 - chaos - INFO - 启动延迟 10.0s
2026-05-08 16:14:49 - chaos - INFO - 执行计划: 共 1 层
2026-05-08 16:14:49 - chaos - INFO - 
============================================================
2026-05-08 16:14:49 - chaos - INFO - 执行第 1/1 层，共 1 个任务
2026-05-08 16:14:49 - chaos - INFO - ============================================================
2026-05-08 16:14:49 - chaos - INFO - [DEBUG] 开始执行任务: UPU 网络数据包破坏 (corrupt_upu)
2026-05-08 16:14:49 - chaos - INFO - [DEBUG] 任务类型: network, 故障类型: corrupt
2026-05-08 16:14:49 - chaos - INFO - [DEBUG] 目标: Pod: upu
2026-05-08 16:14:49 - chaos - INFO - [DEBUG] Duration: 240s, Loop: 1
2026-05-08 16:14:49 - chaos - INFO - [DEBUG] 任务超时时间: 300.0s
2026-05-08 16:14:49 - chaos - INFO - [DEBUG] ========== 开始执行 Case ==========
2026-05-08 16:14:49 - chaos - INFO - [DEBUG] Case名称: upu_corrupt
2026-05-08 16:14:49 - chaos - INFO - [DEBUG] Case类型: network
2026-05-08 16:14:49 - chaos - INFO - [DEBUG] 故障类型: corrupt
2026-05-08 16:14:49 - chaos - INFO - [DEBUG] 环境: 1_ssh_remote
2026-05-08 16:14:49 - chaos - INFO - [DEBUG] 执行 Case 迭代 1/1
2026-05-08 16:14:49 - chaos - INFO - [DEBUG] 开始获取目标列表...
2026-05-08 16:14:49 - chaos - INFO - 根据名称匹配规则获取 Pod，pattern: upu, namespace: ns-dupf
2026-05-08 16:14:49 - chaos - INFO - 找到包含匹配的 Pod: dupf-upu-dupf01-1-7578c56d88-dd8qf
2026-05-08 16:14:49 - chaos - INFO - 找到包含匹配的 Pod: dupf-upu-dupf01-2-7cd9b494c-5wrzj
2026-05-08 16:14:49 - chaos - INFO - 找到包含匹配的 Pod: dupf-upu-dupf01-3-585d949f88-x9fdd
2026-05-08 16:14:49 - chaos - INFO - 找到包含匹配的 Pod: dupf-upu-dupf02-4-6cf676c74d-vjw2p
2026-05-08 16:14:49 - chaos - INFO - 找到包含匹配的 Pod: dupf-upu-dupf02-5-59f4fcc94-xnnsm
2026-05-08 16:14:49 - chaos - INFO - 找到包含匹配的 Pod: dupf-upu-dupf02-6-958dc9889-mwfpf
2026-05-08 16:14:49 - chaos - INFO - 找到包含匹配的 Pod: dupf-upu-dupf03-7-66d56d9698-lczzs
2026-05-08 16:14:49 - chaos - INFO - 找到包含匹配的 Pod: dupf-upu-dupf03-8-c86996c4d-2m78z
2026-05-08 16:14:49 - chaos - INFO - 找到包含匹配的 Pod: dupf-upu-dupf03-9-796496f54b-t8vzm
2026-05-08 16:14:49 - chaos - INFO - 找到包含匹配的 Pod: dupf-upu-dupf04-10-d795f9b6d-jvcrm
2026-05-08 16:14:49 - chaos - INFO - 找到包含匹配的 Pod: dupf-upu-dupf04-11-ff6798bf5-9v75t
2026-05-08 16:14:49 - chaos - INFO - 找到包含匹配的 Pod: dupf-upu-dupf04-12-56b5ddb4fb-2j4rs
2026-05-08 16:14:49 - chaos - INFO - 找到 12 个匹配的 Pod
2026-05-08 16:14:49 - chaos - INFO - 随机选择 Pod: dupf-upu-dupf02-5-59f4fcc94-xnnsm
2026-05-08 16:14:49 - chaos - INFO - [DEBUG] 找到 1 个目标
2026-05-08 16:14:49 - chaos - INFO - [DEBUG] ---------- 处理目标 1/1 ----------
2026-05-08 16:14:49 - chaos - INFO - [DEBUG] 目标名称: dupf-upu-dupf02-5-59f4fcc94-xnnsm
2026-05-08 16:14:49 - chaos - INFO - [DEBUG] 目标节点: None
2026-05-08 16:14:49 - chaos - INFO - [DEBUG] 创建故障注入器...
2026-05-08 16:14:49 - chaos - INFO - [DEBUG] 准备注入故障...
2026-05-08 16:14:49 - chaos - INFO - [DEBUG] 注入参数: {'fault_type': 'corrupt', 'correlation': ['30%', '90%'], 'percent': ['10%', '90%']}
2026-05-08 16:14:49 - chaos - INFO - [DEBUG] ========== 开始注入网络数据包破坏 ==========
2026-05-08 16:14:49 - chaos - INFO - [DEBUG] Pod名称: dupf-upu-dupf02-5-59f4fcc94-xnnsm
2026-05-08 16:14:49 - chaos - INFO - [DEBUG] 命名空间: ns-dupf
2026-05-08 16:14:49 - chaos - INFO - [DEBUG] 网卡设备: eth0
2026-05-08 16:14:49 - chaos - INFO - [DEBUG] 损坏比例: 61%, 相关性: 63%
2026-05-08 16:14:49 - chaos - INFO - [DEBUG] 获取 pause 容器 ID...
2026-05-08 16:14:49 - chaos - INFO - 获取 Pod dupf-upu-dupf02-5-59f4fcc94-xnnsm 的 pause 容器 ID
2026-05-08 16:14:49 - chaos - INFO - 获取 Pod dupf-upu-dupf02-5-59f4fcc94-xnnsm 所在的节点，namespace: ns-dupf
2026-05-08 16:14:57 - chaos - INFO - Pod dupf-upu-dupf02-5-59f4fcc94-xnnsm 运行在节点 dupf02
2026-05-08 16:14:57 - chaos - INFO - Pod dupf-upu-dupf02-5-59f4fcc94-xnnsm 运行在节点 dupf02
2026-05-08 16:14:57 - chaos - INFO - 找到节点 dupf02 对应的环境: 2_ssh_remote
2026-05-08 16:14:57 - chaos - INFO - 解析后的 pause 容器 ID: 84a7003282a0
2026-05-08 16:14:57 - chaos - INFO - [DEBUG] pause 容器 ID: 84a7003282a0
2026-05-08 16:14:57 - chaos - INFO - [DEBUG] 获取 pause 容器 PID...
2026-05-08 16:14:57 - chaos - INFO - 获取容器的 PID
2026-05-08 16:14:57 - chaos - INFO - 容器 ID: 84a7003282a0
2026-05-08 16:14:57 - chaos - INFO - 提取的容器 PID: 31502
2026-05-08 16:14:57 - chaos - INFO - [DEBUG] pause 容器 PID: 31502
2026-05-08 16:14:57 - chaos - INFO - [DEBUG] 为 Pod dupf-upu-dupf02-5-59f4fcc94-xnnsm 注入网络数据包破坏
2026-05-08 16:14:57 - chaos - INFO - [DEBUG] 损坏比例: 61%
2026-05-08 16:14:57 - chaos - INFO - [DEBUG] 相关性: 63%
2026-05-08 16:14:57 - chaos - INFO - [DEBUG] tc 命令: tc qdisc add dev eth0 root netem corrupt 61% 63%
2026-05-08 16:14:57 - chaos - INFO - [DEBUG] 完整命令: nsenter -t 31502 -n tc qdisc add dev eth0 root netem corrupt 61% 63%
2026-05-08 16:14:57 - chaos - INFO - [DEBUG] 执行 tc 命令...
2026-05-08 16:14:50 - chaos - INFO - [DEBUG] 网络数据包破坏注入成功
2026-05-08 16:14:50 - chaos - INFO - [DEBUG] ========== 网络数据包破坏注入完成 ==========
2026-05-08 16:14:50 - chaos - INFO - [DEBUG] 故障注入成功
2026-05-08 16:14:50 - chaos - INFO - [DEBUG] 故障ID: corrupt_dupf-upu-dupf02-5-59f4fcc94-xnnsm_ns-dupf_1778228089
2026-05-08 16:14:50 - chaos - INFO - 记录故障：corrupt_dupf-upu-dupf02-5-59f4fcc94-xnnsm_ns-dupf_1778228089
2026-05-08 16:14:50 - chaos - INFO - [DEBUG] 开始等待 duration: 240s (240.0秒)
2026-05-08 16:18:50 - chaos - INFO - [DEBUG] duration 等待完成
2026-05-08 16:18:50 - chaos - INFO - [DEBUG] 开始清理故障: corrupt_dupf-upu-dupf02-5-59f4fcc94-xnnsm_ns-dupf_1778228089
2026-05-08 16:18:50 - chaos - INFO - 获取 Pod dupf-upu-dupf02-5-59f4fcc94-xnnsm 的 pause 容器 ID
2026-05-08 16:18:50 - chaos - INFO - 获取 Pod dupf-upu-dupf02-5-59f4fcc94-xnnsm 所在的节点，namespace: ns-dupf
2026-05-08 16:18:58 - chaos - INFO - Pod dupf-upu-dupf02-5-59f4fcc94-xnnsm 运行在节点 dupf02
2026-05-08 16:18:58 - chaos - INFO - Pod dupf-upu-dupf02-5-59f4fcc94-xnnsm 运行在节点 dupf02
2026-05-08 16:18:58 - chaos - INFO - 找到节点 dupf02 对应的环境: 2_ssh_remote
2026-05-08 16:18:58 - chaos - INFO - 解析后的 pause 容器 ID: 84a7003282a0
2026-05-08 16:18:58 - chaos - INFO - 获取容器的 PID
2026-05-08 16:18:58 - chaos - INFO - 容器 ID: 84a7003282a0
2026-05-08 16:18:58 - chaos - INFO - 提取的容器 PID: 31502
2026-05-08 16:18:58 - chaos - INFO - 恢复网络故障：corrupt_dupf-upu-dupf02-5-59f4fcc94-xnnsm_ns-dupf_1778228089
2026-05-08 16:18:58 - chaos - INFO - [DEBUG] 故障清理成功: corrupt_dupf-upu-dupf02-5-59f4fcc94-xnnsm_ns-dupf_1778228089
2026-05-08 16:18:50 - chaos - INFO - 标记故障已恢复：corrupt_dupf-upu-dupf02-5-59f4fcc94-xnnsm_ns-dupf_1778228089
2026-05-08 16:18:50 - chaos - INFO - 任务执行成功: UPU 网络数据包破坏 (耗时: 241.28s)
2026-05-08 16:18:50 - chaos - INFO - 
================================================================================
                           Workflow Execution Report                            
================================================================================
Workflow ID    : upu_serial_network_corrupt_001
Workflow Name  : UPU 串行网络数据包破坏工作流
Status         : SUCCESS
Start Time     : 2026-05-08 16:14:39
End Time       : 2026-05-08 16:18:50
Total Duration : 251.31s
Success Rate   : 100.00%
================================================================================

Task Results:
--------------------------------------------------------------------------------
  [SUCCESS ] UPU 网络数据包破坏                    Duration: 241.28s  Group: N/A

================================================================================
Summary Statistics
================================================================================
Total Tasks    : 1
Success        : 1
Failed         : 0
Timeout        : 0
Skipped        : 0
================================================================================
2026-05-08 16:18:50 - chaos - INFO - ============================================================
2026-05-08 16:18:50 - chaos - INFO - 执行 workflow 级别的 auto_clear
2026-05-08 16:18:50 - chaos - INFO - ============================================================
2026-05-08 16:18:50 - chaos - INFO - 需要清理的环境: 1_ssh_remote
2026-05-08 16:18:50 - chaos - INFO - 清理环境 1_ssh_remote 的网络故障...
2026-05-08 16:18:50 - chaos - INFO - 获取 Pod 列表，namespace: ns-dupf, nodename: dupf01
2026-05-08 16:18:51 - chaos - INFO - 找到 15 个 Pod
2026-05-08 16:18:51 - chaos - INFO - 找到 15 个 pod
2026-05-08 16:18:51 - chaos - INFO - 清除 Pod dupf-ddb-shd-0-2 的网络故障
2026-05-08 16:18:51 - chaos - INFO - 命名空间: ns-dupf, 网络设备: eth0
2026-05-08 16:18:51 - chaos - INFO - 获取 Pod dupf-ddb-shd-0-2 的 pause 容器 ID
2026-05-08 16:18:51 - chaos - INFO - 解析后的 pause 容器 ID: 11b9bcfdcc7d
2026-05-08 16:18:51 - chaos - INFO - 获取容器的 PID
2026-05-08 16:18:51 - chaos - INFO - 容器 ID: 11b9bcfdcc7d
2026-05-08 16:18:51 - chaos - INFO - 提取的容器 PID: 56490
2026-05-08 16:18:51 - chaos - INFO - Pod dupf-ddb-shd-0-2 的网络故障清除成功
2026-05-08 16:18:51 - chaos - INFO - 清除 Pod dupf-ddb-shd-2-0 的网络故障
2026-05-08 16:18:51 - chaos - INFO - 命名空间: ns-dupf, 网络设备: eth0
2026-05-08 16:18:51 - chaos - INFO - 获取 Pod dupf-ddb-shd-2-0 的 pause 容器 ID
2026-05-08 16:18:51 - chaos - INFO - 解析后的 pause 容器 ID: eb6741339149
2026-05-08 16:18:51 - chaos - INFO - 获取容器的 PID
2026-05-08 16:18:51 - chaos - INFO - 容器 ID: eb6741339149
2026-05-08 16:18:51 - chaos - INFO - 提取的容器 PID: 60135
2026-05-08 16:18:51 - chaos - INFO - Pod dupf-ddb-shd-2-0 的网络故障清除成功
2026-05-08 16:18:51 - chaos - INFO - 清除 Pod dupf-etcd-2 的网络故障
2026-05-08 16:18:51 - chaos - INFO - 命名空间: ns-dupf, 网络设备: eth0
2026-05-08 16:18:51 - chaos - INFO - 获取 Pod dupf-etcd-2 的 pause 容器 ID
2026-05-08 16:18:51 - chaos - INFO - 解析后的 pause 容器 ID: 3cc8373b2962
2026-05-08 16:18:51 - chaos - INFO - 获取容器的 PID
2026-05-08 16:18:51 - chaos - INFO - 容器 ID: 3cc8373b2962
2026-05-08 16:18:52 - chaos - INFO - 提取的容器 PID: 52344
2026-05-08 16:18:52 - chaos - INFO - Pod dupf-etcd-2 的网络故障清除成功
2026-05-08 16:18:52 - chaos - INFO - 清除 Pod dupf-file-sync-cp7xf 的网络故障
2026-05-08 16:18:52 - chaos - INFO - 命名空间: ns-dupf, 网络设备: eth0
2026-05-08 16:18:52 - chaos - INFO - 获取 Pod dupf-file-sync-cp7xf 的 pause 容器 ID
2026-05-08 16:18:52 - chaos - INFO - 解析后的 pause 容器 ID: d0ea761e5e4e
2026-05-08 16:18:52 - chaos - INFO - 获取容器的 PID
2026-05-08 16:18:52 - chaos - INFO - 容器 ID: d0ea761e5e4e
2026-05-08 16:18:52 - chaos - INFO - 提取的容器 PID: 55694
2026-05-08 16:18:52 - chaos - INFO - Pod dupf-file-sync-cp7xf 的网络故障清除成功
2026-05-08 16:18:52 - chaos - INFO - 清除 Pod dupf-node-monitor-67qq8 的网络故障
2026-05-08 16:18:52 - chaos - INFO - 命名空间: ns-dupf, 网络设备: eth0
2026-05-08 16:18:52 - chaos - INFO - 获取 Pod dupf-node-monitor-67qq8 的 pause 容器 ID
2026-05-08 16:18:52 - chaos - INFO - 解析后的 pause 容器 ID: 511f0726aca2
2026-05-08 16:18:52 - chaos - INFO - 获取容器的 PID
2026-05-08 16:18:52 - chaos - INFO - 容器 ID: 511f0726aca2
2026-05-08 16:18:52 - chaos - INFO - 提取的容器 PID: 55791
2026-05-08 16:18:52 - chaos - INFO - Pod dupf-node-monitor-67qq8 的网络故障清除成功
2026-05-08 16:18:52 - chaos - INFO - 清除 Pod dupf-prometheus-7f486d9788-856l7 的网络故障
2026-05-08 16:18:52 - chaos - INFO - 命名空间: ns-dupf, 网络设备: eth0
2026-05-08 16:18:52 - chaos - INFO - 获取 Pod dupf-prometheus-7f486d9788-856l7 的 pause 容器 ID
2026-05-08 16:18:52 - chaos - INFO - 解析后的 pause 容器 ID: 64a24fc1308b
2026-05-08 16:18:52 - chaos - INFO - 获取容器的 PID
2026-05-08 16:18:52 - chaos - INFO - 容器 ID: 64a24fc1308b
2026-05-08 16:18:53 - chaos - INFO - 提取的容器 PID: 52912
2026-05-08 16:18:53 - chaos - INFO - Pod dupf-prometheus-7f486d9788-856l7 的网络故障清除成功
2026-05-08 16:18:53 - chaos - INFO - 清除 Pod dupf-registry-center-2 的网络故障
2026-05-08 16:18:53 - chaos - INFO - 命名空间: ns-dupf, 网络设备: eth0
2026-05-08 16:18:53 - chaos - INFO - 获取 Pod dupf-registry-center-2 的 pause 容器 ID
2026-05-08 16:18:53 - chaos - INFO - 解析后的 pause 容器 ID: 09cccee66afb
2026-05-08 16:18:53 - chaos - INFO - 获取容器的 PID
2026-05-08 16:18:53 - chaos - INFO - 容器 ID: 09cccee66afb
2026-05-08 16:18:53 - chaos - INFO - 提取的容器 PID: 8097
2026-05-08 16:18:53 - chaos - INFO - Pod dupf-registry-center-2 的网络故障清除成功
2026-05-08 16:18:53 - chaos - INFO - 清除 Pod dupf-sdb-1 的网络故障
2026-05-08 16:18:53 - chaos - INFO - 命名空间: ns-dupf, 网络设备: eth0
2026-05-08 16:18:53 - chaos - INFO - 获取 Pod dupf-sdb-1 的 pause 容器 ID
2026-05-08 16:18:53 - chaos - INFO - 解析后的 pause 容器 ID: c83947f725c5
2026-05-08 16:18:53 - chaos - INFO - 获取容器的 PID
2026-05-08 16:18:53 - chaos - INFO - 容器 ID: c83947f725c5
2026-05-08 16:18:53 - chaos - INFO - 提取的容器 PID: 56495
2026-05-08 16:18:53 - chaos - INFO - Pod dupf-sdb-1 的网络故障清除成功
2026-05-08 16:18:53 - chaos - INFO - 清除 Pod dupf-sdb-sentinel-2 的网络故障
2026-05-08 16:18:53 - chaos - INFO - 命名空间: ns-dupf, 网络设备: eth0
2026-05-08 16:18:53 - chaos - INFO - 获取 Pod dupf-sdb-sentinel-2 的 pause 容器 ID
2026-05-08 16:18:53 - chaos - INFO - 解析后的 pause 容器 ID: 45a2fb40f9c3
2026-05-08 16:18:53 - chaos - INFO - 获取容器的 PID
2026-05-08 16:18:53 - chaos - INFO - 容器 ID: 45a2fb40f9c3
2026-05-08 16:18:53 - chaos - INFO - 提取的容器 PID: 56485
2026-05-08 16:18:54 - chaos - INFO - Pod dupf-sdb-sentinel-2 的网络故障清除成功
2026-05-08 16:18:54 - chaos - INFO - 清除 Pod dupf-sf-mq-proxy-2 的网络故障
2026-05-08 16:18:54 - chaos - INFO - 命名空间: ns-dupf, 网络设备: eth0
2026-05-08 16:18:54 - chaos - INFO - 获取 Pod dupf-sf-mq-proxy-2 的 pause 容器 ID
2026-05-08 16:18:54 - chaos - INFO - 解析后的 pause 容器 ID: aedeffcae771
2026-05-08 16:18:54 - chaos - INFO - 获取容器的 PID
2026-05-08 16:18:54 - chaos - INFO - 容器 ID: aedeffcae771
2026-05-08 16:18:54 - chaos - INFO - 提取的容器 PID: 59302
2026-05-08 16:18:54 - chaos - INFO - Pod dupf-sf-mq-proxy-2 的网络故障清除成功
2026-05-08 16:18:54 - chaos - INFO - 清除 Pod dupf-upc-5c84ff589c-btt52 的网络故障
2026-05-08 16:18:54 - chaos - INFO - 命名空间: ns-dupf, 网络设备: eth0
2026-05-08 16:18:54 - chaos - INFO - 获取 Pod dupf-upc-5c84ff589c-btt52 的 pause 容器 ID
2026-05-08 16:18:54 - chaos - INFO - 解析后的 pause 容器 ID: 30deac2c6220
2026-05-08 16:18:54 - chaos - INFO - 获取容器的 PID
2026-05-08 16:18:54 - chaos - INFO - 容器 ID: 30deac2c6220
2026-05-08 16:18:54 - chaos - INFO - 提取的容器 PID: 53503
2026-05-08 16:18:54 - chaos - INFO - Pod dupf-upc-5c84ff589c-btt52 的网络故障清除成功
2026-05-08 16:18:54 - chaos - INFO - 清除 Pod dupf-upc-5c84ff589c-fqnf7 的网络故障
2026-05-08 16:18:54 - chaos - INFO - 命名空间: ns-dupf, 网络设备: eth0
2026-05-08 16:18:54 - chaos - INFO - 获取 Pod dupf-upc-5c84ff589c-fqnf7 的 pause 容器 ID
2026-05-08 16:18:54 - chaos - INFO - 解析后的 pause 容器 ID: 6f392aa15848
2026-05-08 16:18:54 - chaos - INFO - 获取容器的 PID
2026-05-08 16:18:54 - chaos - INFO - 容器 ID: 6f392aa15848
2026-05-08 16:18:54 - chaos - INFO - 提取的容器 PID: 53471
2026-05-08 16:18:55 - chaos - INFO - Pod dupf-upc-5c84ff589c-fqnf7 的网络故障清除成功
2026-05-08 16:18:55 - chaos - INFO - 清除 Pod dupf-upu-dupf01-1-7578c56d88-dd8qf 的网络故障
2026-05-08 16:18:55 - chaos - INFO - 命名空间: ns-dupf, 网络设备: eth0
2026-05-08 16:18:55 - chaos - INFO - 获取 Pod dupf-upu-dupf01-1-7578c56d88-dd8qf 的 pause 容器 ID
2026-05-08 16:18:55 - chaos - INFO - 解析后的 pause 容器 ID: d8c18e184701
2026-05-08 16:18:55 - chaos - INFO - 获取容器的 PID
2026-05-08 16:18:55 - chaos - INFO - 容器 ID: d8c18e184701
2026-05-08 16:18:55 - chaos - INFO - 提取的容器 PID: 54289
2026-05-08 16:18:55 - chaos - INFO - Pod dupf-upu-dupf01-1-7578c56d88-dd8qf 的网络故障清除成功
2026-05-08 16:18:55 - chaos - INFO - 清除 Pod dupf-upu-dupf01-2-7cd9b494c-5wrzj 的网络故障
2026-05-08 16:18:55 - chaos - INFO - 命名空间: ns-dupf, 网络设备: eth0
2026-05-08 16:18:55 - chaos - INFO - 获取 Pod dupf-upu-dupf01-2-7cd9b494c-5wrzj 的 pause 容器 ID
2026-05-08 16:18:55 - chaos - INFO - 解析后的 pause 容器 ID: 045e1b477bbf
2026-05-08 16:18:55 - chaos - INFO - 获取容器的 PID
2026-05-08 16:18:55 - chaos - INFO - 容器 ID: 045e1b477bbf
2026-05-08 16:19:03 - chaos - INFO - 提取的容器 PID: 33786
2026-05-08 16:19:03 - chaos - INFO - Pod dupf-upu-dupf01-2-7cd9b494c-5wrzj 的网络故障清除成功
2026-05-08 16:19:03 - chaos - INFO - 清除 Pod dupf-upu-dupf01-3-585d949f88-x9fdd 的网络故障
2026-05-08 16:19:03 - chaos - INFO - 命名空间: ns-dupf, 网络设备: eth0
2026-05-08 16:19:03 - chaos - INFO - 获取 Pod dupf-upu-dupf01-3-585d949f88-x9fdd 的 pause 容器 ID
2026-05-08 16:18:55 - chaos - INFO - 解析后的 pause 容器 ID: df4f22e1420a
2026-05-08 16:18:55 - chaos - INFO - 获取容器的 PID
2026-05-08 16:18:55 - chaos - INFO - 容器 ID: df4f22e1420a
2026-05-08 16:18:55 - chaos - INFO - 提取的容器 PID: 54597
2026-05-08 16:18:56 - chaos - INFO - Pod dupf-upu-dupf01-3-585d949f88-x9fdd 的网络故障清除成功
2026-05-08 16:18:56 - chaos - INFO - 环境 1_ssh_remote 网络故障清除完成：成功 15, 失败 0
2026-05-08 16:18:56 - chaos - INFO - ============================================================
2026-05-08 16:18:56 - chaos - INFO - workflow 级别的 auto_clear 完成
2026-05-08 16:18:56 - chaos - INFO - ============================================================
2026-05-08 16:18:56 - chaos - INFO - 
================================================================================
2026-05-08 16:18:56 - chaos - INFO - 执行workflow: cases/upu/upu/workflow_serial_delay_upu.yaml
2026-05-08 16:18:56 - chaos - INFO - ================================================================================
2026-05-08 16:18:56 - chaos - INFO - Successfully parsed workflow: upu_serial_network_delay_001
2026-05-08 16:18:56 - chaos - INFO - ============================================================
2026-05-08 16:18:56 - chaos - INFO - 开始执行工作流: UPU 串行网络延迟工作流
2026-05-08 16:18:56 - chaos - INFO - 工作流 ID: upu_serial_network_delay_001
2026-05-08 16:18:56 - chaos - INFO - 执行模式: serial
2026-05-08 16:18:56 - chaos - INFO - ============================================================
2026-05-08 16:18:56 - chaos - INFO - 启动延迟 10.0s
2026-05-08 16:19:06 - chaos - INFO - 执行计划: 共 1 层
2026-05-08 16:19:06 - chaos - INFO - 
============================================================
2026-05-08 16:19:06 - chaos - INFO - 执行第 1/1 层，共 1 个任务
2026-05-08 16:19:06 - chaos - INFO - ============================================================
2026-05-08 16:19:06 - chaos - INFO - [DEBUG] 开始执行任务: UPU 网络延迟 (delay_upu)
2026-05-08 16:19:06 - chaos - INFO - [DEBUG] 任务类型: network, 故障类型: delay
2026-05-08 16:19:06 - chaos - INFO - [DEBUG] 目标: Pod: upu
2026-05-08 16:19:06 - chaos - INFO - [DEBUG] Duration: 240s, Loop: 1
2026-05-08 16:19:06 - chaos - INFO - [DEBUG] 任务超时时间: 300.0s
2026-05-08 16:19:06 - chaos - INFO - [DEBUG] ========== 开始执行 Case ==========
2026-05-08 16:19:06 - chaos - INFO - [DEBUG] Case名称: upu_delay
2026-05-08 16:19:06 - chaos - INFO - [DEBUG] Case类型: network
2026-05-08 16:19:06 - chaos - INFO - [DEBUG] 故障类型: delay
2026-05-08 16:19:06 - chaos - INFO - [DEBUG] 环境: 1_ssh_remote
2026-05-08 16:19:06 - chaos - INFO - [DEBUG] 执行 Case 迭代 1/1
2026-05-08 16:19:06 - chaos - INFO - [DEBUG] 开始获取目标列表...
2026-05-08 16:19:06 - chaos.utils.remote - INFO - 连接 root@10.230.246.167:50163 不可用，需要重连
2026-05-08 16:19:06 - chaos.utils.remote - INFO - 尝试重连: root@10.230.246.167:50163
2026-05-08 16:19:06 - chaos.utils.remote - INFO - SSH连接建立成功: 10.230.246.167:50163, 耗时: 0.11s
2026-05-08 16:19:06 - chaos.utils.remote - INFO - 重连成功: root@10.230.246.167:50163
2026-05-08 16:19:06 - chaos - INFO - 根据名称匹配规则获取 Pod，pattern: upu, namespace: ns-dupf
2026-05-08 16:19:08 - chaos - INFO - 找到包含匹配的 Pod: dupf-upu-dupf01-1-7578c56d88-dd8qf
2026-05-08 16:19:08 - chaos - INFO - 找到包含匹配的 Pod: dupf-upu-dupf01-2-7cd9b494c-5wrzj
2026-05-08 16:19:08 - chaos - INFO - 找到包含匹配的 Pod: dupf-upu-dupf01-3-585d949f88-x9fdd
2026-05-08 16:19:08 - chaos - INFO - 找到包含匹配的 Pod: dupf-upu-dupf02-4-6cf676c74d-vjw2p
2026-05-08 16:19:08 - chaos - INFO - 找到包含匹配的 Pod: dupf-upu-dupf02-5-59f4fcc94-xnnsm
2026-05-08 16:19:08 - chaos - INFO - 找到包含匹配的 Pod: dupf-upu-dupf02-6-958dc9889-mwfpf
2026-05-08 16:19:08 - chaos - INFO - 找到包含匹配的 Pod: dupf-upu-dupf03-7-66d56d9698-lczzs
2026-05-08 16:19:08 - chaos - INFO - 找到包含匹配的 Pod: dupf-upu-dupf03-8-c86996c4d-2m78z
2026-05-08 16:19:08 - chaos - INFO - 找到包含匹配的 Pod: dupf-upu-dupf03-9-796496f54b-t8vzm
2026-05-08 16:19:08 - chaos - INFO - 找到包含匹配的 Pod: dupf-upu-dupf04-10-d795f9b6d-jvcrm
2026-05-08 16:19:08 - chaos - INFO - 找到包含匹配的 Pod: dupf-upu-dupf04-11-ff6798bf5-9v75t
2026-05-08 16:19:08 - chaos - INFO - 找到包含匹配的 Pod: dupf-upu-dupf04-12-56b5ddb4fb-2j4rs
2026-05-08 16:19:08 - chaos - INFO - 找到 12 个匹配的 Pod
2026-05-08 16:19:08 - chaos - INFO - 随机选择 Pod: dupf-upu-dupf04-11-ff6798bf5-9v75t
2026-05-08 16:19:08 - chaos - INFO - [DEBUG] 找到 1 个目标
2026-05-08 16:19:08 - chaos - INFO - [DEBUG] ---------- 处理目标 1/1 ----------
2026-05-08 16:19:08 - chaos - INFO - [DEBUG] 目标名称: dupf-upu-dupf04-11-ff6798bf5-9v75t
2026-05-08 16:19:08 - chaos - INFO - [DEBUG] 目标节点: None
2026-05-08 16:19:08 - chaos - INFO - [DEBUG] 创建故障注入器...
2026-05-08 16:19:08 - chaos - INFO - [DEBUG] 准备注入故障...
2026-05-08 16:19:08 - chaos - INFO - [DEBUG] 注入参数: {'fault_type': 'delay', 'correlation': ['20%', '90%'], 'distribution': ['normal', 'pareto', 'paretonormal'], 'jitter': ['10ms', '100ms'], 'time': ['100ms', '1000ms']}
2026-05-08 16:19:08 - chaos - WARNING - 无效的分布模型: ['normal', 'pareto', 'paretonormal'], 随机选择
2026-05-08 16:19:08 - chaos - INFO - 获取 Pod dupf-upu-dupf04-11-ff6798bf5-9v75t 的 pause 容器 ID
2026-05-08 16:19:08 - chaos - INFO - 获取 Pod dupf-upu-dupf04-11-ff6798bf5-9v75t 所在的节点，namespace: ns-dupf
2026-05-08 16:19:08 - chaos - INFO - Pod dupf-upu-dupf04-11-ff6798bf5-9v75t 运行在节点 dupf04
2026-05-08 16:19:08 - chaos - INFO - Pod dupf-upu-dupf04-11-ff6798bf5-9v75t 运行在节点 dupf04
2026-05-08 16:19:08 - chaos - INFO - 找到节点 dupf04 对应的环境: 4_ssh_remote
2026-05-08 16:19:08 - chaos - INFO - 解析后的 pause 容器 ID: 3c61c707063f
2026-05-08 16:19:08 - chaos - INFO - 获取容器的 PID
2026-05-08 16:19:08 - chaos - INFO - 容器 ID: 3c61c707063f
2026-05-08 16:19:08 - chaos - INFO - 提取的容器 PID: 23404
2026-05-08 16:19:08 - chaos - INFO - 为 Pod dupf-upu-dupf04-11-ff6798bf5-9v75t 注入网络延迟
2026-05-08 16:19:08 - chaos - INFO - 延迟参数: {'time': '264ms', 'jitter': '95ms', 'correlation': '71%', 'distribution': 'pareto'}
2026-05-08 16:19:08 - chaos - INFO - tc 命令: tc qdisc add dev eth0 root netem delay 264ms 95ms 71% distribution pareto
2026-05-08 16:19:08 - chaos - INFO - 网络延迟注入成功
2026-05-08 16:19:08 - chaos - INFO - [DEBUG] 故障注入成功
2026-05-08 16:19:08 - chaos - INFO - [DEBUG] 故障ID: delay_dupf-upu-dupf04-11-ff6798bf5-9v75t_ns-dupf_1778228348
2026-05-08 16:19:08 - chaos - INFO - 记录故障：delay_dupf-upu-dupf04-11-ff6798bf5-9v75t_ns-dupf_1778228348
2026-05-08 16:19:08 - chaos - INFO - [DEBUG] 开始等待 duration: 240s (240.0秒)
2026-05-08 16:23:08 - chaos - INFO - [DEBUG] duration 等待完成
2026-05-08 16:23:08 - chaos - INFO - [DEBUG] 开始清理故障: delay_dupf-upu-dupf04-11-ff6798bf5-9v75t_ns-dupf_1778228348
2026-05-08 16:23:08 - chaos - INFO - 获取 Pod dupf-upu-dupf04-11-ff6798bf5-9v75t 的 pause 容器 ID
2026-05-08 16:23:08 - chaos - INFO - 获取 Pod dupf-upu-dupf04-11-ff6798bf5-9v75t 所在的节点，namespace: ns-dupf
2026-05-08 16:23:08 - chaos - INFO - Pod dupf-upu-dupf04-11-ff6798bf5-9v75t 运行在节点 dupf04
2026-05-08 16:23:08 - chaos - INFO - Pod dupf-upu-dupf04-11-ff6798bf5-9v75t 运行在节点 dupf04
2026-05-08 16:23:08 - chaos - INFO - 找到节点 dupf04 对应的环境: 4_ssh_remote
2026-05-08 16:23:09 - chaos - INFO - 解析后的 pause 容器 ID: 3c61c707063f
2026-05-08 16:23:09 - chaos - INFO - 获取容器的 PID
2026-05-08 16:23:09 - chaos - INFO - 容器 ID: 3c61c707063f
2026-05-08 16:23:09 - chaos - INFO - 提取的容器 PID: 23404
2026-05-08 16:23:09 - chaos - INFO - 恢复网络故障：delay_dupf-upu-dupf04-11-ff6798bf5-9v75t_ns-dupf_1778228348
2026-05-08 16:23:09 - chaos - INFO - [DEBUG] 故障清理成功: delay_dupf-upu-dupf04-11-ff6798bf5-9v75t_ns-dupf_1778228348
2026-05-08 16:23:09 - chaos - INFO - 标记故障已恢复：delay_dupf-upu-dupf04-11-ff6798bf5-9v75t_ns-dupf_1778228348
2026-05-08 16:23:09 - chaos - INFO - 任务执行成功: UPU 网络延迟 (耗时: 243.13s)
2026-05-08 16:23:09 - chaos - INFO - 
================================================================================
                           Workflow Execution Report                            
================================================================================
Workflow ID    : upu_serial_network_delay_001
Workflow Name  : UPU 串行网络延迟工作流
Status         : SUCCESS
Start Time     : 2026-05-08 16:18:56
End Time       : 2026-05-08 16:23:09
Total Duration : 253.16s
Success Rate   : 100.00%
================================================================================

Task Results:
--------------------------------------------------------------------------------
  [SUCCESS ] UPU 网络延迟                       Duration: 243.13s  Group: N/A

================================================================================
Summary Statistics
================================================================================
Total Tasks    : 1
Success        : 1
Failed         : 0
Timeout        : 0
Skipped        : 0
================================================================================
2026-05-08 16:23:09 - chaos - INFO - ============================================================
2026-05-08 16:23:09 - chaos - INFO - 执行 workflow 级别的 auto_clear
2026-05-08 16:23:09 - chaos - INFO - ============================================================
2026-05-08 16:23:09 - chaos - INFO - 需要清理的环境: 1_ssh_remote
2026-05-08 16:23:09 - chaos - INFO - 清理环境 1_ssh_remote 的网络故障...
2026-05-08 16:23:09 - chaos - INFO - 获取 Pod 列表，namespace: ns-dupf, nodename: dupf01
2026-05-08 16:23:09 - chaos - INFO - 找到 15 个 Pod
2026-05-08 16:23:09 - chaos - INFO - 找到 15 个 pod
2026-05-08 16:23:09 - chaos - INFO - 清除 Pod dupf-ddb-shd-0-2 的网络故障
2026-05-08 16:23:09 - chaos - INFO - 命名空间: ns-dupf, 网络设备: eth0
2026-05-08 16:23:09 - chaos - INFO - 获取 Pod dupf-ddb-shd-0-2 的 pause 容器 ID
2026-05-08 16:23:09 - chaos - INFO - 解析后的 pause 容器 ID: 11b9bcfdcc7d
2026-05-08 16:23:09 - chaos - INFO - 获取容器的 PID
2026-05-08 16:23:09 - chaos - INFO - 容器 ID: 11b9bcfdcc7d
2026-05-08 16:23:09 - chaos - INFO - 提取的容器 PID: 56490
2026-05-08 16:23:09 - chaos - INFO - Pod dupf-ddb-shd-0-2 的网络故障清除成功
2026-05-08 16:23:09 - chaos - INFO - 清除 Pod dupf-ddb-shd-2-0 的网络故障
2026-05-08 16:23:09 - chaos - INFO - 命名空间: ns-dupf, 网络设备: eth0
2026-05-08 16:23:09 - chaos - INFO - 获取 Pod dupf-ddb-shd-2-0 的 pause 容器 ID
2026-05-08 16:23:10 - chaos - INFO - 解析后的 pause 容器 ID: eb6741339149
2026-05-08 16:23:10 - chaos - INFO - 获取容器的 PID
2026-05-08 16:23:10 - chaos - INFO - 容器 ID: eb6741339149
2026-05-08 16:23:10 - chaos - INFO - 提取的容器 PID: 60135
2026-05-08 16:23:10 - chaos - INFO - Pod dupf-ddb-shd-2-0 的网络故障清除成功
2026-05-08 16:23:10 - chaos - INFO - 清除 Pod dupf-etcd-2 的网络故障
2026-05-08 16:23:10 - chaos - INFO - 命名空间: ns-dupf, 网络设备: eth0
2026-05-08 16:23:10 - chaos - INFO - 获取 Pod dupf-etcd-2 的 pause 容器 ID
2026-05-08 16:23:10 - chaos - INFO - 解析后的 pause 容器 ID: 3cc8373b2962
2026-05-08 16:23:10 - chaos - INFO - 获取容器的 PID
2026-05-08 16:23:10 - chaos - INFO - 容器 ID: 3cc8373b2962
2026-05-08 16:23:10 - chaos - INFO - 提取的容器 PID: 52344
2026-05-08 16:23:10 - chaos - INFO - Pod dupf-etcd-2 的网络故障清除成功
2026-05-08 16:23:10 - chaos - INFO - 清除 Pod dupf-file-sync-cp7xf 的网络故障
2026-05-08 16:23:10 - chaos - INFO - 命名空间: ns-dupf, 网络设备: eth0
2026-05-08 16:23:10 - chaos - INFO - 获取 Pod dupf-file-sync-cp7xf 的 pause 容器 ID
2026-05-08 16:23:10 - chaos - INFO - 解析后的 pause 容器 ID: d0ea761e5e4e
2026-05-08 16:23:10 - chaos - INFO - 获取容器的 PID
2026-05-08 16:23:10 - chaos - INFO - 容器 ID: d0ea761e5e4e
2026-05-08 16:23:10 - chaos - INFO - 提取的容器 PID: 55694
2026-05-08 16:23:10 - chaos - INFO - Pod dupf-file-sync-cp7xf 的网络故障清除成功
2026-05-08 16:23:10 - chaos - INFO - 清除 Pod dupf-node-monitor-67qq8 的网络故障
2026-05-08 16:23:10 - chaos - INFO - 命名空间: ns-dupf, 网络设备: eth0
2026-05-08 16:23:10 - chaos - INFO - 获取 Pod dupf-node-monitor-67qq8 的 pause 容器 ID
2026-05-08 16:23:10 - chaos - INFO - 解析后的 pause 容器 ID: 511f0726aca2
2026-05-08 16:23:10 - chaos - INFO - 获取容器的 PID
2026-05-08 16:23:10 - chaos - INFO - 容器 ID: 511f0726aca2
2026-05-08 16:23:11 - chaos - INFO - 提取的容器 PID: 55791
2026-05-08 16:23:11 - chaos - INFO - Pod dupf-node-monitor-67qq8 的网络故障清除成功
2026-05-08 16:23:11 - chaos - INFO - 清除 Pod dupf-prometheus-7f486d9788-856l7 的网络故障
2026-05-08 16:23:11 - chaos - INFO - 命名空间: ns-dupf, 网络设备: eth0
2026-05-08 16:23:11 - chaos - INFO - 获取 Pod dupf-prometheus-7f486d9788-856l7 的 pause 容器 ID
2026-05-08 16:23:18 - chaos - INFO - 解析后的 pause 容器 ID: 64a24fc1308b
2026-05-08 16:23:18 - chaos - INFO - 获取容器的 PID
2026-05-08 16:23:18 - chaos - INFO - 容器 ID: 64a24fc1308b
2026-05-08 16:23:18 - chaos - INFO - 提取的容器 PID: 52912
2026-05-08 16:23:11 - chaos - INFO - Pod dupf-prometheus-7f486d9788-856l7 的网络故障清除成功
2026-05-08 16:23:11 - chaos - INFO - 清除 Pod dupf-registry-center-2 的网络故障
2026-05-08 16:23:11 - chaos - INFO - 命名空间: ns-dupf, 网络设备: eth0
2026-05-08 16:23:11 - chaos - INFO - 获取 Pod dupf-registry-center-2 的 pause 容器 ID
2026-05-08 16:23:11 - chaos - INFO - 解析后的 pause 容器 ID: 09cccee66afb
2026-05-08 16:23:11 - chaos - INFO - 获取容器的 PID
2026-05-08 16:23:11 - chaos - INFO - 容器 ID: 09cccee66afb
2026-05-08 16:23:11 - chaos - INFO - 提取的容器 PID: 8097
2026-05-08 16:23:11 - chaos - INFO - Pod dupf-registry-center-2 的网络故障清除成功
2026-05-08 16:23:11 - chaos - INFO - 清除 Pod dupf-sdb-1 的网络故障
2026-05-08 16:23:11 - chaos - INFO - 命名空间: ns-dupf, 网络设备: eth0
2026-05-08 16:23:11 - chaos - INFO - 获取 Pod dupf-sdb-1 的 pause 容器 ID
2026-05-08 16:23:11 - chaos - INFO - 解析后的 pause 容器 ID: c83947f725c5
2026-05-08 16:23:11 - chaos - INFO - 获取容器的 PID
2026-05-08 16:23:11 - chaos - INFO - 容器 ID: c83947f725c5
2026-05-08 16:23:12 - chaos - INFO - 提取的容器 PID: 56495
2026-05-08 16:23:12 - chaos - INFO - Pod dupf-sdb-1 的网络故障清除成功
2026-05-08 16:23:12 - chaos - INFO - 清除 Pod dupf-sdb-sentinel-2 的网络故障
2026-05-08 16:23:12 - chaos - INFO - 命名空间: ns-dupf, 网络设备: eth0
2026-05-08 16:23:12 - chaos - INFO - 获取 Pod dupf-sdb-sentinel-2 的 pause 容器 ID
2026-05-08 16:23:12 - chaos - INFO - 解析后的 pause 容器 ID: 45a2fb40f9c3
2026-05-08 16:23:12 - chaos - INFO - 获取容器的 PID
2026-05-08 16:23:12 - chaos - INFO - 容器 ID: 45a2fb40f9c3
2026-05-08 16:23:12 - chaos - INFO - 提取的容器 PID: 56485
2026-05-08 16:23:12 - chaos - INFO - Pod dupf-sdb-sentinel-2 的网络故障清除成功
2026-05-08 16:23:12 - chaos - INFO - 清除 Pod dupf-sf-mq-proxy-2 的网络故障
2026-05-08 16:23:12 - chaos - INFO - 命名空间: ns-dupf, 网络设备: eth0
2026-05-08 16:23:12 - chaos - INFO - 获取 Pod dupf-sf-mq-proxy-2 的 pause 容器 ID
2026-05-08 16:23:12 - chaos - INFO - 解析后的 pause 容器 ID: aedeffcae771
2026-05-08 16:23:12 - chaos - INFO - 获取容器的 PID
2026-05-08 16:23:12 - chaos - INFO - 容器 ID: aedeffcae771
2026-05-08 16:23:12 - chaos - INFO - 提取的容器 PID: 59302
2026-05-08 16:23:12 - chaos - INFO - Pod dupf-sf-mq-proxy-2 的网络故障清除成功
2026-05-08 16:23:12 - chaos - INFO - 清除 Pod dupf-upc-5c84ff589c-btt52 的网络故障
2026-05-08 16:23:12 - chaos - INFO - 命名空间: ns-dupf, 网络设备: eth0
2026-05-08 16:23:12 - chaos - INFO - 获取 Pod dupf-upc-5c84ff589c-btt52 的 pause 容器 ID
2026-05-08 16:23:12 - chaos - INFO - 解析后的 pause 容器 ID: 30deac2c6220
2026-05-08 16:23:12 - chaos - INFO - 获取容器的 PID
2026-05-08 16:23:12 - chaos - INFO - 容器 ID: 30deac2c6220
2026-05-08 16:23:12 - chaos - INFO - 提取的容器 PID: 53503
2026-05-08 16:23:13 - chaos - INFO - Pod dupf-upc-5c84ff589c-btt52 的网络故障清除成功
2026-05-08 16:23:13 - chaos - INFO - 清除 Pod dupf-upc-5c84ff589c-fqnf7 的网络故障
2026-05-08 16:23:13 - chaos - INFO - 命名空间: ns-dupf, 网络设备: eth0
2026-05-08 16:23:13 - chaos - INFO - 获取 Pod dupf-upc-5c84ff589c-fqnf7 的 pause 容器 ID
2026-05-08 16:23:13 - chaos - INFO - 解析后的 pause 容器 ID: 6f392aa15848
2026-05-08 16:23:13 - chaos - INFO - 获取容器的 PID
2026-05-08 16:23:13 - chaos - INFO - 容器 ID: 6f392aa15848
2026-05-08 16:23:13 - chaos - INFO - 提取的容器 PID: 53471
2026-05-08 16:23:13 - chaos - INFO - Pod dupf-upc-5c84ff589c-fqnf7 的网络故障清除成功
2026-05-08 16:23:13 - chaos - INFO - 清除 Pod dupf-upu-dupf01-1-7578c56d88-dd8qf 的网络故障
2026-05-08 16:23:13 - chaos - INFO - 命名空间: ns-dupf, 网络设备: eth0
2026-05-08 16:23:13 - chaos - INFO - 获取 Pod dupf-upu-dupf01-1-7578c56d88-dd8qf 的 pause 容器 ID
2026-05-08 16:23:13 - chaos - INFO - 解析后的 pause 容器 ID: d8c18e184701
2026-05-08 16:23:13 - chaos - INFO - 获取容器的 PID
2026-05-08 16:23:13 - chaos - INFO - 容器 ID: d8c18e184701
2026-05-08 16:23:13 - chaos - INFO - 提取的容器 PID: 54289
2026-05-08 16:23:13 - chaos - INFO - Pod dupf-upu-dupf01-1-7578c56d88-dd8qf 的网络故障清除成功
2026-05-08 16:23:13 - chaos - INFO - 清除 Pod dupf-upu-dupf01-2-7cd9b494c-5wrzj 的网络故障
2026-05-08 16:23:13 - chaos - INFO - 命名空间: ns-dupf, 网络设备: eth0
2026-05-08 16:23:13 - chaos - INFO - 获取 Pod dupf-upu-dupf01-2-7cd9b494c-5wrzj 的 pause 容器 ID
2026-05-08 16:23:13 - chaos - INFO - 解析后的 pause 容器 ID: 045e1b477bbf
2026-05-08 16:23:13 - chaos - INFO - 获取容器的 PID
2026-05-08 16:23:13 - chaos - INFO - 容器 ID: 045e1b477bbf
2026-05-08 16:23:13 - chaos - INFO - 提取的容器 PID: 33786
2026-05-08 16:23:14 - chaos - INFO - Pod dupf-upu-dupf01-2-7cd9b494c-5wrzj 的网络故障清除成功
2026-05-08 16:23:14 - chaos - INFO - 清除 Pod dupf-upu-dupf01-3-585d949f88-x9fdd 的网络故障
2026-05-08 16:23:14 - chaos - INFO - 命名空间: ns-dupf, 网络设备: eth0
2026-05-08 16:23:14 - chaos - INFO - 获取 Pod dupf-upu-dupf01-3-585d949f88-x9fdd 的 pause 容器 ID
2026-05-08 16:23:14 - chaos - INFO - 解析后的 pause 容器 ID: df4f22e1420a
2026-05-08 16:23:14 - chaos - INFO - 获取容器的 PID
2026-05-08 16:23:14 - chaos - INFO - 容器 ID: df4f22e1420a
2026-05-08 16:23:14 - chaos - INFO - 提取的容器 PID: 54597
2026-05-08 16:23:14 - chaos - INFO - Pod dupf-upu-dupf01-3-585d949f88-x9fdd 的网络故障清除成功
2026-05-08 16:23:14 - chaos - INFO - 环境 1_ssh_remote 网络故障清除完成：成功 15, 失败 0
2026-05-08 16:23:14 - chaos - INFO - ============================================================
2026-05-08 16:23:14 - chaos - INFO - workflow 级别的 auto_clear 完成
2026-05-08 16:23:14 - chaos - INFO - ============================================================
2026-05-08 16:23:14 - chaos - INFO - 
================================================================================
2026-05-08 16:23:14 - chaos - INFO - 执行workflow: cases/upu/upu/workflow_serial_delete_upu.yaml
2026-05-08 16:23:14 - chaos - INFO - ================================================================================
2026-05-08 16:23:14 - chaos - INFO - Successfully parsed workflow: upu_serial_pod_delete_001
2026-05-08 16:23:14 - chaos - INFO - ============================================================
2026-05-08 16:23:14 - chaos - INFO - 开始执行工作流: UPU 串行 Pod 删除工作流
2026-05-08 16:23:14 - chaos - INFO - 工作流 ID: upu_serial_pod_delete_001
2026-05-08 16:23:14 - chaos - INFO - 执行模式: serial
2026-05-08 16:23:14 - chaos - INFO - ============================================================
2026-05-08 16:23:14 - chaos - INFO - 启动延迟 10.0s
2026-05-08 16:23:31 - chaos - INFO - 执行计划: 共 1 层
2026-05-08 16:23:31 - chaos - INFO - 
============================================================
2026-05-08 16:23:31 - chaos - INFO - 执行第 1/1 层，共 1 个任务
2026-05-08 16:23:31 - chaos - INFO - ============================================================
2026-05-08 16:23:31 - chaos - INFO - [DEBUG] 开始执行任务: UPU Pod 删除 (delete_upu)
2026-05-08 16:23:31 - chaos - INFO - [DEBUG] 任务类型: pod, 故障类型: delete
2026-05-08 16:23:31 - chaos - INFO - [DEBUG] 目标: Pod: upu
2026-05-08 16:23:31 - chaos - INFO - [DEBUG] Duration: 240s, Loop: 1
2026-05-08 16:23:31 - chaos - INFO - [DEBUG] 任务超时时间: 300.0s
2026-05-08 16:23:31 - chaos - INFO - [DEBUG] ========== 开始执行 Case ==========
2026-05-08 16:23:31 - chaos - INFO - [DEBUG] Case名称: upu_delete
2026-05-08 16:23:31 - chaos - INFO - [DEBUG] Case类型: pod
2026-05-08 16:23:31 - chaos - INFO - [DEBUG] 故障类型: delete
2026-05-08 16:23:31 - chaos - INFO - [DEBUG] 环境: 1_ssh_remote
2026-05-08 16:23:31 - chaos - INFO - [DEBUG] 执行 Case 迭代 1/1
2026-05-08 16:23:31 - chaos - INFO - [DEBUG] 开始获取目标列表...
2026-05-08 16:23:31 - chaos.utils.remote - INFO - 连接 root@10.230.246.167:50163 不可用，需要重连
2026-05-08 16:23:31 - chaos.utils.remote - INFO - 尝试重连: root@10.230.246.167:50163
2026-05-08 16:23:32 - chaos.utils.remote - INFO - SSH连接建立成功: 10.230.246.167:50163, 耗时: 0.10s
2026-05-08 16:23:32 - chaos.utils.remote - INFO - 重连成功: root@10.230.246.167:50163
2026-05-08 16:23:32 - chaos - INFO - 根据名称匹配规则获取 Pod，pattern: upu, namespace: ns-dupf
2026-05-08 16:23:32 - chaos - INFO - 找到包含匹配的 Pod: dupf-upu-dupf01-1-7578c56d88-dd8qf
2026-05-08 16:23:32 - chaos - INFO - 找到包含匹配的 Pod: dupf-upu-dupf01-2-7cd9b494c-5wrzj
2026-05-08 16:23:32 - chaos - INFO - 找到包含匹配的 Pod: dupf-upu-dupf01-3-585d949f88-x9fdd
2026-05-08 16:23:32 - chaos - INFO - 找到包含匹配的 Pod: dupf-upu-dupf02-4-6cf676c74d-vjw2p
2026-05-08 16:23:32 - chaos - INFO - 找到包含匹配的 Pod: dupf-upu-dupf02-5-59f4fcc94-xnnsm
2026-05-08 16:23:32 - chaos - INFO - 找到包含匹配的 Pod: dupf-upu-dupf02-6-958dc9889-mwfpf
2026-05-08 16:23:32 - chaos - INFO - 找到包含匹配的 Pod: dupf-upu-dupf03-7-66d56d9698-lczzs
2026-05-08 16:23:32 - chaos - INFO - 找到包含匹配的 Pod: dupf-upu-dupf03-8-c86996c4d-2m78z
2026-05-08 16:23:32 - chaos - INFO - 找到包含匹配的 Pod: dupf-upu-dupf03-9-796496f54b-t8vzm
2026-05-08 16:23:32 - chaos - INFO - 找到包含匹配的 Pod: dupf-upu-dupf04-10-d795f9b6d-jvcrm
2026-05-08 16:23:32 - chaos - INFO - 找到包含匹配的 Pod: dupf-upu-dupf04-11-ff6798bf5-9v75t
2026-05-08 16:23:32 - chaos - INFO - 找到包含匹配的 Pod: dupf-upu-dupf04-12-56b5ddb4fb-2j4rs
2026-05-08 16:23:32 - chaos - INFO - 找到 12 个匹配的 Pod
2026-05-08 16:23:32 - chaos - INFO - 随机选择 Pod: dupf-upu-dupf01-1-7578c56d88-dd8qf
2026-05-08 16:23:32 - chaos - INFO - [DEBUG] 找到 1 个目标
2026-05-08 16:23:32 - chaos - INFO - [DEBUG] ---------- 处理目标 1/1 ----------
2026-05-08 16:23:32 - chaos - INFO - [DEBUG] 目标名称: dupf-upu-dupf01-1-7578c56d88-dd8qf
2026-05-08 16:23:32 - chaos - INFO - [DEBUG] 目标节点: None
2026-05-08 16:23:32 - chaos - INFO - [DEBUG] 创建故障注入器...
2026-05-08 16:23:32 - chaos - INFO - [DEBUG] 准备注入故障...
2026-05-08 16:23:32 - chaos - INFO - [DEBUG] 注入参数: {'fault_type': 'delete'}
2026-05-08 16:23:32 - chaos - INFO - 删除 Pod: dupf-upu-dupf01-1-7578c56d88-dd8qf (namespace: ns-dupf)
2026-05-08 16:23:32 - chaos - INFO - Pod dupf-upu-dupf01-1-7578c56d88-dd8qf 删除成功
2026-05-08 16:23:32 - chaos - INFO - [DEBUG] 故障注入成功
2026-05-08 16:23:32 - chaos - INFO - [DEBUG] 故障ID: delete_dupf-upu-dupf01-1-7578c56d88-dd8qf_ns-dupf_1778228612
2026-05-08 16:23:32 - chaos - INFO - 记录故障：delete_dupf-upu-dupf01-1-7578c56d88-dd8qf_ns-dupf_1778228612
2026-05-08 16:23:32 - chaos - INFO - [DEBUG] 开始等待 duration: 240s (240.0秒)
2026-05-08 16:27:25 - chaos - INFO - [DEBUG] duration 等待完成
2026-05-08 16:27:25 - chaos - INFO - [DEBUG] 开始清理故障: delete_dupf-upu-dupf01-1-7578c56d88-dd8qf_ns-dupf_1778228612
2026-05-08 16:27:25 - chaos - INFO - Pod 故障自动恢复：delete_dupf-upu-dupf01-1-7578c56d88-dd8qf_ns-dupf_1778228612
2026-05-08 16:27:25 - chaos - INFO - [DEBUG] 故障清理成功: delete_dupf-upu-dupf01-1-7578c56d88-dd8qf_ns-dupf_1778228612
2026-05-08 16:27:25 - chaos - INFO - 标记故障已恢复：delete_dupf-upu-dupf01-1-7578c56d88-dd8qf_ns-dupf_1778228612
2026-05-08 16:27:25 - chaos - INFO - 任务执行成功: UPU Pod 删除 (耗时: 233.42s)
2026-05-08 16:27:25 - chaos - INFO - 
================================================================================
                           Workflow Execution Report                            
================================================================================
Workflow ID    : upu_serial_pod_delete_001
Workflow Name  : UPU 串行 Pod 删除工作流
Status         : SUCCESS
Start Time     : 2026-05-08 16:23:14
End Time       : 2026-05-08 16:27:25
Total Duration : 251.02s
Success Rate   : 100.00%
================================================================================

Task Results:
--------------------------------------------------------------------------------
  [SUCCESS ] UPU Pod 删除                     Duration: 233.42s  Group: N/A

================================================================================
Summary Statistics
================================================================================
Total Tasks    : 1
Success        : 1
Failed         : 0
Timeout        : 0
Skipped        : 0
================================================================================
2026-05-08 16:27:25 - chaos - INFO - 
================================================================================
2026-05-08 16:27:25 - chaos - INFO - 执行workflow: cases/upu/upu/workflow_serial_duplicate_upu.yaml
2026-05-08 16:27:25 - chaos - INFO - ================================================================================
2026-05-08 16:27:25 - chaos - INFO - Successfully parsed workflow: upu_serial_network_duplicate_001
2026-05-08 16:27:25 - chaos - INFO - ============================================================
2026-05-08 16:27:25 - chaos - INFO - 开始执行工作流: UPU 串行数据包重复工作流
2026-05-08 16:27:25 - chaos - INFO - 工作流 ID: upu_serial_network_duplicate_001
2026-05-08 16:27:25 - chaos - INFO - 执行模式: serial
2026-05-08 16:27:25 - chaos - INFO - ============================================================
2026-05-08 16:27:25 - chaos - INFO - 启动延迟 10.0s
2026-05-08 16:27:35 - chaos - INFO - 执行计划: 共 1 层
2026-05-08 16:27:35 - chaos - INFO - 
============================================================
2026-05-08 16:27:35 - chaos - INFO - 执行第 1/1 层，共 1 个任务
2026-05-08 16:27:35 - chaos - INFO - ============================================================
2026-05-08 16:27:35 - chaos - INFO - [DEBUG] 开始执行任务: UPU 数据包重复 (duplicate_upu)
2026-05-08 16:27:35 - chaos - INFO - [DEBUG] 任务类型: network, 故障类型: duplicate
2026-05-08 16:27:35 - chaos - INFO - [DEBUG] 目标: Pod: upu
2026-05-08 16:27:35 - chaos - INFO - [DEBUG] Duration: 240s, Loop: 1
2026-05-08 16:27:35 - chaos - INFO - [DEBUG] 任务超时时间: 300.0s
2026-05-08 16:27:35 - chaos - INFO - [DEBUG] ========== 开始执行 Case ==========
2026-05-08 16:27:35 - chaos - INFO - [DEBUG] Case名称: upu_duplicate
2026-05-08 16:27:35 - chaos - INFO - [DEBUG] Case类型: network
2026-05-08 16:27:35 - chaos - INFO - [DEBUG] 故障类型: duplicate
2026-05-08 16:27:35 - chaos - INFO - [DEBUG] 环境: 1_ssh_remote
2026-05-08 16:27:35 - chaos - INFO - [DEBUG] 执行 Case 迭代 1/1
2026-05-08 16:27:35 - chaos - INFO - [DEBUG] 开始获取目标列表...
2026-05-08 16:27:35 - chaos - INFO - 根据名称匹配规则获取 Pod，pattern: upu, namespace: ns-dupf
2026-05-08 16:27:35 - chaos - INFO - 找到包含匹配的 Pod: dupf-upu-dupf01-1-7578c56d88-rw77b
2026-05-08 16:27:35 - chaos - INFO - 找到包含匹配的 Pod: dupf-upu-dupf01-2-7cd9b494c-5wrzj
2026-05-08 16:27:35 - chaos - INFO - 找到包含匹配的 Pod: dupf-upu-dupf01-3-585d949f88-x9fdd
2026-05-08 16:27:35 - chaos - INFO - 找到包含匹配的 Pod: dupf-upu-dupf02-4-6cf676c74d-vjw2p
2026-05-08 16:27:35 - chaos - INFO - 找到包含匹配的 Pod: dupf-upu-dupf02-5-59f4fcc94-xnnsm
2026-05-08 16:27:35 - chaos - INFO - 找到包含匹配的 Pod: dupf-upu-dupf02-6-958dc9889-mwfpf
2026-05-08 16:27:35 - chaos - INFO - 找到包含匹配的 Pod: dupf-upu-dupf03-7-66d56d9698-lczzs
2026-05-08 16:27:35 - chaos - INFO - 找到包含匹配的 Pod: dupf-upu-dupf03-8-c86996c4d-2m78z
2026-05-08 16:27:35 - chaos - INFO - 找到包含匹配的 Pod: dupf-upu-dupf03-9-796496f54b-t8vzm
2026-05-08 16:27:35 - chaos - INFO - 找到包含匹配的 Pod: dupf-upu-dupf04-10-d795f9b6d-jvcrm
2026-05-08 16:27:35 - chaos - INFO - 找到包含匹配的 Pod: dupf-upu-dupf04-11-ff6798bf5-9v75t
2026-05-08 16:27:35 - chaos - INFO - 找到包含匹配的 Pod: dupf-upu-dupf04-12-56b5ddb4fb-2j4rs
2026-05-08 16:27:35 - chaos - INFO - 找到 12 个匹配的 Pod
2026-05-08 16:27:35 - chaos - INFO - 随机选择 Pod: dupf-upu-dupf04-10-d795f9b6d-jvcrm
2026-05-08 16:27:35 - chaos - INFO - [DEBUG] 找到 1 个目标
2026-05-08 16:27:35 - chaos - INFO - [DEBUG] ---------- 处理目标 1/1 ----------
2026-05-08 16:27:35 - chaos - INFO - [DEBUG] 目标名称: dupf-upu-dupf04-10-d795f9b6d-jvcrm
2026-05-08 16:27:35 - chaos - INFO - [DEBUG] 目标节点: None
2026-05-08 16:27:35 - chaos - INFO - [DEBUG] 创建故障注入器...
2026-05-08 16:27:35 - chaos - INFO - [DEBUG] 准备注入故障...
2026-05-08 16:27:35 - chaos - INFO - [DEBUG] 注入参数: {'fault_type': 'duplicate', 'correlation': ['30%', '90%'], 'percent': ['10%', '90%']}
2026-05-08 16:27:35 - chaos - INFO - 获取 Pod dupf-upu-dupf04-10-d795f9b6d-jvcrm 的 pause 容器 ID
2026-05-08 16:27:35 - chaos - INFO - 获取 Pod dupf-upu-dupf04-10-d795f9b6d-jvcrm 所在的节点，namespace: ns-dupf
2026-05-08 16:27:35 - chaos - INFO - Pod dupf-upu-dupf04-10-d795f9b6d-jvcrm 运行在节点 dupf04
2026-05-08 16:27:35 - chaos - INFO - Pod dupf-upu-dupf04-10-d795f9b6d-jvcrm 运行在节点 dupf04
2026-05-08 16:27:35 - chaos - INFO - 找到节点 dupf04 对应的环境: 4_ssh_remote
2026-05-08 16:27:36 - chaos - INFO - 解析后的 pause 容器 ID: 20171f7c71f3
2026-05-08 16:27:36 - chaos - INFO - 获取容器的 PID
2026-05-08 16:27:36 - chaos - INFO - 容器 ID: 20171f7c71f3
2026-05-08 16:27:36 - chaos - INFO - 提取的容器 PID: 23321
2026-05-08 16:27:36 - chaos - INFO - 为 Pod dupf-upu-dupf04-10-d795f9b6d-jvcrm 注入网络数据包重复
2026-05-08 16:27:36 - chaos - INFO - 重复比例: 32%
2026-05-08 16:27:36 - chaos - INFO - 相关性: 67%
2026-05-08 16:27:36 - chaos - INFO - tc 命令: tc qdisc add dev eth0 root netem duplicate 32% 67%
2026-05-08 16:27:36 - chaos - INFO - 网络数据包重复注入成功
2026-05-08 16:27:36 - chaos - INFO - [DEBUG] 故障注入成功
2026-05-08 16:27:36 - chaos - INFO - [DEBUG] 故障ID: duplicate_dupf-upu-dupf04-10-d795f9b6d-jvcrm_ns-dupf_1778228855
2026-05-08 16:27:36 - chaos - INFO - 记录故障：duplicate_dupf-upu-dupf04-10-d795f9b6d-jvcrm_ns-dupf_1778228855
2026-05-08 16:27:36 - chaos - INFO - [DEBUG] 开始等待 duration: 240s (240.0秒)
2026-05-08 16:31:36 - chaos - INFO - [DEBUG] duration 等待完成
2026-05-08 16:31:36 - chaos - INFO - [DEBUG] 开始清理故障: duplicate_dupf-upu-dupf04-10-d795f9b6d-jvcrm_ns-dupf_1778228855
2026-05-08 16:31:36 - chaos - INFO - 获取 Pod dupf-upu-dupf04-10-d795f9b6d-jvcrm 的 pause 容器 ID
2026-05-08 16:31:36 - chaos - INFO - 获取 Pod dupf-upu-dupf04-10-d795f9b6d-jvcrm 所在的节点，namespace: ns-dupf
2026-05-08 16:31:36 - chaos - INFO - Pod dupf-upu-dupf04-10-d795f9b6d-jvcrm 运行在节点 dupf04
2026-05-08 16:31:36 - chaos - INFO - Pod dupf-upu-dupf04-10-d795f9b6d-jvcrm 运行在节点 dupf04
2026-05-08 16:31:36 - chaos - INFO - 找到节点 dupf04 对应的环境: 4_ssh_remote
2026-05-08 16:31:36 - chaos - INFO - 解析后的 pause 容器 ID: 20171f7c71f3
2026-05-08 16:31:36 - chaos - INFO - 获取容器的 PID
2026-05-08 16:31:36 - chaos - INFO - 容器 ID: 20171f7c71f3
2026-05-08 16:31:36 - chaos - INFO - 提取的容器 PID: 23321
2026-05-08 16:31:36 - chaos - INFO - 恢复网络故障：duplicate_dupf-upu-dupf04-10-d795f9b6d-jvcrm_ns-dupf_1778228855
2026-05-08 16:31:36 - chaos - INFO - [DEBUG] 故障清理成功: duplicate_dupf-upu-dupf04-10-d795f9b6d-jvcrm_ns-dupf_1778228855
2026-05-08 16:31:36 - chaos - INFO - 标记故障已恢复：duplicate_dupf-upu-dupf04-10-d795f9b6d-jvcrm_ns-dupf_1778228855
2026-05-08 16:31:36 - chaos - INFO - 任务执行成功: UPU 数据包重复 (耗时: 241.26s)
2026-05-08 16:31:36 - chaos - INFO - 
================================================================================
                           Workflow Execution Report                            
================================================================================
Workflow ID    : upu_serial_network_duplicate_001
Workflow Name  : UPU 串行数据包重复工作流
Status         : SUCCESS
Start Time     : 2026-05-08 16:27:25
End Time       : 2026-05-08 16:31:36
Total Duration : 251.27s
Success Rate   : 100.00%
================================================================================

Task Results:
--------------------------------------------------------------------------------
  [SUCCESS ] UPU 数据包重复                      Duration: 241.26s  Group: N/A

================================================================================
Summary Statistics
================================================================================
Total Tasks    : 1
Success        : 1
Failed         : 0
Timeout        : 0
Skipped        : 0
================================================================================
2026-05-08 16:31:36 - chaos - INFO - ============================================================
2026-05-08 16:31:36 - chaos - INFO - 执行 workflow 级别的 auto_clear
2026-05-08 16:31:36 - chaos - INFO - ============================================================
2026-05-08 16:31:36 - chaos - INFO - 需要清理的环境: 1_ssh_remote
2026-05-08 16:31:36 - chaos - INFO - 清理环境 1_ssh_remote 的网络故障...
2026-05-08 16:31:36 - chaos - INFO - 获取 Pod 列表，namespace: ns-dupf, nodename: dupf01
2026-05-08 16:31:37 - chaos - INFO - 找到 15 个 Pod
2026-05-08 16:31:37 - chaos - INFO - 找到 15 个 pod
2026-05-08 16:31:37 - chaos - INFO - 清除 Pod dupf-ddb-shd-0-2 的网络故障
2026-05-08 16:31:37 - chaos - INFO - 命名空间: ns-dupf, 网络设备: eth0
2026-05-08 16:31:37 - chaos - INFO - 获取 Pod dupf-ddb-shd-0-2 的 pause 容器 ID
2026-05-08 16:31:37 - chaos - INFO - 解析后的 pause 容器 ID: 11b9bcfdcc7d
2026-05-08 16:31:37 - chaos - INFO - 获取容器的 PID
2026-05-08 16:31:37 - chaos - INFO - 容器 ID: 11b9bcfdcc7d
2026-05-08 16:31:44 - chaos - INFO - 提取的容器 PID: 56490
2026-05-08 16:31:44 - chaos - INFO - Pod dupf-ddb-shd-0-2 的网络故障清除成功
2026-05-08 16:31:44 - chaos - INFO - 清除 Pod dupf-ddb-shd-2-0 的网络故障
2026-05-08 16:31:44 - chaos - INFO - 命名空间: ns-dupf, 网络设备: eth0
2026-05-08 16:31:44 - chaos - INFO - 获取 Pod dupf-ddb-shd-2-0 的 pause 容器 ID
2026-05-08 16:31:44 - chaos - INFO - 解析后的 pause 容器 ID: eb6741339149
2026-05-08 16:31:44 - chaos - INFO - 获取容器的 PID
2026-05-08 16:31:44 - chaos - INFO - 容器 ID: eb6741339149
2026-05-08 16:31:37 - chaos - INFO - 提取的容器 PID: 60135
2026-05-08 16:31:37 - chaos - INFO - Pod dupf-ddb-shd-2-0 的网络故障清除成功
2026-05-08 16:31:37 - chaos - INFO - 清除 Pod dupf-etcd-2 的网络故障
2026-05-08 16:31:37 - chaos - INFO - 命名空间: ns-dupf, 网络设备: eth0
2026-05-08 16:31:37 - chaos - INFO - 获取 Pod dupf-etcd-2 的 pause 容器 ID
2026-05-08 16:31:37 - chaos - INFO - 解析后的 pause 容器 ID: 3cc8373b2962
2026-05-08 16:31:37 - chaos - INFO - 获取容器的 PID
2026-05-08 16:31:37 - chaos - INFO - 容器 ID: 3cc8373b2962
2026-05-08 16:31:37 - chaos - INFO - 提取的容器 PID: 52344
2026-05-08 16:31:37 - chaos - INFO - Pod dupf-etcd-2 的网络故障清除成功
2026-05-08 16:31:37 - chaos - INFO - 清除 Pod dupf-file-sync-cp7xf 的网络故障
2026-05-08 16:31:37 - chaos - INFO - 命名空间: ns-dupf, 网络设备: eth0
2026-05-08 16:31:37 - chaos - INFO - 获取 Pod dupf-file-sync-cp7xf 的 pause 容器 ID
2026-05-08 16:31:38 - chaos - INFO - 解析后的 pause 容器 ID: d0ea761e5e4e
2026-05-08 16:31:38 - chaos - INFO - 获取容器的 PID
2026-05-08 16:31:38 - chaos - INFO - 容器 ID: d0ea761e5e4e
2026-05-08 16:31:38 - chaos - INFO - 提取的容器 PID: 55694
2026-05-08 16:31:38 - chaos - INFO - Pod dupf-file-sync-cp7xf 的网络故障清除成功
2026-05-08 16:31:38 - chaos - INFO - 清除 Pod dupf-node-monitor-67qq8 的网络故障
2026-05-08 16:31:38 - chaos - INFO - 命名空间: ns-dupf, 网络设备: eth0
2026-05-08 16:31:38 - chaos - INFO - 获取 Pod dupf-node-monitor-67qq8 的 pause 容器 ID
2026-05-08 16:31:38 - chaos - INFO - 解析后的 pause 容器 ID: 511f0726aca2
2026-05-08 16:31:38 - chaos - INFO - 获取容器的 PID
2026-05-08 16:31:38 - chaos - INFO - 容器 ID: 511f0726aca2
2026-05-08 16:31:38 - chaos - INFO - 提取的容器 PID: 55791
2026-05-08 16:31:38 - chaos - INFO - Pod dupf-node-monitor-67qq8 的网络故障清除成功
2026-05-08 16:31:38 - chaos - INFO - 清除 Pod dupf-prometheus-7f486d9788-856l7 的网络故障
2026-05-08 16:31:38 - chaos - INFO - 命名空间: ns-dupf, 网络设备: eth0
2026-05-08 16:31:38 - chaos - INFO - 获取 Pod dupf-prometheus-7f486d9788-856l7 的 pause 容器 ID
2026-05-08 16:31:38 - chaos - INFO - 解析后的 pause 容器 ID: 64a24fc1308b
2026-05-08 16:31:38 - chaos - INFO - 获取容器的 PID
2026-05-08 16:31:38 - chaos - INFO - 容器 ID: 64a24fc1308b
2026-05-08 16:31:38 - chaos - INFO - 提取的容器 PID: 52912
2026-05-08 16:31:38 - chaos - INFO - Pod dupf-prometheus-7f486d9788-856l7 的网络故障清除成功
2026-05-08 16:31:38 - chaos - INFO - 清除 Pod dupf-registry-center-2 的网络故障
2026-05-08 16:31:38 - chaos - INFO - 命名空间: ns-dupf, 网络设备: eth0
2026-05-08 16:31:38 - chaos - INFO - 获取 Pod dupf-registry-center-2 的 pause 容器 ID
2026-05-08 16:31:39 - chaos - INFO - 解析后的 pause 容器 ID: 09cccee66afb
2026-05-08 16:31:39 - chaos - INFO - 获取容器的 PID
2026-05-08 16:31:39 - chaos - INFO - 容器 ID: 09cccee66afb
2026-05-08 16:31:39 - chaos - INFO - 提取的容器 PID: 8097
2026-05-08 16:31:39 - chaos - INFO - Pod dupf-registry-center-2 的网络故障清除成功
2026-05-08 16:31:39 - chaos - INFO - 清除 Pod dupf-sdb-1 的网络故障
2026-05-08 16:31:39 - chaos - INFO - 命名空间: ns-dupf, 网络设备: eth0
2026-05-08 16:31:39 - chaos - INFO - 获取 Pod dupf-sdb-1 的 pause 容器 ID
2026-05-08 16:31:39 - chaos - INFO - 解析后的 pause 容器 ID: c83947f725c5
2026-05-08 16:31:39 - chaos - INFO - 获取容器的 PID
2026-05-08 16:31:39 - chaos - INFO - 容器 ID: c83947f725c5
2026-05-08 16:31:39 - chaos - INFO - 提取的容器 PID: 56495
2026-05-08 16:31:39 - chaos - INFO - Pod dupf-sdb-1 的网络故障清除成功
2026-05-08 16:31:39 - chaos - INFO - 清除 Pod dupf-sdb-sentinel-2 的网络故障
2026-05-08 16:31:39 - chaos - INFO - 命名空间: ns-dupf, 网络设备: eth0
2026-05-08 16:31:39 - chaos - INFO - 获取 Pod dupf-sdb-sentinel-2 的 pause 容器 ID
2026-05-08 16:31:39 - chaos - INFO - 解析后的 pause 容器 ID: 45a2fb40f9c3
2026-05-08 16:31:39 - chaos - INFO - 获取容器的 PID
2026-05-08 16:31:39 - chaos - INFO - 容器 ID: 45a2fb40f9c3
2026-05-08 16:31:39 - chaos - INFO - 提取的容器 PID: 56485
2026-05-08 16:31:39 - chaos - INFO - Pod dupf-sdb-sentinel-2 的网络故障清除成功
2026-05-08 16:31:39 - chaos - INFO - 清除 Pod dupf-sf-mq-proxy-2 的网络故障
2026-05-08 16:31:39 - chaos - INFO - 命名空间: ns-dupf, 网络设备: eth0
2026-05-08 16:31:39 - chaos - INFO - 获取 Pod dupf-sf-mq-proxy-2 的 pause 容器 ID
2026-05-08 16:31:40 - chaos - INFO - 解析后的 pause 容器 ID: aedeffcae771
2026-05-08 16:31:40 - chaos - INFO - 获取容器的 PID
2026-05-08 16:31:40 - chaos - INFO - 容器 ID: aedeffcae771
2026-05-08 16:31:40 - chaos - INFO - 提取的容器 PID: 59302
2026-05-08 16:31:40 - chaos - INFO - Pod dupf-sf-mq-proxy-2 的网络故障清除成功
2026-05-08 16:31:40 - chaos - INFO - 清除 Pod dupf-upc-5c84ff589c-btt52 的网络故障
2026-05-08 16:31:40 - chaos - INFO - 命名空间: ns-dupf, 网络设备: eth0
2026-05-08 16:31:40 - chaos - INFO - 获取 Pod dupf-upc-5c84ff589c-btt52 的 pause 容器 ID
2026-05-08 16:31:40 - chaos - INFO - 解析后的 pause 容器 ID: 30deac2c6220
2026-05-08 16:31:40 - chaos - INFO - 获取容器的 PID
2026-05-08 16:31:40 - chaos - INFO - 容器 ID: 30deac2c6220
2026-05-08 16:31:40 - chaos - INFO - 提取的容器 PID: 53503
2026-05-08 16:31:40 - chaos - INFO - Pod dupf-upc-5c84ff589c-btt52 的网络故障清除成功
2026-05-08 16:31:40 - chaos - INFO - 清除 Pod dupf-upc-5c84ff589c-fqnf7 的网络故障
2026-05-08 16:31:40 - chaos - INFO - 命名空间: ns-dupf, 网络设备: eth0
2026-05-08 16:31:40 - chaos - INFO - 获取 Pod dupf-upc-5c84ff589c-fqnf7 的 pause 容器 ID
2026-05-08 16:31:40 - chaos - INFO - 解析后的 pause 容器 ID: 6f392aa15848
2026-05-08 16:31:40 - chaos - INFO - 获取容器的 PID
2026-05-08 16:31:40 - chaos - INFO - 容器 ID: 6f392aa15848
2026-05-08 16:31:40 - chaos - INFO - 提取的容器 PID: 53471
2026-05-08 16:31:40 - chaos - INFO - Pod dupf-upc-5c84ff589c-fqnf7 的网络故障清除成功
2026-05-08 16:31:40 - chaos - INFO - 清除 Pod dupf-upu-dupf01-1-7578c56d88-rw77b 的网络故障
2026-05-08 16:31:40 - chaos - INFO - 命名空间: ns-dupf, 网络设备: eth0
2026-05-08 16:31:40 - chaos - INFO - 获取 Pod dupf-upu-dupf01-1-7578c56d88-rw77b 的 pause 容器 ID
2026-05-08 16:31:40 - chaos - INFO - 解析后的 pause 容器 ID: 6ca30b4a8d05
2026-05-08 16:31:40 - chaos - INFO - 获取容器的 PID
2026-05-08 16:31:40 - chaos - INFO - 容器 ID: 6ca30b4a8d05
2026-05-08 16:31:41 - chaos - INFO - 提取的容器 PID: 28623
2026-05-08 16:31:41 - chaos - INFO - Pod dupf-upu-dupf01-1-7578c56d88-rw77b 的网络故障清除成功
2026-05-08 16:31:41 - chaos - INFO - 清除 Pod dupf-upu-dupf01-2-7cd9b494c-5wrzj 的网络故障
2026-05-08 16:31:41 - chaos - INFO - 命名空间: ns-dupf, 网络设备: eth0
2026-05-08 16:31:41 - chaos - INFO - 获取 Pod dupf-upu-dupf01-2-7cd9b494c-5wrzj 的 pause 容器 ID
2026-05-08 16:31:41 - chaos - INFO - 解析后的 pause 容器 ID: 045e1b477bbf
2026-05-08 16:31:41 - chaos - INFO - 获取容器的 PID
2026-05-08 16:31:41 - chaos - INFO - 容器 ID: 045e1b477bbf
2026-05-08 16:31:41 - chaos - INFO - 提取的容器 PID: 33786
2026-05-08 16:31:41 - chaos - INFO - Pod dupf-upu-dupf01-2-7cd9b494c-5wrzj 的网络故障清除成功
2026-05-08 16:31:41 - chaos - INFO - 清除 Pod dupf-upu-dupf01-3-585d949f88-x9fdd 的网络故障
2026-05-08 16:31:41 - chaos - INFO - 命名空间: ns-dupf, 网络设备: eth0
2026-05-08 16:31:41 - chaos - INFO - 获取 Pod dupf-upu-dupf01-3-585d949f88-x9fdd 的 pause 容器 ID
2026-05-08 16:31:41 - chaos - INFO - 解析后的 pause 容器 ID: df4f22e1420a
2026-05-08 16:31:41 - chaos - INFO - 获取容器的 PID
2026-05-08 16:31:41 - chaos - INFO - 容器 ID: df4f22e1420a
2026-05-08 16:31:41 - chaos - INFO - 提取的容器 PID: 54597
2026-05-08 16:31:41 - chaos - INFO - Pod dupf-upu-dupf01-3-585d949f88-x9fdd 的网络故障清除成功
2026-05-08 16:31:41 - chaos - INFO - 环境 1_ssh_remote 网络故障清除完成：成功 15, 失败 0
2026-05-08 16:31:41 - chaos - INFO - ============================================================
2026-05-08 16:31:41 - chaos - INFO - workflow 级别的 auto_clear 完成
2026-05-08 16:31:41 - chaos - INFO - ============================================================
2026-05-08 16:31:41 - chaos - INFO - 
================================================================================
2026-05-08 16:31:41 - chaos - INFO - 执行workflow: cases/upu/upu/workflow_serial_kill_upu.yaml
2026-05-08 16:31:41 - chaos - INFO - ================================================================================
2026-05-08 16:31:41 - chaos - INFO - Successfully parsed workflow: upu_serial_process_kill_001
2026-05-08 16:31:41 - chaos - INFO - ============================================================
2026-05-08 16:31:41 - chaos - INFO - 开始执行工作流: UPU 串行进程杀除工作流
2026-05-08 16:31:41 - chaos - INFO - 工作流 ID: upu_serial_process_kill_001
2026-05-08 16:31:41 - chaos - INFO - 执行模式: serial
2026-05-08 16:31:41 - chaos - INFO - ============================================================
2026-05-08 16:31:41 - chaos - INFO - 启动延迟 10.0s
2026-05-08 16:31:51 - chaos - INFO - 执行计划: 共 1 层
2026-05-08 16:31:51 - chaos - INFO - 
============================================================
2026-05-08 16:31:51 - chaos - INFO - 执行第 1/1 层，共 1 个任务
2026-05-08 16:31:51 - chaos - INFO - ============================================================
2026-05-08 16:31:51 - chaos - INFO - [DEBUG] 开始执行任务: UPU 进程杀除 (kill_upu)
2026-05-08 16:31:51 - chaos - INFO - [DEBUG] 任务类型: process, 故障类型: kill
2026-05-08 16:31:51 - chaos - INFO - [DEBUG] 目标: Pod: upu
2026-05-08 16:31:51 - chaos - INFO - [DEBUG] Duration: 240s, Loop: 1
2026-05-08 16:31:51 - chaos - INFO - [DEBUG] 任务超时时间: 300.0s
2026-05-08 16:31:51 - chaos - INFO - [DEBUG] ========== 开始执行 Case ==========
2026-05-08 16:31:51 - chaos - INFO - [DEBUG] Case名称: upu_kill
2026-05-08 16:31:51 - chaos - INFO - [DEBUG] Case类型: process
2026-05-08 16:31:51 - chaos - INFO - [DEBUG] 故障类型: kill
2026-05-08 16:31:51 - chaos - INFO - [DEBUG] 环境: 1_ssh_remote
2026-05-08 16:31:51 - chaos - INFO - [DEBUG] 执行 Case 迭代 1/1
2026-05-08 16:31:51 - chaos - INFO - [DEBUG] 开始获取目标列表...
2026-05-08 16:31:51 - chaos.utils.remote - INFO - 连接 root@10.230.246.167:50163 不可用，需要重连
2026-05-08 16:31:51 - chaos.utils.remote - INFO - 尝试重连: root@10.230.246.167:50163
2026-05-08 16:31:51 - chaos.utils.remote - INFO - SSH连接建立成功: 10.230.246.167:50163, 耗时: 0.10s
2026-05-08 16:31:51 - chaos.utils.remote - INFO - 重连成功: root@10.230.246.167:50163
2026-05-08 16:31:51 - chaos - INFO - 根据名称匹配规则获取 Pod，pattern: upu, namespace: ns-dupf
2026-05-08 16:31:55 - chaos - INFO - 找到包含匹配的 Pod: dupf-upu-dupf01-1-7578c56d88-rw77b
2026-05-08 16:31:55 - chaos - INFO - 找到包含匹配的 Pod: dupf-upu-dupf01-2-7cd9b494c-5wrzj
2026-05-08 16:31:55 - chaos - INFO - 找到包含匹配的 Pod: dupf-upu-dupf01-3-585d949f88-x9fdd
2026-05-08 16:31:55 - chaos - INFO - 找到包含匹配的 Pod: dupf-upu-dupf02-4-6cf676c74d-vjw2p
2026-05-08 16:31:55 - chaos - INFO - 找到包含匹配的 Pod: dupf-upu-dupf02-5-59f4fcc94-xnnsm
2026-05-08 16:31:55 - chaos - INFO - 找到包含匹配的 Pod: dupf-upu-dupf02-6-958dc9889-mwfpf
2026-05-08 16:31:55 - chaos - INFO - 找到包含匹配的 Pod: dupf-upu-dupf03-7-66d56d9698-lczzs
2026-05-08 16:31:55 - chaos - INFO - 找到包含匹配的 Pod: dupf-upu-dupf03-8-c86996c4d-2m78z
2026-05-08 16:31:55 - chaos - INFO - 找到包含匹配的 Pod: dupf-upu-dupf03-9-796496f54b-t8vzm
2026-05-08 16:31:55 - chaos - INFO - 找到包含匹配的 Pod: dupf-upu-dupf04-10-d795f9b6d-jvcrm
2026-05-08 16:31:55 - chaos - INFO - 找到包含匹配的 Pod: dupf-upu-dupf04-11-ff6798bf5-9v75t
2026-05-08 16:31:55 - chaos - INFO - 找到包含匹配的 Pod: dupf-upu-dupf04-12-56b5ddb4fb-2j4rs
2026-05-08 16:31:55 - chaos - INFO - 找到 12 个匹配的 Pod
2026-05-08 16:31:55 - chaos - INFO - 随机选择 Pod: dupf-upu-dupf02-4-6cf676c74d-vjw2p
2026-05-08 16:31:55 - chaos - INFO - [DEBUG] 找到 1 个目标
2026-05-08 16:31:55 - chaos - INFO - [DEBUG] ---------- 处理目标 1/1 ----------
2026-05-08 16:31:55 - chaos - INFO - [DEBUG] 目标名称: dupf-upu-dupf02-4-6cf676c74d-vjw2p
2026-05-08 16:31:55 - chaos - INFO - [DEBUG] 目标节点: None
2026-05-08 16:31:55 - chaos - INFO - [DEBUG] 创建故障注入器...
2026-05-08 16:31:55 - chaos - INFO - [DEBUG] 准备注入故障...
2026-05-08 16:31:55 - chaos - INFO - [DEBUG] 注入参数: {'fault_type': 'kill', 'main_process_pid': 1, 'signal': 15}
2026-05-08 16:31:55 - chaos - INFO - Kill 进程: Pod=dupf-upu-dupf02-4-6cf676c74d-vjw2p, Namespace=ns-dupf, Signal=15, PID=1
2026-05-08 16:31:55 - chaos - INFO - 进程 kill 成功: Signal=15, PID=1
2026-05-08 16:31:55 - chaos - INFO - [DEBUG] 故障注入成功
2026-05-08 16:31:55 - chaos - INFO - [DEBUG] 故障ID: process_kill_dupf-upu-dupf02-4-6cf676c74d-vjw2p_ns-dupf_15_1_1778229115
2026-05-08 16:31:55 - chaos - INFO - 记录故障：process_kill_dupf-upu-dupf02-4-6cf676c74d-vjw2p_ns-dupf_15_1_1778229115
2026-05-08 16:31:55 - chaos - INFO - [DEBUG] 开始等待 duration: 240s (240.0秒)
2026-05-08 16:35:55 - chaos - INFO - [DEBUG] duration 等待完成
2026-05-08 16:35:55 - chaos - INFO - [DEBUG] 开始清理故障: process_kill_dupf-upu-dupf02-4-6cf676c74d-vjw2p_ns-dupf_15_1_1778229115
2026-05-08 16:35:55 - chaos - INFO - 进程故障自动恢复（进程守护自动拉起）: process_kill_dupf-upu-dupf02-4-6cf676c74d-vjw2p_ns-dupf_15_1_1778229115
2026-05-08 16:35:55 - chaos - INFO - [DEBUG] 故障清理成功: process_kill_dupf-upu-dupf02-4-6cf676c74d-vjw2p_ns-dupf_15_1_1778229115
2026-05-08 16:35:55 - chaos - INFO - 标记故障已恢复：process_kill_dupf-upu-dupf02-4-6cf676c74d-vjw2p_ns-dupf_15_1_1778229115
2026-05-08 16:35:55 - chaos - INFO - 任务执行成功: UPU 进程杀除 (耗时: 243.96s)
2026-05-08 16:35:55 - chaos - INFO - 
================================================================================
                           Workflow Execution Report                            
================================================================================
Workflow ID    : upu_serial_process_kill_001
Workflow Name  : UPU 串行进程杀除工作流
Status         : SUCCESS
Start Time     : 2026-05-08 16:31:41
End Time       : 2026-05-08 16:35:55
Total Duration : 253.97s
Success Rate   : 100.00%
================================================================================

Task Results:
--------------------------------------------------------------------------------
  [SUCCESS ] UPU 进程杀除                       Duration: 243.96s  Group: N/A

================================================================================
Summary Statistics
================================================================================
Total Tasks    : 1
Success        : 1
Failed         : 0
Timeout        : 0
Skipped        : 0
================================================================================
2026-05-08 16:35:55 - chaos - INFO - 
================================================================================
2026-05-08 16:35:55 - chaos - INFO - 执行workflow: cases/upu/upu/workflow_serial_loss_upu.yaml
2026-05-08 16:35:55 - chaos - INFO - ================================================================================
2026-05-08 16:35:55 - chaos - INFO - Successfully parsed workflow: upu_serial_network_loss_001
2026-05-08 16:35:55 - chaos - INFO - ============================================================
2026-05-08 16:35:55 - chaos - INFO - 开始执行工作流: UPU 串行网络丢包工作流
2026-05-08 16:35:55 - chaos - INFO - 工作流 ID: upu_serial_network_loss_001
2026-05-08 16:35:55 - chaos - INFO - 执行模式: serial
2026-05-08 16:35:55 - chaos - INFO - ============================================================
2026-05-08 16:35:55 - chaos - INFO - 启动延迟 10.0s
2026-05-08 16:36:05 - chaos - INFO - 执行计划: 共 1 层
2026-05-08 16:36:05 - chaos - INFO - 
============================================================
2026-05-08 16:36:05 - chaos - INFO - 执行第 1/1 层，共 1 个任务
2026-05-08 16:36:05 - chaos - INFO - ============================================================
2026-05-08 16:36:05 - chaos - INFO - [DEBUG] 开始执行任务: UPU 网络丢包 (loss_upu)
2026-05-08 16:36:05 - chaos - INFO - [DEBUG] 任务类型: network, 故障类型: loss
2026-05-08 16:36:05 - chaos - INFO - [DEBUG] 目标: Pod: upu
2026-05-08 16:36:05 - chaos - INFO - [DEBUG] Duration: 240s, Loop: 1
2026-05-08 16:36:05 - chaos - INFO - [DEBUG] 任务超时时间: 300.0s
2026-05-08 16:36:05 - chaos - INFO - [DEBUG] ========== 开始执行 Case ==========
2026-05-08 16:36:05 - chaos - INFO - [DEBUG] Case名称: upu_loss
2026-05-08 16:36:05 - chaos - INFO - [DEBUG] Case类型: network
2026-05-08 16:36:05 - chaos - INFO - [DEBUG] 故障类型: loss
2026-05-08 16:36:05 - chaos - INFO - [DEBUG] 环境: 1_ssh_remote
2026-05-08 16:36:05 - chaos - INFO - [DEBUG] 执行 Case 迭代 1/1
2026-05-08 16:36:05 - chaos - INFO - [DEBUG] 开始获取目标列表...
2026-05-08 16:36:05 - chaos - INFO - 根据名称匹配规则获取 Pod，pattern: upu, namespace: ns-dupf
2026-05-08 16:36:06 - chaos - INFO - 找到包含匹配的 Pod: dupf-upu-dupf01-1-7578c56d88-rw77b
2026-05-08 16:36:06 - chaos - INFO - 找到包含匹配的 Pod: dupf-upu-dupf01-2-7cd9b494c-5wrzj
2026-05-08 16:36:06 - chaos - INFO - 找到包含匹配的 Pod: dupf-upu-dupf01-3-585d949f88-x9fdd
2026-05-08 16:36:06 - chaos - INFO - 找到包含匹配的 Pod: dupf-upu-dupf02-4-6cf676c74d-vjw2p
2026-05-08 16:36:06 - chaos - INFO - 找到包含匹配的 Pod: dupf-upu-dupf02-5-59f4fcc94-xnnsm
2026-05-08 16:36:06 - chaos - INFO - 找到包含匹配的 Pod: dupf-upu-dupf02-6-958dc9889-mwfpf
2026-05-08 16:36:06 - chaos - INFO - 找到包含匹配的 Pod: dupf-upu-dupf03-7-66d56d9698-lczzs
2026-05-08 16:36:06 - chaos - INFO - 找到包含匹配的 Pod: dupf-upu-dupf03-8-c86996c4d-2m78z
2026-05-08 16:36:06 - chaos - INFO - 找到包含匹配的 Pod: dupf-upu-dupf03-9-796496f54b-t8vzm
2026-05-08 16:36:06 - chaos - INFO - 找到包含匹配的 Pod: dupf-upu-dupf04-10-d795f9b6d-jvcrm
2026-05-08 16:36:06 - chaos - INFO - 找到包含匹配的 Pod: dupf-upu-dupf04-11-ff6798bf5-9v75t
2026-05-08 16:36:06 - chaos - INFO - 找到包含匹配的 Pod: dupf-upu-dupf04-12-56b5ddb4fb-2j4rs
2026-05-08 16:36:06 - chaos - INFO - 找到 12 个匹配的 Pod
2026-05-08 16:36:06 - chaos - INFO - 随机选择 Pod: dupf-upu-dupf04-12-56b5ddb4fb-2j4rs
2026-05-08 16:36:06 - chaos - INFO - [DEBUG] 找到 1 个目标
2026-05-08 16:36:06 - chaos - INFO - [DEBUG] ---------- 处理目标 1/1 ----------
2026-05-08 16:36:06 - chaos - INFO - [DEBUG] 目标名称: dupf-upu-dupf04-12-56b5ddb4fb-2j4rs
2026-05-08 16:36:06 - chaos - INFO - [DEBUG] 目标节点: None
2026-05-08 16:36:06 - chaos - INFO - [DEBUG] 创建故障注入器...
2026-05-08 16:36:06 - chaos - INFO - [DEBUG] 准备注入故障...
2026-05-08 16:36:06 - chaos - INFO - [DEBUG] 注入参数: {'fault_type': 'loss', 'correlation': ['30%', '90%'], 'percent': ['10%', '90%']}
2026-05-08 16:36:06 - chaos - INFO - 获取 Pod dupf-upu-dupf04-12-56b5ddb4fb-2j4rs 的 pause 容器 ID
2026-05-08 16:36:06 - chaos - INFO - 获取 Pod dupf-upu-dupf04-12-56b5ddb4fb-2j4rs 所在的节点，namespace: ns-dupf
2026-05-08 16:36:06 - chaos - INFO - Pod dupf-upu-dupf04-12-56b5ddb4fb-2j4rs 运行在节点 dupf04
2026-05-08 16:36:06 - chaos - INFO - Pod dupf-upu-dupf04-12-56b5ddb4fb-2j4rs 运行在节点 dupf04
2026-05-08 16:36:06 - chaos - INFO - 找到节点 dupf04 对应的环境: 4_ssh_remote
2026-05-08 16:36:06 - chaos - INFO - 解析后的 pause 容器 ID: c3819a29fa54
2026-05-08 16:36:06 - chaos - INFO - 获取容器的 PID
2026-05-08 16:36:06 - chaos - INFO - 容器 ID: c3819a29fa54
2026-05-08 16:36:06 - chaos - INFO - 提取的容器 PID: 56483
2026-05-08 16:36:06 - chaos - INFO - 为 Pod dupf-upu-dupf04-12-56b5ddb4fb-2j4rs 注入网络丢包
2026-05-08 16:36:06 - chaos - INFO - 丢包模型: random
2026-05-08 16:36:06 - chaos - INFO - 丢包参数: {'percent': '14%'}
2026-05-08 16:36:06 - chaos - INFO - ECN: True
2026-05-08 16:36:06 - chaos - INFO - tc 命令: tc qdisc add dev eth0 root netem loss random 14% ecn
2026-05-08 16:36:06 - chaos - INFO - 网络丢包注入成功
2026-05-08 16:36:06 - chaos - INFO - [DEBUG] 故障注入成功
2026-05-08 16:36:06 - chaos - INFO - [DEBUG] 故障ID: loss_dupf-upu-dupf04-12-56b5ddb4fb-2j4rs_ns-dupf_1778229366
2026-05-08 16:36:06 - chaos - INFO - 记录故障：loss_dupf-upu-dupf04-12-56b5ddb4fb-2j4rs_ns-dupf_1778229366
2026-05-08 16:36:06 - chaos - INFO - [DEBUG] 开始等待 duration: 240s (240.0秒)
2026-05-08 16:40:06 - chaos - INFO - [DEBUG] duration 等待完成
2026-05-08 16:40:06 - chaos - INFO - [DEBUG] 开始清理故障: loss_dupf-upu-dupf04-12-56b5ddb4fb-2j4rs_ns-dupf_1778229366
2026-05-08 16:40:06 - chaos - INFO - 获取 Pod dupf-upu-dupf04-12-56b5ddb4fb-2j4rs 的 pause 容器 ID
2026-05-08 16:40:06 - chaos - INFO - 获取 Pod dupf-upu-dupf04-12-56b5ddb4fb-2j4rs 所在的节点，namespace: ns-dupf
2026-05-08 16:40:06 - chaos - INFO - Pod dupf-upu-dupf04-12-56b5ddb4fb-2j4rs 运行在节点 dupf04
2026-05-08 16:40:06 - chaos - INFO - Pod dupf-upu-dupf04-12-56b5ddb4fb-2j4rs 运行在节点 dupf04
2026-05-08 16:40:06 - chaos - INFO - 找到节点 dupf04 对应的环境: 4_ssh_remote
2026-05-08 16:40:06 - chaos - INFO - 解析后的 pause 容器 ID: c3819a29fa54
2026-05-08 16:40:06 - chaos - INFO - 获取容器的 PID
2026-05-08 16:40:06 - chaos - INFO - 容器 ID: c3819a29fa54
2026-05-08 16:40:07 - chaos - INFO - 提取的容器 PID: 56483
2026-05-08 16:40:07 - chaos - INFO - 恢复网络故障：loss_dupf-upu-dupf04-12-56b5ddb4fb-2j4rs_ns-dupf_1778229366
2026-05-08 16:40:07 - chaos - INFO - [DEBUG] 故障清理成功: loss_dupf-upu-dupf04-12-56b5ddb4fb-2j4rs_ns-dupf_1778229366
2026-05-08 16:40:07 - chaos - INFO - 标记故障已恢复：loss_dupf-upu-dupf04-12-56b5ddb4fb-2j4rs_ns-dupf_1778229366
2026-05-08 16:40:07 - chaos - INFO - 任务执行成功: UPU 网络丢包 (耗时: 241.33s)
2026-05-08 16:40:07 - chaos - INFO - 
================================================================================
                           Workflow Execution Report                            
================================================================================
Workflow ID    : upu_serial_network_loss_001
Workflow Name  : UPU 串行网络丢包工作流
Status         : SUCCESS
Start Time     : 2026-05-08 16:35:55
End Time       : 2026-05-08 16:40:07
Total Duration : 251.36s
Success Rate   : 100.00%
================================================================================

Task Results:
--------------------------------------------------------------------------------
  [SUCCESS ] UPU 网络丢包                       Duration: 241.33s  Group: N/A

================================================================================
Summary Statistics
================================================================================
Total Tasks    : 1
Success        : 1
Failed         : 0
Timeout        : 0
Skipped        : 0
================================================================================
2026-05-08 16:40:07 - chaos - INFO - ============================================================
2026-05-08 16:40:07 - chaos - INFO - 执行 workflow 级别的 auto_clear
2026-05-08 16:40:07 - chaos - INFO - ============================================================
2026-05-08 16:40:07 - chaos - INFO - 需要清理的环境: 1_ssh_remote
2026-05-08 16:40:07 - chaos - INFO - 清理环境 1_ssh_remote 的网络故障...
2026-05-08 16:40:07 - chaos - INFO - 获取 Pod 列表，namespace: ns-dupf, nodename: dupf01
2026-05-08 16:40:07 - chaos - INFO - 找到 15 个 Pod
2026-05-08 16:40:07 - chaos - INFO - 找到 15 个 pod
2026-05-08 16:40:07 - chaos - INFO - 清除 Pod dupf-ddb-shd-0-2 的网络故障
2026-05-08 16:40:07 - chaos - INFO - 命名空间: ns-dupf, 网络设备: eth0
2026-05-08 16:40:07 - chaos - INFO - 获取 Pod dupf-ddb-shd-0-2 的 pause 容器 ID
2026-05-08 16:40:07 - chaos - INFO - 解析后的 pause 容器 ID: 11b9bcfdcc7d
2026-05-08 16:40:07 - chaos - INFO - 获取容器的 PID
2026-05-08 16:40:07 - chaos - INFO - 容器 ID: 11b9bcfdcc7d
2026-05-08 16:40:07 - chaos - INFO - 提取的容器 PID: 56490
2026-05-08 16:40:07 - chaos - INFO - Pod dupf-ddb-shd-0-2 的网络故障清除成功
2026-05-08 16:40:07 - chaos - INFO - 清除 Pod dupf-ddb-shd-2-0 的网络故障
2026-05-08 16:40:07 - chaos - INFO - 命名空间: ns-dupf, 网络设备: eth0
2026-05-08 16:40:07 - chaos - INFO - 获取 Pod dupf-ddb-shd-2-0 的 pause 容器 ID
2026-05-08 16:40:07 - chaos - INFO - 解析后的 pause 容器 ID: eb6741339149
2026-05-08 16:40:07 - chaos - INFO - 获取容器的 PID
2026-05-08 16:40:07 - chaos - INFO - 容器 ID: eb6741339149
2026-05-08 16:40:08 - chaos - INFO - 提取的容器 PID: 60135
2026-05-08 16:40:08 - chaos - INFO - Pod dupf-ddb-shd-2-0 的网络故障清除成功
2026-05-08 16:40:08 - chaos - INFO - 清除 Pod dupf-etcd-2 的网络故障
2026-05-08 16:40:08 - chaos - INFO - 命名空间: ns-dupf, 网络设备: eth0
2026-05-08 16:40:08 - chaos - INFO - 获取 Pod dupf-etcd-2 的 pause 容器 ID
2026-05-08 16:40:08 - chaos - INFO - 解析后的 pause 容器 ID: 3cc8373b2962
2026-05-08 16:40:08 - chaos - INFO - 获取容器的 PID
2026-05-08 16:40:08 - chaos - INFO - 容器 ID: 3cc8373b2962
2026-05-08 16:40:08 - chaos - INFO - 提取的容器 PID: 52344
2026-05-08 16:40:08 - chaos - INFO - Pod dupf-etcd-2 的网络故障清除成功
2026-05-08 16:40:08 - chaos - INFO - 清除 Pod dupf-file-sync-cp7xf 的网络故障
2026-05-08 16:40:08 - chaos - INFO - 命名空间: ns-dupf, 网络设备: eth0
2026-05-08 16:40:08 - chaos - INFO - 获取 Pod dupf-file-sync-cp7xf 的 pause 容器 ID
2026-05-08 16:40:08 - chaos - INFO - 解析后的 pause 容器 ID: d0ea761e5e4e
2026-05-08 16:40:08 - chaos - INFO - 获取容器的 PID
2026-05-08 16:40:08 - chaos - INFO - 容器 ID: d0ea761e5e4e
2026-05-08 16:40:08 - chaos - INFO - 提取的容器 PID: 55694
2026-05-08 16:40:08 - chaos - INFO - Pod dupf-file-sync-cp7xf 的网络故障清除成功
2026-05-08 16:40:08 - chaos - INFO - 清除 Pod dupf-node-monitor-67qq8 的网络故障
2026-05-08 16:40:08 - chaos - INFO - 命名空间: ns-dupf, 网络设备: eth0
2026-05-08 16:40:08 - chaos - INFO - 获取 Pod dupf-node-monitor-67qq8 的 pause 容器 ID
2026-05-08 16:40:08 - chaos - INFO - 解析后的 pause 容器 ID: 511f0726aca2
2026-05-08 16:40:08 - chaos - INFO - 获取容器的 PID
2026-05-08 16:40:08 - chaos - INFO - 容器 ID: 511f0726aca2
2026-05-08 16:40:09 - chaos - INFO - 提取的容器 PID: 55791
2026-05-08 16:40:09 - chaos - INFO - Pod dupf-node-monitor-67qq8 的网络故障清除成功
2026-05-08 16:40:09 - chaos - INFO - 清除 Pod dupf-prometheus-7f486d9788-856l7 的网络故障
2026-05-08 16:40:09 - chaos - INFO - 命名空间: ns-dupf, 网络设备: eth0
2026-05-08 16:40:09 - chaos - INFO - 获取 Pod dupf-prometheus-7f486d9788-856l7 的 pause 容器 ID
2026-05-08 16:40:09 - chaos - INFO - 解析后的 pause 容器 ID: 64a24fc1308b
2026-05-08 16:40:09 - chaos - INFO - 获取容器的 PID
2026-05-08 16:40:09 - chaos - INFO - 容器 ID: 64a24fc1308b
2026-05-08 16:40:09 - chaos - INFO - 提取的容器 PID: 52912
2026-05-08 16:40:09 - chaos - INFO - Pod dupf-prometheus-7f486d9788-856l7 的网络故障清除成功
2026-05-08 16:40:09 - chaos - INFO - 清除 Pod dupf-registry-center-2 的网络故障
2026-05-08 16:40:09 - chaos - INFO - 命名空间: ns-dupf, 网络设备: eth0
2026-05-08 16:40:09 - chaos - INFO - 获取 Pod dupf-registry-center-2 的 pause 容器 ID
2026-05-08 16:40:09 - chaos - INFO - 解析后的 pause 容器 ID: 09cccee66afb
2026-05-08 16:40:09 - chaos - INFO - 获取容器的 PID
2026-05-08 16:40:09 - chaos - INFO - 容器 ID: 09cccee66afb
2026-05-08 16:40:09 - chaos - INFO - 提取的容器 PID: 8097
2026-05-08 16:40:09 - chaos - INFO - Pod dupf-registry-center-2 的网络故障清除成功
2026-05-08 16:40:09 - chaos - INFO - 清除 Pod dupf-sdb-1 的网络故障
2026-05-08 16:40:09 - chaos - INFO - 命名空间: ns-dupf, 网络设备: eth0
2026-05-08 16:40:09 - chaos - INFO - 获取 Pod dupf-sdb-1 的 pause 容器 ID
2026-05-08 16:40:09 - chaos - INFO - 解析后的 pause 容器 ID: c83947f725c5
2026-05-08 16:40:09 - chaos - INFO - 获取容器的 PID
2026-05-08 16:40:09 - chaos - INFO - 容器 ID: c83947f725c5
2026-05-08 16:40:09 - chaos - INFO - 提取的容器 PID: 56495
2026-05-08 16:40:10 - chaos - INFO - Pod dupf-sdb-1 的网络故障清除成功
2026-05-08 16:40:10 - chaos - INFO - 清除 Pod dupf-sdb-sentinel-2 的网络故障
2026-05-08 16:40:10 - chaos - INFO - 命名空间: ns-dupf, 网络设备: eth0
2026-05-08 16:40:10 - chaos - INFO - 获取 Pod dupf-sdb-sentinel-2 的 pause 容器 ID
2026-05-08 16:40:10 - chaos - INFO - 解析后的 pause 容器 ID: 45a2fb40f9c3
2026-05-08 16:40:10 - chaos - INFO - 获取容器的 PID
2026-05-08 16:40:10 - chaos - INFO - 容器 ID: 45a2fb40f9c3
2026-05-08 16:40:10 - chaos - INFO - 提取的容器 PID: 56485
2026-05-08 16:40:10 - chaos - INFO - Pod dupf-sdb-sentinel-2 的网络故障清除成功
2026-05-08 16:40:10 - chaos - INFO - 清除 Pod dupf-sf-mq-proxy-2 的网络故障
2026-05-08 16:40:10 - chaos - INFO - 命名空间: ns-dupf, 网络设备: eth0
2026-05-08 16:40:10 - chaos - INFO - 获取 Pod dupf-sf-mq-proxy-2 的 pause 容器 ID
2026-05-08 16:40:10 - chaos - INFO - 解析后的 pause 容器 ID: aedeffcae771
2026-05-08 16:40:10 - chaos - INFO - 获取容器的 PID
2026-05-08 16:40:10 - chaos - INFO - 容器 ID: aedeffcae771
2026-05-08 16:40:10 - chaos - INFO - 提取的容器 PID: 59302
2026-05-08 16:40:10 - chaos - INFO - Pod dupf-sf-mq-proxy-2 的网络故障清除成功
2026-05-08 16:40:10 - chaos - INFO - 清除 Pod dupf-upc-5c84ff589c-btt52 的网络故障
2026-05-08 16:40:10 - chaos - INFO - 命名空间: ns-dupf, 网络设备: eth0
2026-05-08 16:40:10 - chaos - INFO - 获取 Pod dupf-upc-5c84ff589c-btt52 的 pause 容器 ID
2026-05-08 16:40:10 - chaos - INFO - 解析后的 pause 容器 ID: 30deac2c6220
2026-05-08 16:40:10 - chaos - INFO - 获取容器的 PID
2026-05-08 16:40:10 - chaos - INFO - 容器 ID: 30deac2c6220
2026-05-08 16:40:10 - chaos - INFO - 提取的容器 PID: 53503
2026-05-08 16:40:10 - chaos - INFO - Pod dupf-upc-5c84ff589c-btt52 的网络故障清除成功
2026-05-08 16:40:10 - chaos - INFO - 清除 Pod dupf-upc-5c84ff589c-fqnf7 的网络故障
2026-05-08 16:40:10 - chaos - INFO - 命名空间: ns-dupf, 网络设备: eth0
2026-05-08 16:40:10 - chaos - INFO - 获取 Pod dupf-upc-5c84ff589c-fqnf7 的 pause 容器 ID
2026-05-08 16:40:11 - chaos - INFO - 解析后的 pause 容器 ID: 6f392aa15848
2026-05-08 16:40:11 - chaos - INFO - 获取容器的 PID
2026-05-08 16:40:11 - chaos - INFO - 容器 ID: 6f392aa15848
2026-05-08 16:40:11 - chaos - INFO - 提取的容器 PID: 53471
2026-05-08 16:40:11 - chaos - INFO - Pod dupf-upc-5c84ff589c-fqnf7 的网络故障清除成功
2026-05-08 16:40:11 - chaos - INFO - 清除 Pod dupf-upu-dupf01-1-7578c56d88-rw77b 的网络故障
2026-05-08 16:40:11 - chaos - INFO - 命名空间: ns-dupf, 网络设备: eth0
2026-05-08 16:40:11 - chaos - INFO - 获取 Pod dupf-upu-dupf01-1-7578c56d88-rw77b 的 pause 容器 ID
2026-05-08 16:40:11 - chaos - INFO - 解析后的 pause 容器 ID: 6ca30b4a8d05
2026-05-08 16:40:11 - chaos - INFO - 获取容器的 PID
2026-05-08 16:40:11 - chaos - INFO - 容器 ID: 6ca30b4a8d05
2026-05-08 16:40:11 - chaos - INFO - 提取的容器 PID: 28623
2026-05-08 16:40:11 - chaos - INFO - Pod dupf-upu-dupf01-1-7578c56d88-rw77b 的网络故障清除成功
2026-05-08 16:40:11 - chaos - INFO - 清除 Pod dupf-upu-dupf01-2-7cd9b494c-5wrzj 的网络故障
2026-05-08 16:40:11 - chaos - INFO - 命名空间: ns-dupf, 网络设备: eth0
2026-05-08 16:40:11 - chaos - INFO - 获取 Pod dupf-upu-dupf01-2-7cd9b494c-5wrzj 的 pause 容器 ID
2026-05-08 16:40:11 - chaos - INFO - 解析后的 pause 容器 ID: 045e1b477bbf
2026-05-08 16:40:11 - chaos - INFO - 获取容器的 PID
2026-05-08 16:40:11 - chaos - INFO - 容器 ID: 045e1b477bbf
2026-05-08 16:40:11 - chaos - INFO - 提取的容器 PID: 33786
2026-05-08 16:40:11 - chaos - INFO - Pod dupf-upu-dupf01-2-7cd9b494c-5wrzj 的网络故障清除成功
2026-05-08 16:40:11 - chaos - INFO - 清除 Pod dupf-upu-dupf01-3-585d949f88-x9fdd 的网络故障
2026-05-08 16:40:11 - chaos - INFO - 命名空间: ns-dupf, 网络设备: eth0
2026-05-08 16:40:11 - chaos - INFO - 获取 Pod dupf-upu-dupf01-3-585d949f88-x9fdd 的 pause 容器 ID
2026-05-08 16:40:12 - chaos - INFO - 解析后的 pause 容器 ID: df4f22e1420a
2026-05-08 16:40:12 - chaos - INFO - 获取容器的 PID
2026-05-08 16:40:12 - chaos - INFO - 容器 ID: df4f22e1420a
2026-05-08 16:40:12 - chaos - INFO - 提取的容器 PID: 54597
2026-05-08 16:40:12 - chaos - INFO - Pod dupf-upu-dupf01-3-585d949f88-x9fdd 的网络故障清除成功
2026-05-08 16:40:12 - chaos - INFO - 环境 1_ssh_remote 网络故障清除完成：成功 15, 失败 0
2026-05-08 16:40:12 - chaos - INFO - ============================================================
2026-05-08 16:40:12 - chaos - INFO - workflow 级别的 auto_clear 完成
2026-05-08 16:40:12 - chaos - INFO - ============================================================
2026-05-08 16:40:12 - chaos - INFO - 
================================================================================
2026-05-08 16:40:12 - chaos - INFO - 执行workflow: cases/upu/upu/workflow_serial_reorder_upu.yaml
2026-05-08 16:40:12 - chaos - INFO - ================================================================================
2026-05-08 16:40:12 - chaos - INFO - Successfully parsed workflow: upu_serial_network_reorder_001
2026-05-08 16:40:12 - chaos - INFO - ============================================================
2026-05-08 16:40:12 - chaos - INFO - 开始执行工作流: UPU 串行数据包重排序工作流
2026-05-08 16:40:12 - chaos - INFO - 工作流 ID: upu_serial_network_reorder_001
2026-05-08 16:40:12 - chaos - INFO - 执行模式: serial
2026-05-08 16:40:12 - chaos - INFO - ============================================================
2026-05-08 16:40:12 - chaos - INFO - 启动延迟 10.0s
2026-05-08 16:40:22 - chaos - INFO - 执行计划: 共 1 层
2026-05-08 16:40:22 - chaos - INFO - 
============================================================
2026-05-08 16:40:22 - chaos - INFO - 执行第 1/1 层，共 1 个任务
2026-05-08 16:40:22 - chaos - INFO - ============================================================
2026-05-08 16:40:22 - chaos - INFO - [DEBUG] 开始执行任务: UPU 数据包重排序 (reorder_upu)
2026-05-08 16:40:22 - chaos - INFO - [DEBUG] 任务类型: network, 故障类型: reorder
2026-05-08 16:40:22 - chaos - INFO - [DEBUG] 目标: Pod: upu
2026-05-08 16:40:22 - chaos - INFO - [DEBUG] Duration: 240s, Loop: 1
2026-05-08 16:40:22 - chaos - INFO - [DEBUG] 任务超时时间: 300.0s
2026-05-08 16:40:22 - chaos - INFO - [DEBUG] ========== 开始执行 Case ==========
2026-05-08 16:40:22 - chaos - INFO - [DEBUG] Case名称: upu_reorder
2026-05-08 16:40:22 - chaos - INFO - [DEBUG] Case类型: network
2026-05-08 16:40:22 - chaos - INFO - [DEBUG] 故障类型: reorder
2026-05-08 16:40:22 - chaos - INFO - [DEBUG] 环境: 1_ssh_remote
2026-05-08 16:40:22 - chaos - INFO - [DEBUG] 执行 Case 迭代 1/1
2026-05-08 16:40:22 - chaos - INFO - [DEBUG] 开始获取目标列表...
2026-05-08 16:40:22 - chaos.utils.remote - INFO - 连接 root@10.230.246.167:50163 不可用，需要重连
2026-05-08 16:40:22 - chaos.utils.remote - INFO - 尝试重连: root@10.230.246.167:50163
2026-05-08 16:40:22 - chaos.utils.remote - INFO - SSH连接建立成功: 10.230.246.167:50163, 耗时: 0.10s
2026-05-08 16:40:22 - chaos.utils.remote - INFO - 重连成功: root@10.230.246.167:50163
2026-05-08 16:40:22 - chaos - INFO - 根据名称匹配规则获取 Pod，pattern: upu, namespace: ns-dupf
2026-05-08 16:40:22 - chaos - INFO - 找到包含匹配的 Pod: dupf-upu-dupf01-1-7578c56d88-rw77b
2026-05-08 16:40:22 - chaos - INFO - 找到包含匹配的 Pod: dupf-upu-dupf01-2-7cd9b494c-5wrzj
2026-05-08 16:40:22 - chaos - INFO - 找到包含匹配的 Pod: dupf-upu-dupf01-3-585d949f88-x9fdd
2026-05-08 16:40:22 - chaos - INFO - 找到包含匹配的 Pod: dupf-upu-dupf02-4-6cf676c74d-vjw2p
2026-05-08 16:40:22 - chaos - INFO - 找到包含匹配的 Pod: dupf-upu-dupf02-5-59f4fcc94-xnnsm
2026-05-08 16:40:22 - chaos - INFO - 找到包含匹配的 Pod: dupf-upu-dupf02-6-958dc9889-mwfpf
2026-05-08 16:40:22 - chaos - INFO - 找到包含匹配的 Pod: dupf-upu-dupf03-7-66d56d9698-lczzs
2026-05-08 16:40:22 - chaos - INFO - 找到包含匹配的 Pod: dupf-upu-dupf03-8-c86996c4d-2m78z
2026-05-08 16:40:22 - chaos - INFO - 找到包含匹配的 Pod: dupf-upu-dupf03-9-796496f54b-t8vzm
2026-05-08 16:40:22 - chaos - INFO - 找到包含匹配的 Pod: dupf-upu-dupf04-10-d795f9b6d-jvcrm
2026-05-08 16:40:22 - chaos - INFO - 找到包含匹配的 Pod: dupf-upu-dupf04-11-ff6798bf5-9v75t
2026-05-08 16:40:22 - chaos - INFO - 找到包含匹配的 Pod: dupf-upu-dupf04-12-56b5ddb4fb-2j4rs
2026-05-08 16:40:22 - chaos - INFO - 找到 12 个匹配的 Pod
2026-05-08 16:40:22 - chaos - INFO - 随机选择 Pod: dupf-upu-dupf03-8-c86996c4d-2m78z
2026-05-08 16:40:22 - chaos - INFO - [DEBUG] 找到 1 个目标
2026-05-08 16:40:22 - chaos - INFO - [DEBUG] ---------- 处理目标 1/1 ----------
2026-05-08 16:40:22 - chaos - INFO - [DEBUG] 目标名称: dupf-upu-dupf03-8-c86996c4d-2m78z
2026-05-08 16:40:22 - chaos - INFO - [DEBUG] 目标节点: None
2026-05-08 16:40:22 - chaos - INFO - [DEBUG] 创建故障注入器...
2026-05-08 16:40:22 - chaos - INFO - [DEBUG] 准备注入故障...
2026-05-08 16:40:22 - chaos - INFO - [DEBUG] 注入参数: {'fault_type': 'reorder', 'correlation': ['30%', '90%'], 'gap': [1, 10], 'percent': ['10%', '90%']}
2026-05-08 16:40:22 - chaos - INFO - 获取 Pod dupf-upu-dupf03-8-c86996c4d-2m78z 的 pause 容器 ID
2026-05-08 16:40:22 - chaos - INFO - 获取 Pod dupf-upu-dupf03-8-c86996c4d-2m78z 所在的节点，namespace: ns-dupf
2026-05-08 16:40:23 - chaos - INFO - Pod dupf-upu-dupf03-8-c86996c4d-2m78z 运行在节点 dupf03
2026-05-08 16:40:23 - chaos - INFO - Pod dupf-upu-dupf03-8-c86996c4d-2m78z 运行在节点 dupf03
2026-05-08 16:40:23 - chaos - INFO - 找到节点 dupf03 对应的环境: 3_ssh_remote
2026-05-08 16:40:23 - chaos - INFO - 解析后的 pause 容器 ID: cdf69ecd148b
2026-05-08 16:40:23 - chaos - INFO - 获取容器的 PID
2026-05-08 16:40:23 - chaos - INFO - 容器 ID: cdf69ecd148b
2026-05-08 16:40:23 - chaos - INFO - 提取的容器 PID: 32720
2026-05-08 16:40:23 - chaos - INFO - 为 Pod dupf-upu-dupf03-8-c86996c4d-2m78z 注入网络数据包重排序
2026-05-08 16:40:23 - chaos - INFO - 重排序比例: 26%
2026-05-08 16:40:23 - chaos - INFO - 相关性: 46%
2026-05-08 16:40:23 - chaos - INFO - Gap: 9
2026-05-08 16:40:23 - chaos - INFO - tc 命令: tc qdisc add dev eth0 root netem delay 100ms reorder 26% 46% gap 9
2026-05-08 16:40:23 - chaos - INFO - 网络数据包重排序注入成功
2026-05-08 16:40:23 - chaos - INFO - [DEBUG] 故障注入成功
2026-05-08 16:40:23 - chaos - INFO - [DEBUG] 故障ID: reorder_dupf-upu-dupf03-8-c86996c4d-2m78z_ns-dupf_1778229622
2026-05-08 16:40:23 - chaos - INFO - 记录故障：reorder_dupf-upu-dupf03-8-c86996c4d-2m78z_ns-dupf_1778229622
2026-05-08 16:40:23 - chaos - INFO - [DEBUG] 开始等待 duration: 240s (240.0秒)
2026-05-08 16:44:23 - chaos - INFO - [DEBUG] duration 等待完成
2026-05-08 16:44:23 - chaos - INFO - [DEBUG] 开始清理故障: reorder_dupf-upu-dupf03-8-c86996c4d-2m78z_ns-dupf_1778229622
2026-05-08 16:44:23 - chaos - INFO - 获取 Pod dupf-upu-dupf03-8-c86996c4d-2m78z 的 pause 容器 ID
2026-05-08 16:44:23 - chaos - INFO - 获取 Pod dupf-upu-dupf03-8-c86996c4d-2m78z 所在的节点，namespace: ns-dupf
2026-05-08 16:44:23 - chaos - INFO - Pod dupf-upu-dupf03-8-c86996c4d-2m78z 运行在节点 dupf03
2026-05-08 16:44:23 - chaos - INFO - Pod dupf-upu-dupf03-8-c86996c4d-2m78z 运行在节点 dupf03
2026-05-08 16:44:23 - chaos - INFO - 找到节点 dupf03 对应的环境: 3_ssh_remote
2026-05-08 16:44:23 - chaos - INFO - 解析后的 pause 容器 ID: cdf69ecd148b
2026-05-08 16:44:23 - chaos - INFO - 获取容器的 PID
2026-05-08 16:44:23 - chaos - INFO - 容器 ID: cdf69ecd148b
2026-05-08 16:44:23 - chaos - INFO - 提取的容器 PID: 32720
2026-05-08 16:44:23 - chaos - INFO - 恢复网络故障：reorder_dupf-upu-dupf03-8-c86996c4d-2m78z_ns-dupf_1778229622
2026-05-08 16:44:23 - chaos - INFO - [DEBUG] 故障清理成功: reorder_dupf-upu-dupf03-8-c86996c4d-2m78z_ns-dupf_1778229622
2026-05-08 16:44:23 - chaos - INFO - 标记故障已恢复：reorder_dupf-upu-dupf03-8-c86996c4d-2m78z_ns-dupf_1778229622
2026-05-08 16:44:23 - chaos - INFO - 任务执行成功: UPU 数据包重排序 (耗时: 241.65s)
2026-05-08 16:44:23 - chaos - INFO - 
================================================================================
                           Workflow Execution Report                            
================================================================================
Workflow ID    : upu_serial_network_reorder_001
Workflow Name  : UPU 串行数据包重排序工作流
Status         : SUCCESS
Start Time     : 2026-05-08 16:40:12
End Time       : 2026-05-08 16:44:23
Total Duration : 251.68s
Success Rate   : 100.00%
================================================================================

Task Results:
--------------------------------------------------------------------------------
  [SUCCESS ] UPU 数据包重排序                     Duration: 241.65s  Group: N/A

================================================================================
Summary Statistics
================================================================================
Total Tasks    : 1
Success        : 1
Failed         : 0
Timeout        : 0
Skipped        : 0
================================================================================
2026-05-08 16:44:23 - chaos - INFO - ============================================================
2026-05-08 16:44:23 - chaos - INFO - 执行 workflow 级别的 auto_clear
2026-05-08 16:44:23 - chaos - INFO - ============================================================
2026-05-08 16:44:23 - chaos - INFO - 需要清理的环境: 1_ssh_remote
2026-05-08 16:44:23 - chaos - INFO - 清理环境 1_ssh_remote 的网络故障...
2026-05-08 16:44:23 - chaos - INFO - 获取 Pod 列表，namespace: ns-dupf, nodename: dupf01
2026-05-08 16:44:24 - chaos - INFO - 找到 15 个 Pod
2026-05-08 16:44:24 - chaos - INFO - 找到 15 个 pod
2026-05-08 16:44:24 - chaos - INFO - 清除 Pod dupf-ddb-shd-0-2 的网络故障
2026-05-08 16:44:24 - chaos - INFO - 命名空间: ns-dupf, 网络设备: eth0
2026-05-08 16:44:24 - chaos - INFO - 获取 Pod dupf-ddb-shd-0-2 的 pause 容器 ID
2026-05-08 16:44:24 - chaos - INFO - 解析后的 pause 容器 ID: 11b9bcfdcc7d
2026-05-08 16:44:24 - chaos - INFO - 获取容器的 PID
2026-05-08 16:44:24 - chaos - INFO - 容器 ID: 11b9bcfdcc7d
2026-05-08 16:44:24 - chaos - INFO - 提取的容器 PID: 56490
2026-05-08 16:44:24 - chaos - INFO - Pod dupf-ddb-shd-0-2 的网络故障清除成功
2026-05-08 16:44:24 - chaos - INFO - 清除 Pod dupf-ddb-shd-2-0 的网络故障
2026-05-08 16:44:24 - chaos - INFO - 命名空间: ns-dupf, 网络设备: eth0
2026-05-08 16:44:24 - chaos - INFO - 获取 Pod dupf-ddb-shd-2-0 的 pause 容器 ID
2026-05-08 16:44:24 - chaos - INFO - 解析后的 pause 容器 ID: eb6741339149
2026-05-08 16:44:24 - chaos - INFO - 获取容器的 PID
2026-05-08 16:44:24 - chaos - INFO - 容器 ID: eb6741339149
2026-05-08 16:44:24 - chaos - INFO - 提取的容器 PID: 60135
2026-05-08 16:44:24 - chaos - INFO - Pod dupf-ddb-shd-2-0 的网络故障清除成功
2026-05-08 16:44:24 - chaos - INFO - 清除 Pod dupf-etcd-2 的网络故障
2026-05-08 16:44:24 - chaos - INFO - 命名空间: ns-dupf, 网络设备: eth0
2026-05-08 16:44:24 - chaos - INFO - 获取 Pod dupf-etcd-2 的 pause 容器 ID
2026-05-08 16:44:25 - chaos - INFO - 解析后的 pause 容器 ID: 3cc8373b2962
2026-05-08 16:44:25 - chaos - INFO - 获取容器的 PID
2026-05-08 16:44:25 - chaos - INFO - 容器 ID: 3cc8373b2962
2026-05-08 16:44:25 - chaos - INFO - 提取的容器 PID: 52344
2026-05-08 16:44:25 - chaos - INFO - Pod dupf-etcd-2 的网络故障清除成功
2026-05-08 16:44:25 - chaos - INFO - 清除 Pod dupf-file-sync-cp7xf 的网络故障
2026-05-08 16:44:25 - chaos - INFO - 命名空间: ns-dupf, 网络设备: eth0
2026-05-08 16:44:25 - chaos - INFO - 获取 Pod dupf-file-sync-cp7xf 的 pause 容器 ID
2026-05-08 16:44:25 - chaos - INFO - 解析后的 pause 容器 ID: d0ea761e5e4e
2026-05-08 16:44:25 - chaos - INFO - 获取容器的 PID
2026-05-08 16:44:25 - chaos - INFO - 容器 ID: d0ea761e5e4e
2026-05-08 16:44:25 - chaos - INFO - 提取的容器 PID: 55694
2026-05-08 16:44:25 - chaos - INFO - Pod dupf-file-sync-cp7xf 的网络故障清除成功
2026-05-08 16:44:25 - chaos - INFO - 清除 Pod dupf-node-monitor-67qq8 的网络故障
2026-05-08 16:44:25 - chaos - INFO - 命名空间: ns-dupf, 网络设备: eth0
2026-05-08 16:44:25 - chaos - INFO - 获取 Pod dupf-node-monitor-67qq8 的 pause 容器 ID
2026-05-08 16:44:25 - chaos - INFO - 解析后的 pause 容器 ID: 511f0726aca2
2026-05-08 16:44:25 - chaos - INFO - 获取容器的 PID
2026-05-08 16:44:25 - chaos - INFO - 容器 ID: 511f0726aca2
2026-05-08 16:44:25 - chaos - INFO - 提取的容器 PID: 55791
2026-05-08 16:44:25 - chaos - INFO - Pod dupf-node-monitor-67qq8 的网络故障清除成功
2026-05-08 16:44:25 - chaos - INFO - 清除 Pod dupf-prometheus-7f486d9788-856l7 的网络故障
2026-05-08 16:44:25 - chaos - INFO - 命名空间: ns-dupf, 网络设备: eth0
2026-05-08 16:44:25 - chaos - INFO - 获取 Pod dupf-prometheus-7f486d9788-856l7 的 pause 容器 ID
2026-05-08 16:44:26 - chaos - INFO - 解析后的 pause 容器 ID: 64a24fc1308b
2026-05-08 16:44:26 - chaos - INFO - 获取容器的 PID
2026-05-08 16:44:26 - chaos - INFO - 容器 ID: 64a24fc1308b
2026-05-08 16:44:26 - chaos - INFO - 提取的容器 PID: 52912
2026-05-08 16:44:26 - chaos - INFO - Pod dupf-prometheus-7f486d9788-856l7 的网络故障清除成功
2026-05-08 16:44:26 - chaos - INFO - 清除 Pod dupf-registry-center-2 的网络故障
2026-05-08 16:44:26 - chaos - INFO - 命名空间: ns-dupf, 网络设备: eth0
2026-05-08 16:44:26 - chaos - INFO - 获取 Pod dupf-registry-center-2 的 pause 容器 ID
2026-05-08 16:44:26 - chaos - INFO - 解析后的 pause 容器 ID: 09cccee66afb
2026-05-08 16:44:26 - chaos - INFO - 获取容器的 PID
2026-05-08 16:44:26 - chaos - INFO - 容器 ID: 09cccee66afb
2026-05-08 16:44:26 - chaos - INFO - 提取的容器 PID: 8097
2026-05-08 16:44:26 - chaos - INFO - Pod dupf-registry-center-2 的网络故障清除成功
2026-05-08 16:44:26 - chaos - INFO - 清除 Pod dupf-sdb-1 的网络故障
2026-05-08 16:44:26 - chaos - INFO - 命名空间: ns-dupf, 网络设备: eth0
2026-05-08 16:44:26 - chaos - INFO - 获取 Pod dupf-sdb-1 的 pause 容器 ID
2026-05-08 16:44:26 - chaos - INFO - 解析后的 pause 容器 ID: c83947f725c5
2026-05-08 16:44:26 - chaos - INFO - 获取容器的 PID
2026-05-08 16:44:26 - chaos - INFO - 容器 ID: c83947f725c5
2026-05-08 16:44:26 - chaos - INFO - 提取的容器 PID: 56495
2026-05-08 16:44:26 - chaos - INFO - Pod dupf-sdb-1 的网络故障清除成功
2026-05-08 16:44:26 - chaos - INFO - 清除 Pod dupf-sdb-sentinel-2 的网络故障
2026-05-08 16:44:26 - chaos - INFO - 命名空间: ns-dupf, 网络设备: eth0
2026-05-08 16:44:26 - chaos - INFO - 获取 Pod dupf-sdb-sentinel-2 的 pause 容器 ID
2026-05-08 16:44:27 - chaos - INFO - 解析后的 pause 容器 ID: 45a2fb40f9c3
2026-05-08 16:44:27 - chaos - INFO - 获取容器的 PID
2026-05-08 16:44:27 - chaos - INFO - 容器 ID: 45a2fb40f9c3
2026-05-08 16:44:27 - chaos - INFO - 提取的容器 PID: 56485
2026-05-08 16:44:27 - chaos - INFO - Pod dupf-sdb-sentinel-2 的网络故障清除成功
2026-05-08 16:44:27 - chaos - INFO - 清除 Pod dupf-sf-mq-proxy-2 的网络故障
2026-05-08 16:44:27 - chaos - INFO - 命名空间: ns-dupf, 网络设备: eth0
2026-05-08 16:44:27 - chaos - INFO - 获取 Pod dupf-sf-mq-proxy-2 的 pause 容器 ID
2026-05-08 16:44:27 - chaos - INFO - 解析后的 pause 容器 ID: aedeffcae771
2026-05-08 16:44:27 - chaos - INFO - 获取容器的 PID
2026-05-08 16:44:27 - chaos - INFO - 容器 ID: aedeffcae771
2026-05-08 16:44:27 - chaos - INFO - 提取的容器 PID: 59302
2026-05-08 16:44:27 - chaos - INFO - Pod dupf-sf-mq-proxy-2 的网络故障清除成功
2026-05-08 16:44:27 - chaos - INFO - 清除 Pod dupf-upc-5c84ff589c-btt52 的网络故障
2026-05-08 16:44:27 - chaos - INFO - 命名空间: ns-dupf, 网络设备: eth0
2026-05-08 16:44:27 - chaos - INFO - 获取 Pod dupf-upc-5c84ff589c-btt52 的 pause 容器 ID
2026-05-08 16:44:27 - chaos - INFO - 解析后的 pause 容器 ID: 30deac2c6220
2026-05-08 16:44:27 - chaos - INFO - 获取容器的 PID
2026-05-08 16:44:27 - chaos - INFO - 容器 ID: 30deac2c6220
2026-05-08 16:44:27 - chaos - INFO - 提取的容器 PID: 53503
2026-05-08 16:44:27 - chaos - INFO - Pod dupf-upc-5c84ff589c-btt52 的网络故障清除成功
2026-05-08 16:44:27 - chaos - INFO - 清除 Pod dupf-upc-5c84ff589c-fqnf7 的网络故障
2026-05-08 16:44:27 - chaos - INFO - 命名空间: ns-dupf, 网络设备: eth0
2026-05-08 16:44:27 - chaos - INFO - 获取 Pod dupf-upc-5c84ff589c-fqnf7 的 pause 容器 ID
2026-05-08 16:44:27 - chaos - INFO - 解析后的 pause 容器 ID: 6f392aa15848
2026-05-08 16:44:27 - chaos - INFO - 获取容器的 PID
2026-05-08 16:44:27 - chaos - INFO - 容器 ID: 6f392aa15848
2026-05-08 16:44:28 - chaos - INFO - 提取的容器 PID: 53471
2026-05-08 16:44:28 - chaos - INFO - Pod dupf-upc-5c84ff589c-fqnf7 的网络故障清除成功
2026-05-08 16:44:28 - chaos - INFO - 清除 Pod dupf-upu-dupf01-1-7578c56d88-rw77b 的网络故障
2026-05-08 16:44:28 - chaos - INFO - 命名空间: ns-dupf, 网络设备: eth0
2026-05-08 16:44:28 - chaos - INFO - 获取 Pod dupf-upu-dupf01-1-7578c56d88-rw77b 的 pause 容器 ID
2026-05-08 16:44:28 - chaos - INFO - 解析后的 pause 容器 ID: 6ca30b4a8d05
2026-05-08 16:44:28 - chaos - INFO - 获取容器的 PID
2026-05-08 16:44:28 - chaos - INFO - 容器 ID: 6ca30b4a8d05
2026-05-08 16:44:28 - chaos - INFO - 提取的容器 PID: 28623
2026-05-08 16:44:28 - chaos - INFO - Pod dupf-upu-dupf01-1-7578c56d88-rw77b 的网络故障清除成功
2026-05-08 16:44:28 - chaos - INFO - 清除 Pod dupf-upu-dupf01-2-7cd9b494c-5wrzj 的网络故障
2026-05-08 16:44:28 - chaos - INFO - 命名空间: ns-dupf, 网络设备: eth0
2026-05-08 16:44:28 - chaos - INFO - 获取 Pod dupf-upu-dupf01-2-7cd9b494c-5wrzj 的 pause 容器 ID
2026-05-08 16:44:28 - chaos - INFO - 解析后的 pause 容器 ID: 045e1b477bbf
2026-05-08 16:44:28 - chaos - INFO - 获取容器的 PID
2026-05-08 16:44:28 - chaos - INFO - 容器 ID: 045e1b477bbf
2026-05-08 16:44:28 - chaos - INFO - 提取的容器 PID: 33786
2026-05-08 16:44:28 - chaos - INFO - Pod dupf-upu-dupf01-2-7cd9b494c-5wrzj 的网络故障清除成功
2026-05-08 16:44:28 - chaos - INFO - 清除 Pod dupf-upu-dupf01-3-585d949f88-x9fdd 的网络故障
2026-05-08 16:44:28 - chaos - INFO - 命名空间: ns-dupf, 网络设备: eth0
2026-05-08 16:44:28 - chaos - INFO - 获取 Pod dupf-upu-dupf01-3-585d949f88-x9fdd 的 pause 容器 ID
2026-05-08 16:44:28 - chaos - INFO - 解析后的 pause 容器 ID: df4f22e1420a
2026-05-08 16:44:28 - chaos - INFO - 获取容器的 PID
2026-05-08 16:44:28 - chaos - INFO - 容器 ID: df4f22e1420a
2026-05-08 16:44:29 - chaos - INFO - 提取的容器 PID: 54597
2026-05-08 16:44:29 - chaos - INFO - Pod dupf-upu-dupf01-3-585d949f88-x9fdd 的网络故障清除成功
2026-05-08 16:44:29 - chaos - INFO - 环境 1_ssh_remote 网络故障清除完成：成功 15, 失败 0
2026-05-08 16:44:29 - chaos - INFO - ============================================================
2026-05-08 16:44:29 - chaos - INFO - workflow 级别的 auto_clear 完成
2026-05-08 16:44:29 - chaos - INFO - ============================================================
2026-05-08 16:44:29 - chaos - INFO - 
================================================================================
2026-05-08 16:44:29 - chaos - INFO - 执行workflow: cases/upu/upu/workflow_serial_stop_upu.yaml
2026-05-08 16:44:29 - chaos - INFO - ================================================================================
2026-05-08 16:44:29 - chaos - INFO - Successfully parsed workflow: upu_serial_pod_stop_001
2026-05-08 16:44:29 - chaos - INFO - ============================================================
2026-05-08 16:44:29 - chaos - INFO - 开始执行工作流: UPU 串行 Pod 停止工作流
2026-05-08 16:44:29 - chaos - INFO - 工作流 ID: upu_serial_pod_stop_001
2026-05-08 16:44:29 - chaos - INFO - 执行模式: serial
2026-05-08 16:44:29 - chaos - INFO - ============================================================
2026-05-08 16:44:29 - chaos - INFO - 启动延迟 10.0s
2026-05-08 16:44:39 - chaos - INFO - 执行计划: 共 1 层
2026-05-08 16:44:39 - chaos - INFO - 
============================================================
2026-05-08 16:44:39 - chaos - INFO - 执行第 1/1 层，共 1 个任务
2026-05-08 16:44:39 - chaos - INFO - ============================================================
2026-05-08 16:44:39 - chaos - INFO - [DEBUG] 开始执行任务: UPU Pod 停止 (stop_upu)
2026-05-08 16:44:39 - chaos - INFO - [DEBUG] 任务类型: pod, 故障类型: stop
2026-05-08 16:44:39 - chaos - INFO - [DEBUG] 目标: Pod: upu
2026-05-08 16:44:39 - chaos - INFO - [DEBUG] Duration: 240s, Loop: 1
2026-05-08 16:44:39 - chaos - INFO - [DEBUG] 任务超时时间: 300.0s
2026-05-08 16:44:39 - chaos - INFO - [DEBUG] ========== 开始执行 Case ==========
2026-05-08 16:44:39 - chaos - INFO - [DEBUG] Case名称: upu_stop
2026-05-08 16:44:39 - chaos - INFO - [DEBUG] Case类型: pod
2026-05-08 16:44:39 - chaos - INFO - [DEBUG] 故障类型: stop
2026-05-08 16:44:39 - chaos - INFO - [DEBUG] 环境: 1_ssh_remote
2026-05-08 16:44:39 - chaos - INFO - [DEBUG] 执行 Case 迭代 1/1
2026-05-08 16:44:39 - chaos - INFO - [DEBUG] 开始获取目标列表...
2026-05-08 16:44:39 - chaos.utils.remote - INFO - 连接 root@10.230.246.167:50163 不可用，需要重连
2026-05-08 16:44:39 - chaos.utils.remote - INFO - 尝试重连: root@10.230.246.167:50163
2026-05-08 16:44:39 - chaos.utils.remote - INFO - SSH连接建立成功: 10.230.246.167:50163, 耗时: 0.10s
2026-05-08 16:44:39 - chaos.utils.remote - INFO - 重连成功: root@10.230.246.167:50163
2026-05-08 16:44:39 - chaos - INFO - 根据名称匹配规则获取 Pod，pattern: upu, namespace: ns-dupf
2026-05-08 16:44:39 - chaos - INFO - 找到包含匹配的 Pod: dupf-upu-dupf01-1-7578c56d88-rw77b
2026-05-08 16:44:39 - chaos - INFO - 找到包含匹配的 Pod: dupf-upu-dupf01-2-7cd9b494c-5wrzj
2026-05-08 16:44:39 - chaos - INFO - 找到包含匹配的 Pod: dupf-upu-dupf01-3-585d949f88-x9fdd
2026-05-08 16:44:39 - chaos - INFO - 找到包含匹配的 Pod: dupf-upu-dupf02-4-6cf676c74d-vjw2p
2026-05-08 16:44:39 - chaos - INFO - 找到包含匹配的 Pod: dupf-upu-dupf02-5-59f4fcc94-xnnsm
2026-05-08 16:44:39 - chaos - INFO - 找到包含匹配的 Pod: dupf-upu-dupf02-6-958dc9889-mwfpf
2026-05-08 16:44:39 - chaos - INFO - 找到包含匹配的 Pod: dupf-upu-dupf03-7-66d56d9698-lczzs
2026-05-08 16:44:39 - chaos - INFO - 找到包含匹配的 Pod: dupf-upu-dupf03-8-c86996c4d-2m78z
2026-05-08 16:44:39 - chaos - INFO - 找到包含匹配的 Pod: dupf-upu-dupf03-9-796496f54b-t8vzm
2026-05-08 16:44:39 - chaos - INFO - 找到包含匹配的 Pod: dupf-upu-dupf04-10-d795f9b6d-jvcrm
2026-05-08 16:44:39 - chaos - INFO - 找到包含匹配的 Pod: dupf-upu-dupf04-11-ff6798bf5-9v75t
2026-05-08 16:44:39 - chaos - INFO - 找到包含匹配的 Pod: dupf-upu-dupf04-12-56b5ddb4fb-2j4rs
2026-05-08 16:44:39 - chaos - INFO - 找到 12 个匹配的 Pod
2026-05-08 16:44:39 - chaos - INFO - 随机选择 Pod: dupf-upu-dupf04-10-d795f9b6d-jvcrm
2026-05-08 16:44:39 - chaos - INFO - [DEBUG] 找到 1 个目标
2026-05-08 16:44:39 - chaos - INFO - [DEBUG] ---------- 处理目标 1/1 ----------
2026-05-08 16:44:39 - chaos - INFO - [DEBUG] 目标名称: dupf-upu-dupf04-10-d795f9b6d-jvcrm
2026-05-08 16:44:39 - chaos - INFO - [DEBUG] 目标节点: None
2026-05-08 16:44:39 - chaos - INFO - [DEBUG] 创建故障注入器...
2026-05-08 16:44:39 - chaos - INFO - [DEBUG] 准备注入故障...
2026-05-08 16:44:39 - chaos - INFO - [DEBUG] 注入参数: {'fault_type': 'stop'}
2026-05-08 16:44:39 - chaos - INFO - 获取 Pod dupf-upu-dupf04-10-d795f9b6d-jvcrm 所在的节点名称
2026-05-08 16:44:39 - chaos - INFO - Pod dupf-upu-dupf04-10-d795f9b6d-jvcrm 所在的节点: dupf04
2026-05-08 16:44:39 - chaos - INFO - 找到匹配的环境: 4_ssh_remote
2026-05-08 16:44:39 - chaos - INFO - 获取 Pod dupf-upu-dupf04-10-d795f9b6d-jvcrm 的容器 ID
2026-05-08 16:44:40 - chaos - INFO - 容器 ID: 01aa7fba5e78c0375c64e9d57400d1ab6fca868dd66b1f29a61e8e8b23cd0485
2026-05-08 16:44:40 - chaos - INFO - 停止容器 01aa7fba5e78c0375c64e9d57400d1ab6fca868dd66b1f29a61e8e8b23cd0485
2026-05-08 16:44:46 - chaos - INFO - 容器 01aa7fba5e78c0375c64e9d57400d1ab6fca868dd66b1f29a61e8e8b23cd0485 停止成功
2026-05-08 16:44:46 - chaos - INFO - [DEBUG] 故障注入成功
2026-05-08 16:44:46 - chaos - INFO - [DEBUG] 故障ID: stop_dupf-upu-dupf04-10-d795f9b6d-jvcrm_ns-dupf_1778229879
2026-05-08 16:44:46 - chaos - INFO - 记录故障：stop_dupf-upu-dupf04-10-d795f9b6d-jvcrm_ns-dupf_1778229879
2026-05-08 16:44:46 - chaos - INFO - [DEBUG] 开始等待 duration: 240s (240.0秒)
2026-05-08 16:48:46 - chaos - INFO - [DEBUG] duration 等待完成
2026-05-08 16:48:46 - chaos - INFO - [DEBUG] 开始清理故障: stop_dupf-upu-dupf04-10-d795f9b6d-jvcrm_ns-dupf_1778229879
2026-05-08 16:48:46 - chaos - INFO - 恢复停止的容器，故障 ID: stop_dupf-upu-dupf04-10-d795f9b6d-jvcrm_ns-dupf_1778229879
2026-05-08 16:48:46 - chaos - INFO - 启动容器 01aa7fba5e78c0375c64e9d57400d1ab6fca868dd66b1f29a61e8e8b23cd0485 (Pod: dupf-upu-dupf04-10-d795f9b6d-jvcrm)
2026-05-08 16:48:47 - chaos - INFO - 容器 01aa7fba5e78c0375c64e9d57400d1ab6fca868dd66b1f29a61e8e8b23cd0485 启动成功
2026-05-08 16:48:47 - chaos - INFO - [DEBUG] 故障清理成功: stop_dupf-upu-dupf04-10-d795f9b6d-jvcrm_ns-dupf_1778229879
2026-05-08 16:48:47 - chaos - INFO - 标记故障已恢复：stop_dupf-upu-dupf04-10-d795f9b6d-jvcrm_ns-dupf_1778229879
2026-05-08 16:48:47 - chaos - INFO - 任务执行成功: UPU Pod 停止 (耗时: 248.18s)
2026-05-08 16:48:47 - chaos - INFO - 
================================================================================
                           Workflow Execution Report                            
================================================================================
Workflow ID    : upu_serial_pod_stop_001
Workflow Name  : UPU 串行 Pod 停止工作流
Status         : SUCCESS
Start Time     : 2026-05-08 16:44:29
End Time       : 2026-05-08 16:48:47
Total Duration : 258.20s
Success Rate   : 100.00%
================================================================================

Task Results:
--------------------------------------------------------------------------------
  [SUCCESS ] UPU Pod 停止                     Duration: 248.18s  Group: N/A

================================================================================
Summary Statistics
================================================================================
Total Tasks    : 1
Success        : 1
Failed         : 0
Timeout        : 0
Skipped        : 0
================================================================================
